Residue_Index,Residue,Amide_N_Shift
1,M,nan
2,A,nan
3,H,119.621
4,H,nan
5,H,nan
6,H,nan
7,H,nan
8,H,nan
9,V,121.716
10,D,123.718
11,D,120.692
12,D,120.722
13,D,120.459
14,K,120.342
15,M,119.13
16,T,114.763
17,Y,121.715
18,V,121.653
19,R,124.17
20,A,125.075
21,I,121.693
22,P,nan
23,V,119.954
24,S,nan
25,N,nan
26,T,119.896
27,K,nan
28,S,nan
29,I,nan
30,A,126.999
31,G,107.803
32,M,119.843
33,R,121.413
34,E,121.883
35,E,121.063
36,N,119.132
37,L,121.917
38,N,118.196
39,Y,119.617
40,I,120.739
41,F,121.974
42,N,nan
43,T,nan
44,S,nan
45,L,122.686
46,F,118.688
47,G,109.643
48,V,118.615
49,Y,123.869
50,V,125.142
51,P,nan
52,A,123.531
53,D,117.971
54,L,121.673
55,N,119.226
56,E,121.066
57,D,119.774
58,N,117.882
59,V,120.046
60,K,125.542
61,Q,121.146
62,S,117.574
63,M,nan
64,L,121.488
65,N,nan
66,V,111.969
67,T,115.416
68,L,128.929
69,V,124.931
70,G,103.799
71,I,120.379
72,L,129.241
73,F,124.022
74,A,128.465
75,D,118.999
76,K,117.423
77,I,125.876
78,E,121.623
79,E,119.441
80,S,116.315
81,Q,118.678
82,V,116.842
83,I,125.644
84,I,127.419
85,R,130.167
86,S,123.388
87,A,nan
88,S,nan
89,G,110.197
90,E,121.043
91,E,126.452
92,K,123.452
93,T,114.32
94,Y,122.642
95,N,119.054
96,V,119.818
97,G,116.322
98,D,120.396
99,K,119.032
100,I,118.102
101,P,nan
102,G,nan
103,G,107.066
104,A,121.736
105,T,115.179
106,I,124.363
107,K,129.76
108,R,116.415
109,I,126.4
110,M,126.196
111,P,nan
112,G,101.34
113,G,108.043
114,V,113.086
115,L,123.85
116,V,118.813
117,E,122.288
118,R,127.53
119,D,nan
120,G,104.448
121,T,117.057
122,L,126.305
123,E,121.211
124,S,115.332
125,L,124.126
126,S,117.274
127,L,124.467
128,P,nan
129,K,121.283
130,N,nan
131,D,120.452
132,L,121.805
133,T,114.303
134,F,122.085
135,E,124.119
136,P,nan
137,V,120.006
138,A,127.887
139,K,121.886
140,P,nan
141,L,122.542
142,K,122.513
143,E,123.667
144,E,127.062
