h_shift,res_index,dx_n_1,dy_n_1,dz_n_1,metric_n_1,dx_n_2,dy_n_2,dz_n_2,metric_n_2,dx_n_3,dy_n_3,dz_n_3,metric_n_3,dx_n_4,dy_n_4,dz_n_4,metric_n_4,dx_n_5,dy_n_5,dz_n_5,metric_n_5,dx_n_6,dy_n_6,dz_n_6,metric_n_6,dx_n_7,dy_n_7,dz_n_7,metric_n_7,dx_n_8,dy_n_8,dz_n_8,metric_n_8,dx_n_9,dy_n_9,dz_n_9,metric_n_9,dx_n_10,dy_n_10,dz_n_10,metric_n_10,dx_n_11,dy_n_11,dz_n_11,metric_n_11,dx_n_12,dy_n_12,dz_n_12,metric_n_12,dx_n_13,dy_n_13,dz_n_13,metric_n_13,dx_n_14,dy_n_14,dz_n_14,metric_n_14,dx_n_15,dy_n_15,dz_n_15,metric_n_15,dx_n_16,dy_n_16,dz_n_16,metric_n_16,dx_n_17,dy_n_17,dz_n_17,metric_n_17,dx_n_18,dy_n_18,dz_n_18,metric_n_18,dx_n_19,dy_n_19,dz_n_19,metric_n_19,dx_n_20,dy_n_20,dz_n_20,metric_n_20,dx_n_21,dy_n_21,dz_n_21,metric_n_21,dx_n_22,dy_n_22,dz_n_22,metric_n_22,dx_n_23,dy_n_23,dz_n_23,metric_n_23,dx_n_24,dy_n_24,dz_n_24,metric_n_24,dx_n_25,dy_n_25,dz_n_25,metric_n_25,is_H_n_1,is_C_n_1,is_N_n_1,is_O_n_1,is_S_n_1,is_ALA_n_1,is_ARG_n_1,is_ASN_n_1,is_ASP_n_1,is_CYS_n_1,is_GLN_n_1,is_GLU_n_1,is_GLY_n_1,is_HIS_n_1,is_ILE_n_1,is_LEU_n_1,is_LYS_n_1,is_MET_n_1,is_PHE_n_1,is_PRO_n_1,is_SER_n_1,is_THR_n_1,is_TRP_n_1,is_TYR_n_1,is_VAL_n_1,is_H_n_2,is_C_n_2,is_N_n_2,is_O_n_2,is_S_n_2,is_ALA_n_2,is_ARG_n_2,is_ASN_n_2,is_ASP_n_2,is_CYS_n_2,is_GLN_n_2,is_GLU_n_2,is_GLY_n_2,is_HIS_n_2,is_ILE_n_2,is_LEU_n_2,is_LYS_n_2,is_MET_n_2,is_PHE_n_2,is_PRO_n_2,is_SER_n_2,is_THR_n_2,is_TRP_n_2,is_TYR_n_2,is_VAL_n_2,is_H_n_3,is_C_n_3,is_N_n_3,is_O_n_3,is_S_n_3,is_ALA_n_3,is_ARG_n_3,is_ASN_n_3,is_ASP_n_3,is_CYS_n_3,is_GLN_n_3,is_GLU_n_3,is_GLY_n_3,is_HIS_n_3,is_ILE_n_3,is_LEU_n_3,is_LYS_n_3,is_MET_n_3,is_PHE_n_3,is_PRO_n_3,is_SER_n_3,is_THR_n_3,is_TRP_n_3,is_TYR_n_3,is_VAL_n_3,is_H_n_4,is_C_n_4,is_N_n_4,is_O_n_4,is_S_n_4,is_ALA_n_4,is_ARG_n_4,is_ASN_n_4,is_ASP_n_4,is_CYS_n_4,is_GLN_n_4,is_GLU_n_4,is_GLY_n_4,is_HIS_n_4,is_ILE_n_4,is_LEU_n_4,is_LYS_n_4,is_MET_n_4,is_PHE_n_4,is_PRO_n_4,is_SER_n_4,is_THR_n_4,is_TRP_n_4,is_TYR_n_4,is_VAL_n_4,is_H_n_5,is_C_n_5,is_N_n_5,is_O_n_5,is_S_n_5,is_ALA_n_5,is_ARG_n_5,is_ASN_n_5,is_ASP_n_5,is_CYS_n_5,is_GLN_n_5,is_GLU_n_5,is_GLY_n_5,is_HIS_n_5,is_ILE_n_5,is_LEU_n_5,is_LYS_n_5,is_MET_n_5,is_PHE_n_5,is_PRO_n_5,is_SER_n_5,is_THR_n_5,is_TRP_n_5,is_TYR_n_5,is_VAL_n_5,is_H_n_6,is_C_n_6,is_N_n_6,is_O_n_6,is_S_n_6,is_ALA_n_6,is_ARG_n_6,is_ASN_n_6,is_ASP_n_6,is_CYS_n_6,is_GLN_n_6,is_GLU_n_6,is_GLY_n_6,is_HIS_n_6,is_ILE_n_6,is_LEU_n_6,is_LYS_n_6,is_MET_n_6,is_PHE_n_6,is_PRO_n_6,is_SER_n_6,is_THR_n_6,is_TRP_n_6,is_TYR_n_6,is_VAL_n_6,is_H_n_7,is_C_n_7,is_N_n_7,is_O_n_7,is_S_n_7,is_ALA_n_7,is_ARG_n_7,is_ASN_n_7,is_ASP_n_7,is_CYS_n_7,is_GLN_n_7,is_GLU_n_7,is_GLY_n_7,is_HIS_n_7,is_ILE_n_7,is_LEU_n_7,is_LYS_n_7,is_MET_n_7,is_PHE_n_7,is_PRO_n_7,is_SER_n_7,is_THR_n_7,is_TRP_n_7,is_TYR_n_7,is_VAL_n_7,is_H_n_8,is_C_n_8,is_N_n_8,is_O_n_8,is_S_n_8,is_ALA_n_8,is_ARG_n_8,is_ASN_n_8,is_ASP_n_8,is_CYS_n_8,is_GLN_n_8,is_GLU_n_8,is_GLY_n_8,is_HIS_n_8,is_ILE_n_8,is_LEU_n_8,is_LYS_n_8,is_MET_n_8,is_PHE_n_8,is_PRO_n_8,is_SER_n_8,is_THR_n_8,is_TRP_n_8,is_TYR_n_8,is_VAL_n_8,is_H_n_9,is_C_n_9,is_N_n_9,is_O_n_9,is_S_n_9,is_ALA_n_9,is_ARG_n_9,is_ASN_n_9,is_ASP_n_9,is_CYS_n_9,is_GLN_n_9,is_GLU_n_9,is_GLY_n_9,is_HIS_n_9,is_ILE_n_9,is_LEU_n_9,is_LYS_n_9,is_MET_n_9,is_PHE_n_9,is_PRO_n_9,is_SER_n_9,is_THR_n_9,is_TRP_n_9,is_TYR_n_9,is_VAL_n_9,is_H_n_10,is_C_n_10,is_N_n_10,is_O_n_10,is_S_n_10,is_ALA_n_10,is_ARG_n_10,is_ASN_n_10,is_ASP_n_10,is_CYS_n_10,is_GLN_n_10,is_GLU_n_10,is_GLY_n_10,is_HIS_n_10,is_ILE_n_10,is_LEU_n_10,is_LYS_n_10,is_MET_n_10,is_PHE_n_10,is_PRO_n_10,is_SER_n_10,is_THR_n_10,is_TRP_n_10,is_TYR_n_10,is_VAL_n_10,is_H_n_11,is_C_n_11,is_N_n_11,is_O_n_11,is_S_n_11,is_ALA_n_11,is_ARG_n_11,is_ASN_n_11,is_ASP_n_11,is_CYS_n_11,is_GLN_n_11,is_GLU_n_11,is_GLY_n_11,is_HIS_n_11,is_ILE_n_11,is_LEU_n_11,is_LYS_n_11,is_MET_n_11,is_PHE_n_11,is_PRO_n_11,is_SER_n_11,is_THR_n_11,is_TRP_n_11,is_TYR_n_11,is_VAL_n_11,is_H_n_12,is_C_n_12,is_N_n_12,is_O_n_12,is_S_n_12,is_ALA_n_12,is_ARG_n_12,is_ASN_n_12,is_ASP_n_12,is_CYS_n_12,is_GLN_n_12,is_GLU_n_12,is_GLY_n_12,is_HIS_n_12,is_ILE_n_12,is_LEU_n_12,is_LYS_n_12,is_MET_n_12,is_PHE_n_12,is_PRO_n_12,is_SER_n_12,is_THR_n_12,is_TRP_n_12,is_TYR_n_12,is_VAL_n_12,is_H_n_13,is_C_n_13,is_N_n_13,is_O_n_13,is_S_n_13,is_ALA_n_13,is_ARG_n_13,is_ASN_n_13,is_ASP_n_13,is_CYS_n_13,is_GLN_n_13,is_GLU_n_13,is_GLY_n_13,is_HIS_n_13,is_ILE_n_13,is_LEU_n_13,is_LYS_n_13,is_MET_n_13,is_PHE_n_13,is_PRO_n_13,is_SER_n_13,is_THR_n_13,is_TRP_n_13,is_TYR_n_13,is_VAL_n_13,is_H_n_14,is_C_n_14,is_N_n_14,is_O_n_14,is_S_n_14,is_ALA_n_14,is_ARG_n_14,is_ASN_n_14,is_ASP_n_14,is_CYS_n_14,is_GLN_n_14,is_GLU_n_14,is_GLY_n_14,is_HIS_n_14,is_ILE_n_14,is_LEU_n_14,is_LYS_n_14,is_MET_n_14,is_PHE_n_14,is_PRO_n_14,is_SER_n_14,is_THR_n_14,is_TRP_n_14,is_TYR_n_14,is_VAL_n_14,is_H_n_15,is_C_n_15,is_N_n_15,is_O_n_15,is_S_n_15,is_ALA_n_15,is_ARG_n_15,is_ASN_n_15,is_ASP_n_15,is_CYS_n_15,is_GLN_n_15,is_GLU_n_15,is_GLY_n_15,is_HIS_n_15,is_ILE_n_15,is_LEU_n_15,is_LYS_n_15,is_MET_n_15,is_PHE_n_15,is_PRO_n_15,is_SER_n_15,is_THR_n_15,is_TRP_n_15,is_TYR_n_15,is_VAL_n_15,is_H_n_16,is_C_n_16,is_N_n_16,is_O_n_16,is_S_n_16,is_ALA_n_16,is_ARG_n_16,is_ASN_n_16,is_ASP_n_16,is_CYS_n_16,is_GLN_n_16,is_GLU_n_16,is_GLY_n_16,is_HIS_n_16,is_ILE_n_16,is_LEU_n_16,is_LYS_n_16,is_MET_n_16,is_PHE_n_16,is_PRO_n_16,is_SER_n_16,is_THR_n_16,is_TRP_n_16,is_TYR_n_16,is_VAL_n_16,is_H_n_17,is_C_n_17,is_N_n_17,is_O_n_17,is_S_n_17,is_ALA_n_17,is_ARG_n_17,is_ASN_n_17,is_ASP_n_17,is_CYS_n_17,is_GLN_n_17,is_GLU_n_17,is_GLY_n_17,is_HIS_n_17,is_ILE_n_17,is_LEU_n_17,is_LYS_n_17,is_MET_n_17,is_PHE_n_17,is_PRO_n_17,is_SER_n_17,is_THR_n_17,is_TRP_n_17,is_TYR_n_17,is_VAL_n_17,is_H_n_18,is_C_n_18,is_N_n_18,is_O_n_18,is_S_n_18,is_ALA_n_18,is_ARG_n_18,is_ASN_n_18,is_ASP_n_18,is_CYS_n_18,is_GLN_n_18,is_GLU_n_18,is_GLY_n_18,is_HIS_n_18,is_ILE_n_18,is_LEU_n_18,is_LYS_n_18,is_MET_n_18,is_PHE_n_18,is_PRO_n_18,is_SER_n_18,is_THR_n_18,is_TRP_n_18,is_TYR_n_18,is_VAL_n_18,is_H_n_19,is_C_n_19,is_N_n_19,is_O_n_19,is_S_n_19,is_ALA_n_19,is_ARG_n_19,is_ASN_n_19,is_ASP_n_19,is_CYS_n_19,is_GLN_n_19,is_GLU_n_19,is_GLY_n_19,is_HIS_n_19,is_ILE_n_19,is_LEU_n_19,is_LYS_n_19,is_MET_n_19,is_PHE_n_19,is_PRO_n_19,is_SER_n_19,is_THR_n_19,is_TRP_n_19,is_TYR_n_19,is_VAL_n_19,is_H_n_20,is_C_n_20,is_N_n_20,is_O_n_20,is_S_n_20,is_ALA_n_20,is_ARG_n_20,is_ASN_n_20,is_ASP_n_20,is_CYS_n_20,is_GLN_n_20,is_GLU_n_20,is_GLY_n_20,is_HIS_n_20,is_ILE_n_20,is_LEU_n_20,is_LYS_n_20,is_MET_n_20,is_PHE_n_20,is_PRO_n_20,is_SER_n_20,is_THR_n_20,is_TRP_n_20,is_TYR_n_20,is_VAL_n_20,is_H_n_21,is_C_n_21,is_N_n_21,is_O_n_21,is_S_n_21,is_ALA_n_21,is_ARG_n_21,is_ASN_n_21,is_ASP_n_21,is_CYS_n_21,is_GLN_n_21,is_GLU_n_21,is_GLY_n_21,is_HIS_n_21,is_ILE_n_21,is_LEU_n_21,is_LYS_n_21,is_MET_n_21,is_PHE_n_21,is_PRO_n_21,is_SER_n_21,is_THR_n_21,is_TRP_n_21,is_TYR_n_21,is_VAL_n_21,is_H_n_22,is_C_n_22,is_N_n_22,is_O_n_22,is_S_n_22,is_ALA_n_22,is_ARG_n_22,is_ASN_n_22,is_ASP_n_22,is_CYS_n_22,is_GLN_n_22,is_GLU_n_22,is_GLY_n_22,is_HIS_n_22,is_ILE_n_22,is_LEU_n_22,is_LYS_n_22,is_MET_n_22,is_PHE_n_22,is_PRO_n_22,is_SER_n_22,is_THR_n_22,is_TRP_n_22,is_TYR_n_22,is_VAL_n_22,is_H_n_23,is_C_n_23,is_N_n_23,is_O_n_23,is_S_n_23,is_ALA_n_23,is_ARG_n_23,is_ASN_n_23,is_ASP_n_23,is_CYS_n_23,is_GLN_n_23,is_GLU_n_23,is_GLY_n_23,is_HIS_n_23,is_ILE_n_23,is_LEU_n_23,is_LYS_n_23,is_MET_n_23,is_PHE_n_23,is_PRO_n_23,is_SER_n_23,is_THR_n_23,is_TRP_n_23,is_TYR_n_23,is_VAL_n_23,is_H_n_24,is_C_n_24,is_N_n_24,is_O_n_24,is_S_n_24,is_ALA_n_24,is_ARG_n_24,is_ASN_n_24,is_ASP_n_24,is_CYS_n_24,is_GLN_n_24,is_GLU_n_24,is_GLY_n_24,is_HIS_n_24,is_ILE_n_24,is_LEU_n_24,is_LYS_n_24,is_MET_n_24,is_PHE_n_24,is_PRO_n_24,is_SER_n_24,is_THR_n_24,is_TRP_n_24,is_TYR_n_24,is_VAL_n_24,is_H_n_25,is_C_n_25,is_N_n_25,is_O_n_25,is_S_n_25,is_ALA_n_25,is_ARG_n_25,is_ASN_n_25,is_ASP_n_25,is_CYS_n_25,is_GLN_n_25,is_GLU_n_25,is_GLY_n_25,is_HIS_n_25,is_ILE_n_25,is_LEU_n_25,is_LYS_n_25,is_MET_n_25,is_PHE_n_25,is_PRO_n_25,is_SER_n_25,is_THR_n_25,is_TRP_n_25,is_TYR_n_25,is_VAL_n_25
8.94,2.0,1.0,-4.890294981340345e-18,8.756261601964213e-18,1.0106305044781436,0.7881188827869279,-0.5783560918525131,0.1576650634475151,0.546279499562794,0.8723545773710116,0.4841444889873444,2.1636933554400265e-17,0.5443577200463756,0.2610210552888147,-0.9183725637719756,0.2822287085642453,0.4830514540711114,0.0863871691100192,0.8129991943136059,-0.4104453370443293,0.4774745235131162,0.4633422042654652,0.8639973103629188,-0.1220647951816755,0.4441802253787811,-0.2653971272133609,0.7798426650832379,-0.2608469599986069,0.4382493847034201,0.0229599707173164,-0.9564217062015123,0.0777756347797069,0.4371865320300485,0.3760984570281635,-0.4995481497449687,-0.7443949615250101,0.4145309934738844,0.7866097640542938,-0.3912863966941567,0.4390004807121773,0.4021147789788043,0.1710781522067722,0.5963128584055803,-0.6471101708051699,0.3920945188906874,0.0773690376558706,-0.7449969630373817,0.6269495449763487,0.3914974632063788,0.1280154650990428,-0.9258076301987606,0.1838900329309392,0.3858346027430815,0.6714980924964696,-0.4304951535508513,-0.5670666344380605,0.372532725424953,0.7801997126899998,-0.5468026548998814,-0.2367599235756909,0.367733623103943,0.9437376163679708,0.3144692787667302,0.0023432916667928,0.3626276648072374,0.246744054496005,0.9177453826359174,0.2306185571547778,0.360207922111955,-0.3178358042877605,-0.579956387865228,0.6963568636312494,0.3426340281965102,0.395380016921845,0.4381708570092185,-0.6832190496845201,0.3398276959172267,0.07222567379233,0.8845012326100958,0.2664508456841415,0.3380971686050588,-0.5700819356819951,-0.5740687189756525,0.4844073943883106,0.336123807317805,0.4679536783432366,0.8384415623908372,-0.2566036646317539,0.3238201383259383,-0.1573123110046914,0.4691727412604566,-0.6958171593313777,0.3123531915408271,-0.0876022872998858,0.930993779687028,0.2745375094273453,0.3078300299105545,0.2114919729565675,-0.5528016237539057,0.7877044138578886,0.2417695772197436,0,0,1,0,0,0,0,0,0,0,0,0,0,0,0,0,0,0,1,0,0,0,0,0,0,0,1,0,0,0,0,0,0,0,0,0,0,0,0,0,0,0,0,1,0,0,0,0,0,0,0,1,0,0,0,0,0,0,0,0,0,0,0,0,0,1,0,0,0,0,0,0,0,0,0,0,1,0,0,0,0,0,0,0,0,0,0,0,0,0,0,0,0,1,0,0,0,0,0,0,0,0,1,0,0,0,0,0,0,0,0,0,0,0,0,1,0,0,0,0,0,0,0,0,0,0,1,0,0,0,0,0,0,0,0,0,0,0,0,0,1,0,0,0,0,0,0,0,0,0,1,0,0,0,0,0,0,0,0,0,0,0,0,0,0,1,0,0,0,0,0,0,0,0,0,1,0,0,0,0,0,0,0,0,0,0,0,0,0,0,0,0,0,1,0,0,0,0,0,0,1,0,0,0,0,0,0,0,0,0,0,0,1,0,0,0,0,0,0,0,0,0,0,0,0,1,0,0,0,0,0,0,0,0,0,0,0,0,0,0,0,0,0,1,0,0,0,0,0,0,0,1,0,0,0,0,0,0,0,0,0,0,1,0,0,0,0,0,0,0,0,0,0,0,0,0,1,0,0,0,0,0,0,0,0,0,0,0,0,0,0,0,0,1,0,0,0,0,0,0,1,0,0,0,0,0,0,0,0,0,0,0,0,0,0,0,0,0,1,0,0,0,0,0,0,0,0,1,0,0,0,0,0,0,0,0,0,1,0,0,0,0,0,0,0,0,0,0,0,0,0,1,0,0,0,0,0,0,0,0,0,0,0,0,0,0,0,0,1,0,0,0,0,0,0,0,0,0,1,0,0,0,0,0,0,0,0,0,0,0,1,0,0,0,0,0,0,0,0,0,0,1,0,0,0,0,0,0,0,0,0,0,0,0,0,1,0,0,0,0,0,0,0,0,0,0,1,0,0,0,0,0,0,0,0,0,0,0,0,0,0,0,0,1,0,0,0,0,0,0,0,0,0,1,0,0,0,0,0,0,0,0,1,0,0,0,0,0,0,0,0,0,0,0,0,1,0,0,0,0,0,0,0,0,0,0,0,0,0,0,1,0,0,0,0,0,0,0,0,0,1,0,0,0,0,0,0,0,0,0,0,0,0,0,0,0,0,0,1,0,0,0,0,0,0,1,0,0,0,0,0,0,0,0,0,0,0,0,0,0,1,0,0,0,0,0,0,0,0,0,0,1,0,0,0,0,0,0,0,0,0,0,1,0,0,0,0,0,0,0,0,0,0,0,0,1,0,0,0,0,0,0,0,0,0,0,0,0,0,0,1,0,0,0,0,0,0,0,0,0,0,1,0,0,0,0,0,0,0,0,0,0,0,0,0,0,0,0,1,0,0,0,0,0,0
8.52,3.0,1.0,-2.2616212810130427e-18,7.805314330488009e-20,1.00597473113401,0.7249623193357153,-0.4977222250936418,0.4552539212147961,0.5816152968157369,0.8722685993565467,0.4859521313852178,9.127943281120709e-18,0.568149427820371,0.3996663824112959,-0.573642755588077,0.6296508763053841,0.4956471812808609,0.4724177547469886,-0.4650621680134865,0.627665715914943,0.4794401816171799,0.530171261378477,0.740312914012152,-0.3957496840680166,0.4492472993147683,0.3098394462650144,0.4782350518840023,-0.7883671395153238,0.4469535829317121,-0.078537096333514,0.5301077759828368,-0.7862266737381465,0.4145309934738844,-0.0699312707256759,0.9330928541370788,-0.0435545772075733,0.4137931775925819,0.1440843673697615,0.9551674521147346,-0.1667546115819632,0.3903025172381557,0.0975814816516353,-0.5109366779928605,-0.6934489446051157,0.3757263943109811,0.9060150095504936,0.3714623089086873,0.1681854090158872,0.3744507707679373,0.788918916529296,-0.5510885655840463,0.1549086751474943,0.3632328581759877,0.6803096101110857,-0.5560932949021999,-0.3711862899231881,0.3628468476177297,0.0560564377841724,0.9501772376096642,0.0394875927810404,0.3558982392663002,0.4467982404360731,0.1997157488738961,-0.8421470710845199,0.344275112076684,-0.1088893841369002,-0.3333677293803718,-0.8135778308379684,0.3410167528682327,0.8036249909741091,-0.5108621077526226,-0.2085340786581905,0.3409415607287722,0.6072631287041507,0.6944766323830743,-0.3785228243781964,0.3153074489572163,0.6839547475672012,0.1137308021480932,-0.6962509687203792,0.3057703436504903,-0.094539545942422,-0.0717647648598364,-0.9121997886604956,0.3019975188474232,0.198718055467971,0.0118629003855694,-0.9348507711485542,0.2789903467161217,-0.465349496608522,-0.6615368793813697,-0.3483429319054161,0.2730197561296572,-0.4007351537860465,-0.458034834625588,-0.632734736372652,0.2694840219016179,0.064392657283272,0.9268894959222642,-0.2534695497345,0.2536587358709171,0,0,1,0,0,0,0,0,0,0,0,0,1,0,0,0,0,0,0,0,0,0,0,0,0,0,1,0,0,0,0,0,0,0,0,0,0,1,0,0,0,0,0,0,0,0,0,0,0,0,0,1,0,0,0,0,0,0,0,0,0,0,0,0,0,0,0,0,1,0,0,0,0,0,0,1,0,0,0,0,0,0,0,0,0,0,0,1,0,0,0,0,0,0,0,0,0,0,0,0,1,0,0,0,0,0,0,0,0,0,0,0,1,0,0,0,0,0,0,0,0,0,0,0,0,0,1,0,0,0,0,0,0,0,0,0,0,0,0,0,0,0,0,1,0,0,0,0,0,0,0,0,1,0,0,0,0,0,0,0,0,0,0,0,0,0,0,0,1,0,0,0,0,0,0,1,0,0,0,0,0,0,0,0,0,0,0,0,0,0,0,0,0,1,0,0,0,0,0,0,1,0,0,0,0,0,0,0,0,0,0,0,0,0,0,0,0,0,1,0,0,0,0,0,0,0,1,0,0,0,0,0,0,0,0,0,0,0,0,0,0,0,0,1,0,0,0,0,0,0,0,0,0,1,0,0,0,0,0,0,0,0,1,0,0,0,0,0,0,0,0,0,0,0,0,0,0,0,1,0,0,0,0,0,0,0,0,0,0,0,0,0,0,1,0,0,0,0,0,0,0,1,0,0,0,0,0,0,0,0,0,0,1,0,0,0,0,0,0,0,0,0,0,0,0,1,0,0,0,0,1,0,0,0,0,0,0,0,0,0,0,0,0,0,0,0,0,0,0,0,1,0,0,0,0,0,0,0,0,0,0,0,0,0,0,0,0,0,1,0,0,0,0,0,0,0,1,0,0,0,0,0,0,0,0,0,0,0,0,0,1,0,0,0,0,0,0,0,0,0,0,1,0,0,0,0,0,0,0,0,0,0,1,0,0,0,0,0,0,0,0,0,0,0,0,0,0,1,0,0,1,0,0,0,0,0,0,0,0,0,0,0,0,0,0,0,0,0,0,0,1,0,0,0,0,0,0,0,0,0,0,0,0,0,0,0,0,0,1,0,0,0,0,0,0,0,0,0,1,0,0,0,0,0,0,0,0,0,0,0,1,0,0,0,0,0,0,0,0,0,0,0,1,0,0,0,0,0,0,0,0,0,0,0,0,1,0,0,0,0,0,0,0,0,0,0,1,0,0,0,0,0,0,0,0,0,0,0,0,0,1,0,0,0,0,0,0,0,0,0,0,0,1,0,0,0,0,0,0,0,0,0,1,0,0,0,0,0,0,0,0,0,0,0,0,0,1,0,0,0,0,0,0,0,0,0,0,1,0,0,0,0,0,0,0,0,0,0,0,0,0,1,0,0,0,0,0,0,0,0,0,0,0,0,0,0,0,0,1,0,0,0,0,0,0
8.12,4.0,1.0,1.4209864845713257e-18,-2.4047513535477105e-17,1.011221927068661,0.7956613346568188,0.5949918201129611,2.962363135452891e-18,0.5983894541752458,0.7340006746356972,-0.469657587466267,0.2652052156323942,0.5759318024432736,-0.4262457556229602,-0.2724882578916134,-0.1324812405772453,0.4856486536910137,0.2920613798583316,-0.8864004310573735,0.2728869226078728,0.4761469489016345,0.4388770271535204,0.7950690253819794,-0.2157671448805346,0.4584742131289379,0.2036297341689611,0.5979237290050059,-0.4025129039799676,0.4582389148852053,0.5984535066819068,-0.2591746069381278,0.5473603583881415,0.452852280728443,-0.0440936211151813,-0.4533381298499848,-0.430705827138402,0.4397455388563912,0.0419933967444958,-0.8854562591816008,0.3149746991345585,0.4163357626801989,0.5009356675814786,-0.3400821919463991,-0.5063988855792466,0.4053168428544834,0.7913446626504541,0.5242573888688313,0.0980052541878137,0.3950171578260438,0.1949923292843215,-0.8735752084333572,0.2547357415542083,0.3928100865591165,0.2941565156684781,0.8346915659164736,-0.1610337479635246,0.376316155084139,0.2030503835591618,-0.8763140798217393,0.2282682803314571,0.3747053462924306,-0.2216952930249294,-0.3193641832203581,-0.3916753304441076,0.3747007938592338,0.7506802431399259,-0.3614012542441844,-0.0234804545308049,0.3729643309742972,0.2489128297450432,0.474547294696384,-0.5170151372608934,0.3720404953747916,-0.0055105009461394,0.583226367960459,-0.3333244081787409,0.3628468476177296,0.3561252218381242,0.8347998429833092,-0.1153634265427725,0.3620636856115743,0.6903545692212589,-0.2560395555326179,-0.3349190876236812,0.3533962716376462,0.4351620165783599,0.4594486816376991,-0.5172378730938426,0.3300054102649229,-0.372944885969857,-0.692765671862189,-0.0916155034948641,0.3240966184847934,-0.4817583603103122,-0.2392737611552335,-0.1431206627421221,0.2985513306425055,-0.4376106218982747,-0.483619744456318,-0.1755201377267102,0.2827163722989284,0,0,1,0,0,1,0,0,0,0,0,0,0,0,0,0,0,0,0,0,0,0,0,0,0,0,1,0,0,0,0,0,0,0,0,0,0,1,0,0,0,0,0,0,0,0,0,0,0,0,0,1,0,0,0,1,0,0,0,0,0,0,0,0,0,0,0,0,0,0,0,0,0,0,0,0,0,0,1,0,0,0,0,0,0,0,0,1,0,0,0,0,0,0,0,0,0,0,0,0,0,1,0,0,0,1,0,0,0,0,0,0,0,0,0,0,0,0,0,0,0,0,0,0,0,0,1,0,0,0,0,0,0,0,0,0,0,1,0,0,0,0,0,0,0,0,0,0,0,0,0,0,1,0,0,0,0,0,0,0,0,0,1,0,0,0,0,0,0,0,0,0,0,0,0,1,0,0,0,0,1,0,0,0,0,0,0,0,0,0,0,0,0,0,0,0,0,0,0,0,0,0,0,1,0,0,0,0,0,0,0,0,0,0,0,1,0,0,0,0,0,0,0,0,0,1,0,0,0,0,1,0,0,0,0,0,0,0,0,0,0,0,0,0,0,0,0,0,0,0,1,0,0,0,0,0,0,0,0,0,0,0,0,0,1,0,0,0,0,0,0,0,0,0,0,0,0,0,1,0,0,0,0,0,0,0,0,1,0,0,0,0,0,0,0,0,0,0,0,0,1,0,0,0,0,1,0,0,0,0,0,0,0,0,0,0,0,0,0,0,0,0,0,0,0,1,0,0,0,0,0,0,0,0,0,0,0,1,0,0,0,0,0,0,0,0,0,0,0,0,1,0,0,0,0,1,0,0,0,0,0,0,0,0,0,0,0,0,0,0,0,0,0,0,0,0,1,0,0,0,0,0,0,0,0,0,0,0,0,0,1,0,0,0,0,0,0,0,0,0,0,1,0,0,0,1,0,0,0,0,0,0,0,0,0,0,0,0,0,0,0,0,0,0,0,0,1,0,0,0,0,0,0,0,0,0,0,0,0,0,0,0,0,1,0,0,0,0,0,0,1,0,0,0,0,0,0,0,0,0,0,0,1,0,0,0,0,0,0,0,0,0,0,0,0,1,0,0,0,0,0,0,0,0,0,0,0,1,0,0,0,0,0,0,0,0,0,0,0,0,0,0,1,0,0,0,0,0,0,0,0,0,0,0,1,0,0,0,0,0,0,0,0,0,0,0,0,0,1,0,0,0,0,0,0,0,0,0,0,0,0,0,0,1,0,0,0,0,0,0,1,0,0,0,0,0,0,0,0,0,0,0,0,0,0,1,0,0,0,0,0,0,0,0,0,0,1,0,0,0,0,0,0,0,0,0,0,1,0,0,0,0,0,0,0,0,0,0,0,0,0,1,0,0,0,0,0,0,0,0,0,0,0,0,0,1,0,0,0,0,0,0,0,0,0
8.04,5.0,1.0,-6.63563420324939e-18,-9.035024653198732e-18,1.016690916921171,0.8217622010996252,0.5656241764250052,-6.7070771303557424e-18,0.5539566876590822,-0.8434043878119593,0.268223294080658,-0.0769369386670418,0.5468994615773488,0.7948718933124458,-0.5302514991772176,0.2546667201741829,0.5433510251079354,0.2819533851786128,-0.8810639243210909,0.3496844099520947,0.4720758060598061,-0.003061190171126,-0.9345831239611212,0.0704375972152125,0.4624010838768123,0.1054551782005771,0.7244627953828564,-0.6481506670714359,0.4589041272535093,0.4012146915736408,0.8741967543700963,-0.2456807083368367,0.4451342250418233,-0.2813780868822813,-0.4396311730484272,0.8191492472391385,0.4155346469184838,0.775710344098357,-0.2837656725553439,0.5289925753146176,0.4153307044212925,-0.1570946983078162,0.7344484446269851,-0.5889774835701067,0.4053168428544834,-0.1647507404488034,-0.3577246017408479,-0.8407210030368049,0.4004577033279134,-0.0597026474006085,-0.696182332114263,0.7013885317969495,0.3956713577095437,0.5193106906658473,-0.4391722478563709,-0.6701208369834774,0.3906604287750212,0.0759616075234534,0.9676094333966612,0.0920572020532424,0.3792686847528667,0.8964502594980555,0.4139274087965117,0.0856616735825746,0.3675255678933227,0.8284383783086847,-0.5118862412161069,-0.1124944759552605,0.360537658435927,0.229961636606211,0.4755622882608034,-0.824401157314786,0.356381217936159,0.7393021135107168,-0.4131005547866567,-0.4882433182660432,0.3522786273614738,-0.2184595118781143,-0.6467918660485034,0.6809665507507122,0.3348554334769916,-0.3964571369806052,-0.1765855812148536,-0.8302085457613221,0.3335676938324151,-0.8768746217382135,0.1975407658204793,-0.1927610267177589,0.3314172950621249,-0.6923027616483014,-0.5274050639486222,-0.3656865044675757,0.3138930022868156,-0.0863542321207236,0.890904425232237,0.1817231783119118,0.2511086679183232,0.4683103356386394,0.8335152819295439,-0.2830159460945994,0.2510746266832521,0,0,1,0,0,0,0,0,0,0,0,0,0,0,1,0,0,0,0,0,0,0,0,0,0,0,1,0,0,0,1,0,0,0,0,0,0,0,0,0,0,0,0,0,0,0,0,0,0,0,0,0,0,1,0,0,0,0,0,0,0,0,0,0,0,1,0,0,0,0,0,0,0,0,0,0,1,0,0,0,0,0,0,0,0,0,0,0,0,1,0,0,0,0,0,0,0,0,0,0,0,1,0,0,0,0,0,0,0,0,0,0,0,0,1,0,0,0,0,0,0,0,0,0,0,1,0,0,0,0,0,0,0,0,0,0,0,0,0,1,0,0,0,0,0,0,0,0,0,0,0,0,1,0,0,1,0,0,0,0,0,0,0,0,0,0,0,0,0,0,0,0,0,0,0,0,1,0,0,0,1,0,0,0,0,0,0,0,0,0,0,0,0,0,0,0,0,0,0,0,1,0,0,0,0,0,0,0,0,0,0,0,0,0,1,0,0,0,0,0,0,0,0,0,0,1,0,0,0,0,0,0,0,0,0,0,0,0,0,1,0,0,0,0,0,0,0,0,0,0,1,0,0,0,0,1,0,0,0,0,0,0,0,0,0,0,0,0,0,0,0,0,0,0,0,0,0,0,1,0,0,0,0,0,0,0,0,0,0,0,0,0,0,1,0,0,0,0,0,0,0,1,0,0,0,0,0,0,0,0,0,0,0,0,1,0,0,0,0,0,0,0,0,0,0,1,0,0,0,0,1,0,0,0,0,0,0,0,0,0,0,0,0,0,0,0,0,0,0,0,0,1,0,0,0,1,0,0,0,0,0,0,0,0,0,0,0,0,0,0,0,0,0,0,0,0,0,0,1,0,1,0,0,0,0,0,0,0,0,0,0,0,0,0,0,0,0,0,0,0,0,1,0,0,0,0,0,0,0,0,0,0,0,0,1,0,0,0,0,0,0,0,0,0,0,0,1,0,0,0,0,0,0,0,0,0,0,1,0,0,0,0,0,0,0,0,0,0,0,0,0,0,1,0,0,1,0,0,0,0,0,0,0,0,0,0,0,0,0,0,0,0,0,0,0,1,0,0,0,0,0,0,0,0,0,0,0,0,0,1,0,0,0,0,0,0,0,0,0,0,0,1,0,0,0,0,0,0,0,0,0,0,0,0,0,0,0,0,1,0,0,0,0,0,0,0,1,0,0,0,0,0,0,0,0,0,0,0,0,0,1,0,0,0,0,0,0,0,0,0,1,0,0,0,0,0,0,0,0,0,0,0,0,0,0,0,0,0,1,0,0,0,0,0,0,1,0,0,0,0,1,0,0,0,0,0,0,0,0,0,0,0,0,0,0,0,0,0,0,0,1,0,0,0,0,1,0,0,0,0,0,0,0,0,0,0,0,0,0,0,0,0,0,0,0
8.34,6.0,1.0,1.0530012680985286e-17,-1.5321132035088546e-17,1.013011527512688,0.7594319345218822,-0.5252004062228511,0.2751884901351829,0.5611122215666613,0.8393731089692797,0.5335957874291714,-1.5183111429502222e-17,0.5446365733642515,-0.688362188835346,-0.0348121479972395,-0.0471095198490266,0.5317921289051053,0.247454142824609,-0.8933071027670432,0.3401574084548383,0.4878854370307145,0.220812144373022,0.6630936782931833,-0.5328873269800831,0.45250648877076,-0.0383945736186801,-0.917782094293335,0.2242160636063276,0.4407913046282096,0.4768101724160112,0.8160139681784054,-0.2263427950755151,0.4340980347904055,0.6715487897387222,-0.3225843193749407,0.5735050838130532,0.4271721901415994,-0.0490690969472851,-0.4500825832640526,-0.6827571246289004,0.4143158346953737,0.5307066234454878,-0.4144736467656204,-0.6037999802564623,0.4026998754201953,0.0717407717166752,-0.8805771058180358,0.3275248259113713,0.4004139135043753,-0.0978208190501899,0.6639290655301848,-0.4777036198178712,0.3906604287750213,-0.1898487221467385,0.8597432692987087,0.1171234561324146,0.3824910652629678,-0.2983889984462001,-0.2737801607343108,-0.6655827570818115,0.375637573215178,0.2027877915892254,-0.8101595734515625,0.4594161223103034,0.3730061090705655,0.1750490774170844,0.909785132426178,0.0387057117820685,0.366270857679527,0.8846952051598548,0.4028727361827872,0.0773276784679494,0.3662565143739626,0.7898619550175531,-0.4888546514703219,-0.0644727415452449,0.3653264894231651,0.7195412839850127,-0.4132046381831126,-0.3942524925708706,0.3569034461661668,0.2668808014609232,0.4398114370180657,-0.6938569864915745,0.3529099362100596,-0.2587761542161601,0.0618114822979168,-0.7054393545285288,0.3300532485576761,-0.7068899851509527,-0.0200940029162455,-0.1164943359351636,0.3296434472386763,-0.542629173801442,-0.4153249676304487,-0.4435569946830492,0.3265591028374475,0.5265543783173207,0.7861199643297123,-0.2802551283485278,0.314526577297641,0,0,1,0,0,1,0,0,0,0,0,0,0,0,0,0,0,0,0,0,0,0,0,0,0,0,1,0,0,0,1,0,0,0,0,0,0,0,0,0,0,0,0,0,0,0,0,0,0,0,0,1,0,0,0,0,0,0,0,0,0,0,0,0,1,0,0,0,0,0,0,0,0,0,0,0,0,0,1,0,0,0,0,0,0,0,0,0,0,0,0,0,0,1,0,0,0,0,0,0,0,1,0,0,0,1,0,0,0,0,0,0,0,0,0,0,0,0,0,0,0,0,0,0,0,0,0,1,0,0,0,0,0,0,0,0,0,0,0,1,0,0,0,0,0,0,0,0,0,0,1,0,0,0,0,1,0,0,0,0,0,0,0,0,0,0,0,0,0,0,0,0,0,0,0,0,1,0,0,0,0,0,0,0,0,0,0,0,0,1,0,0,0,0,0,0,0,0,0,0,1,0,0,0,0,1,0,0,0,0,0,0,0,0,0,0,0,0,0,0,0,0,0,0,0,0,0,0,1,0,0,0,0,0,0,0,0,1,0,0,0,0,0,0,0,0,0,0,0,0,1,0,0,0,0,1,0,0,0,0,0,0,0,0,0,0,0,0,0,0,0,0,0,0,0,1,0,0,0,0,1,0,0,0,0,0,0,0,0,0,0,0,0,0,0,0,0,0,0,0,1,0,0,0,0,0,0,0,0,0,0,0,0,0,1,0,0,0,0,0,0,0,0,0,0,1,0,0,0,0,0,0,0,0,0,0,0,0,0,1,0,0,0,0,0,0,0,0,0,0,0,1,0,0,0,0,0,0,0,0,0,0,1,0,0,0,0,0,0,0,0,0,0,0,0,1,0,0,0,0,1,0,0,0,0,0,0,0,0,0,0,0,0,0,0,0,0,0,0,0,0,1,0,0,0,0,0,0,0,0,0,0,0,0,1,0,0,0,0,0,0,0,0,0,0,0,0,0,1,0,0,0,0,0,0,0,0,0,0,1,0,0,0,0,0,0,0,0,0,0,0,1,0,0,0,1,0,0,0,0,0,0,0,0,0,0,0,0,0,0,0,0,0,0,0,0,0,1,0,0,1,0,0,0,0,0,0,0,0,0,0,0,0,0,0,0,0,0,0,0,0,1,0,0,0,1,0,0,0,0,0,0,0,0,0,0,0,0,0,0,0,0,0,0,0,0,0,1,0,0,1,0,0,0,0,0,0,0,0,0,0,0,0,0,0,0,0,0,0,0,0,1,0,0,0,0,0,0,0,0,0,0,0,0,0,0,0,0,1,0,0,0,0,0,0,0,1,0,0,0,0,0,0,0,0,0,0,1,0,0,0,0,0,0,0,0,0,0,0,0,1,0,0,0,0,0,0,0,0,0,0,0,0,0,1,0,0,0,0,0,0,0,0,0,0
7.87,7.0,1.0,-1.029775863482848e-18,5.1813105318354084e-18,1.015341254081015,-0.6896088513214508,0.0744450262179422,0.2118368173675686,0.5764536822252349,0.7450322177594156,-0.5785612929634295,0.1832411742543178,0.5689481926619382,0.8729349865941654,0.4751484681690375,5.920150293294463e-18,0.5634789865883543,0.2068310506637923,-0.9180921872927892,0.2920852069277139,0.4984175830542979,0.1524489423477638,0.7675093843074146,-0.4736901273029804,0.4720356204324872,0.4951202654861961,0.8237802494475666,-0.1555732143353181,0.4495142759833153,0.6996964738138671,-0.3898564799903975,0.4896302242559265,0.4280874854887931,0.0037192061326848,-0.8367324188782199,0.4374084402395163,0.4260937850573797,-0.0185886247062129,-0.9657676545360824,0.0543969951640043,0.4166266452208209,-0.2645757718105831,-0.3116526327568563,-0.7585351807463321,0.4131599162559503,-0.1276753993036285,0.7749936320775337,-0.3544756661257342,0.4026998754201953,0.3672292875755034,-0.5177833220522048,-0.6168030194736398,0.395585137620354,0.1482615315575787,-0.8412919702011926,0.4151345174058073,0.3870070236600005,-0.5016862268168382,-0.0890495994658172,-0.6619051006277221,0.3800340678399119,0.7336874815882876,-0.5297715693450683,-0.1905776685676296,0.3760863693958771,-0.7539145916975496,0.1333486720279247,0.0588026006514445,0.3752768046135018,0.2302433751707084,0.8670658446258186,0.1662027923496803,0.3743949441333478,0.9143791237573504,0.3293735778906548,0.0301412839445399,0.3743031391694334,0.2100952395803427,0.5470642044436691,-0.7143684080172421,0.365603634632101,0.641182329276196,-0.4028318292319545,-0.5107072896019378,0.3637253375766442,0.459341436180926,0.4190611785923792,-0.7124692003064645,0.3202942083235305,0.5419200666644615,0.8036661363909301,-0.1984016581779756,0.3161490852637342,-0.6676668421180068,-0.5464308304196095,-0.1951946690697844,0.3145966279694541,0.0430202131266796,0.7975965074779345,0.3473336095058144,0.2848578215384694,0,0,1,0,0,1,0,0,0,0,0,0,0,0,0,0,0,0,0,0,0,0,0,0,0,0,0,0,1,0,0,0,0,0,0,0,0,1,0,0,0,0,0,0,0,0,0,0,0,0,0,1,0,0,0,1,0,0,0,0,0,0,0,0,0,0,0,0,0,0,0,0,0,0,0,0,1,0,0,0,1,0,0,0,0,0,0,0,0,0,0,0,0,0,0,0,0,0,0,0,0,1,0,0,0,1,0,0,0,0,0,0,0,0,0,0,0,0,0,0,0,0,0,0,0,0,0,1,0,0,1,0,0,0,0,0,0,0,0,0,0,0,0,0,0,0,0,0,0,0,0,1,0,0,0,1,0,0,0,0,0,0,0,0,0,0,0,0,0,0,0,0,0,0,0,1,0,0,0,0,1,0,0,0,0,0,0,0,0,0,0,0,0,0,0,0,0,0,0,0,1,0,0,0,0,1,0,0,0,0,0,0,0,0,0,0,0,0,0,0,0,0,0,0,0,1,0,0,0,0,1,0,0,0,0,0,0,0,0,0,0,0,0,0,0,0,0,0,0,0,0,0,0,1,0,1,0,0,0,0,0,0,0,0,0,0,0,0,0,0,0,0,0,0,0,1,0,0,0,0,1,0,0,0,0,0,0,0,0,0,0,0,0,0,0,0,0,0,0,0,1,0,0,0,0,0,0,0,0,0,0,0,0,0,0,0,0,0,1,0,0,0,0,0,0,1,0,0,0,0,1,0,0,0,0,0,0,0,0,0,0,0,0,0,0,0,0,0,0,0,0,1,0,0,0,1,0,0,0,0,0,0,0,0,0,0,0,0,0,0,0,0,0,0,0,0,1,0,0,0,1,0,0,0,0,0,0,0,0,0,0,0,0,0,0,0,0,0,0,0,0,1,0,0,0,0,0,0,0,0,0,0,1,0,0,0,0,0,0,0,0,0,0,0,0,0,1,0,0,0,1,0,0,0,0,0,0,0,0,0,0,0,0,0,0,0,0,0,0,0,0,0,0,1,0,1,0,0,0,0,0,0,0,0,0,0,0,0,0,0,0,0,0,0,0,0,1,0,0,0,0,0,0,0,0,0,0,0,0,1,0,0,0,0,0,0,0,0,0,0,0,0,1,0,0,0,0,0,0,0,0,0,0,0,0,0,0,0,1,0,0,0,0,0,0,0,0,0,1,0,0,0,0,0,0,0,0,0,0,1,0,0,0,0,0,0,0,0,0,0,1,0,0,0,0,1,0,0,0,0,0,0,0,0,0,0,0,0,0,0,0,0,0,0,0,1,0,0,0,0,1,0,0,0,0,0,0,0,0,0,0,0,0,0,0,0,0,0,0,0,1,0,0,0,0,1,0,0,0,0,0,0,0,0,0,0,0,0,0,0,0,0,0,0,0
8.06,8.0,1.0,-3.1243750946068373e-18,-1.1314022082119957e-17,1.009013795794219,0.7960490044861313,0.5978688831720278,-1.5956885403501066e-17,0.6100793945836293,0.7289032574215322,-0.4938289435132447,0.438476863583949,0.5782996830367675,-0.6825953653169552,-0.2009977962501594,-0.4603720706350954,0.534242288500605,0.246262495717373,-0.9024944188479972,0.3398649037900702,0.4870092910381078,0.540921961958248,-0.2452986811812805,0.7680782487359724,0.467548501980057,-0.0889783799125553,-0.8993749837919263,0.2919056662212854,0.4661318404808938,0.4499535998559602,0.7845170513720793,-0.403671701961353,0.4504069845225534,0.0360576967995078,-0.8977144483739886,0.2186205814360453,0.4448625844646806,0.3331750649805299,0.4938816272354619,-0.7614414920174827,0.419999370196538,0.7972648268811569,0.5134440424782993,0.2449551881875765,0.4027039473698326,0.006488725138154,0.9235351883113628,-0.2461680927372216,0.3985207482028617,-0.0059097201665484,0.5092933722849393,-0.7768339202875847,0.395585137620354,-0.2953666726816605,0.8440973098797672,-0.1708415867784598,0.3759822363210493,0.7512198428176278,-0.4173534138212737,-0.4070595925084939,0.366187577128174,0.8447831055918156,-0.419423899981174,0.1966248405768165,0.3555621911728825,0.2962429047242866,-0.5380171853358872,-0.6960133728299578,0.3540782886872543,0.4968893454220732,0.2955717266297372,-0.7765383578922395,0.3287136462218726,0.0405916238582093,-0.4062309293437146,-0.8147255271571174,0.3271855525973112,0.8666707212327559,-0.381977239426203,-0.1361617458944426,0.3258839105888955,-0.6505898562179708,-0.1395784752431703,-0.5455255114975706,0.3253978163693547,-0.3214294632341293,-0.7228330425485805,-0.4847640863235754,0.3203174434910122,0.4981271252797045,0.7909907869005727,-0.3485004647134331,0.3157773262111228,-0.0527150476161234,0.9105554433703246,-0.1267148441041062,0.3131294343538323,0.2465499482612878,-0.8614542623503837,0.4188274641423574,0.3056492389123685,0,0,1,0,0,0,0,0,0,0,0,0,0,0,0,0,0,0,1,0,0,0,0,0,0,0,1,0,0,0,1,0,0,0,0,0,0,0,0,0,0,0,0,0,0,0,0,0,0,0,0,1,0,0,0,0,0,0,0,0,0,0,0,0,0,0,0,0,1,0,0,0,0,0,0,0,0,0,1,0,1,0,0,0,0,0,0,0,0,0,0,0,0,0,0,0,0,0,0,0,0,1,0,0,0,0,0,0,0,0,0,0,0,0,0,0,0,0,1,0,0,0,0,0,0,1,0,0,0,0,0,0,0,0,0,0,0,0,0,0,0,0,0,1,0,0,0,0,0,0,1,0,0,0,0,0,0,0,0,0,0,0,0,0,0,0,0,0,1,0,0,0,0,0,0,0,1,0,0,0,1,0,0,0,0,0,0,0,0,0,0,0,0,0,0,0,0,0,0,0,1,0,0,0,0,0,0,0,0,0,0,0,0,0,0,0,0,0,1,0,0,0,0,0,0,0,0,1,0,0,1,0,0,0,0,0,0,0,0,0,0,0,0,0,0,0,0,0,0,0,0,0,0,1,0,1,0,0,0,0,0,0,0,0,0,0,0,0,0,0,0,0,0,0,0,0,1,0,0,0,1,0,0,0,0,0,0,0,0,0,0,0,0,0,0,0,0,0,0,0,1,0,0,0,0,1,0,0,0,0,0,0,0,0,0,0,0,0,0,0,0,0,0,0,0,1,0,0,0,0,1,0,0,0,0,0,0,0,0,0,0,0,0,0,0,0,0,0,0,0,1,0,0,0,0,0,0,0,0,0,0,0,0,0,1,0,0,0,0,0,0,0,0,0,0,0,1,0,0,0,0,0,0,0,0,0,0,0,0,0,0,0,0,1,0,0,0,0,0,0,0,0,0,1,0,0,0,0,0,0,0,0,0,0,1,0,0,0,0,0,0,0,0,0,0,0,1,0,0,0,1,0,0,0,0,0,0,0,0,0,0,0,0,0,0,0,0,0,0,0,0,1,0,0,0,0,0,0,0,0,0,0,0,0,1,0,0,0,0,0,0,0,0,0,0,0,0,1,0,0,0,0,0,0,0,0,0,0,0,1,0,0,0,0,0,0,0,0,0,0,0,1,0,0,0,1,0,0,0,0,0,0,0,0,0,0,0,0,0,0,0,0,0,0,0,1,0,0,0,0,0,0,0,0,0,0,0,0,0,1,0,0,0,0,0,0,0,0,0,0,1,0,0,0,0,1,0,0,0,0,0,0,0,0,0,0,0,0,0,0,0,0,0,0,0,1,0,0,0,0,1,0,0,0,0,0,0,0,0,0,0,0,0,0,0,0,0,0,0,0,0,1,0,0,0,0,0,0,0,0,0,0,0,0,0,0,0,0,1,0,0,0,0,0,0
8.14,9.0,1.0,1.0246366815586148e-17,-1.0503424214056525e-17,1.0183771236996306,-0.9008679946204218,0.1499510488276473,0.2852562825193478,0.6063639680283877,0.8630628175880304,0.5037129327445303,1.7142896512525892e-17,0.560505849277589,0.7955746484520785,-0.5803928176367504,0.1354432072361508,0.5431263315803607,0.0496830961500252,0.8179261050353033,-0.5346375077687896,0.4771094131139635,0.2737233603265159,-0.9223533602317062,0.2620014737993018,0.4740438734016052,-0.0643001498569183,-0.9946428521607013,-0.0448947260350667,0.4715148814613151,0.4236839142496605,0.8879692928243278,-0.1352894044463571,0.4579247956402731,-0.2717290321761396,-0.3469522222185766,-0.8696568248698864,0.4405247220969345,0.0006117238509686,-0.424698577223491,0.8567002538060413,0.4274973300293461,0.3990905253196791,-0.3756729216872855,-0.7979139656016931,0.425511228012145,0.0189874333161608,-0.7050979054049401,0.6986747537874975,0.4228187823437037,0.8185380726612813,-0.3867535118453475,0.3992259605216028,0.3955723945418345,-0.5811366590555406,-0.1122362872683799,-0.7696789070177861,0.3943870870892464,-0.944633023927546,0.1739021695763005,0.0957606172423111,0.3868984607020261,0.1471201701489802,0.9340092333015352,0.2750551491947955,0.3867876046471468,0.112781730324223,0.5764720607464883,-0.7828155547545678,0.3730111845295325,0.7858036699920488,-0.5366760459140258,-0.2704598368323475,0.3685851781458572,0.938542658579968,0.3351309333174906,0.0067095041897086,0.3683477321635015,0.6304127225521515,-0.4436425328225225,-0.6154156818118844,0.3672809366987833,-0.176166905999741,0.8743733683495595,-0.3929074905835318,0.366187577128174,0.1187123149569161,-0.5378618250055817,0.8096848108859312,0.3605258139561358,-0.7790131140843337,-0.5345732080118768,-0.2766572374027988,0.3495494836142711,-0.5343429463955546,0.2405627421338061,-0.7697329965894606,0.346188921704824,0.5020715694117631,0.8377656394056275,-0.1986135639460045,0.3196212101632406,0,0,1,0,0,0,0,0,0,0,0,0,0,0,1,0,0,0,0,0,0,0,0,0,0,0,0,0,1,0,0,0,0,0,0,0,0,0,0,1,0,0,0,0,0,0,0,0,0,0,0,1,0,0,0,0,0,0,0,0,0,0,0,0,0,0,0,0,1,0,0,0,0,0,0,0,1,0,0,0,0,0,0,0,0,0,0,0,0,1,0,0,0,0,0,0,0,0,0,0,0,0,1,0,0,0,0,0,0,0,0,0,0,0,0,0,0,0,1,0,0,0,0,0,0,0,1,0,0,0,0,0,0,0,0,0,0,0,0,1,0,0,0,0,0,0,0,0,0,0,1,0,0,0,0,0,0,0,0,0,0,0,0,0,1,0,0,0,0,0,0,0,0,0,0,0,1,0,0,0,0,0,0,0,0,0,0,0,0,0,0,0,0,1,0,0,0,0,0,0,0,0,0,1,0,1,0,0,0,0,0,0,0,0,0,0,0,0,0,0,0,0,0,0,0,1,0,0,0,0,0,0,0,0,0,0,0,0,0,1,0,0,0,0,0,0,0,0,0,0,1,0,0,0,0,0,0,0,0,0,0,1,0,0,0,0,0,0,0,0,0,0,0,0,0,0,1,0,0,0,0,0,0,0,0,0,0,0,0,1,0,0,0,0,0,0,0,0,0,0,1,0,0,0,0,0,0,0,0,0,0,0,0,0,1,0,0,0,0,0,0,0,0,0,0,0,1,0,0,0,1,0,0,0,0,0,0,0,0,0,0,0,0,0,0,0,0,0,0,0,0,1,0,0,0,0,0,0,0,0,0,0,0,0,1,0,0,0,0,0,0,0,0,0,0,0,1,0,0,0,0,0,0,0,0,0,0,0,0,0,0,0,0,1,0,0,0,0,0,0,0,1,0,0,0,1,0,0,0,0,0,0,0,0,0,0,0,0,0,0,0,0,0,0,0,0,1,0,0,0,0,0,0,0,0,0,0,0,0,1,0,0,0,0,0,0,0,0,0,0,0,0,0,1,0,0,0,0,0,0,0,0,0,0,0,0,0,0,1,0,0,0,0,0,0,0,0,1,0,0,0,0,0,0,0,0,1,0,0,0,0,0,0,0,0,0,0,0,0,0,1,0,0,0,0,0,0,0,0,0,0,0,0,0,0,0,0,0,1,0,0,0,0,0,0,1,0,0,0,0,0,0,0,0,0,0,0,0,0,1,0,0,0,0,0,0,0,0,0,0,1,0,0,0,0,1,0,0,0,0,0,0,0,0,0,0,0,0,0,0,0,0,0,0,0,0,0,1,0,0,1,0,0,0,0,0,0,0,0,0,0,0,0,0,0,0,0,0,0,0,1,0,0,0,0,0,0,0,0,0,0,0,0,0,0,0,0,0,1,0,0,0,0,0,0
7.93,10.0,1.0,2.168446963700196e-18,6.415017608360484e-19,1.016571989585242,-0.7114599863241009,-0.0609120983178828,0.2183974642941465,0.6128164531135496,0.7475713535798894,-0.5770797433371442,0.0780025606393361,0.5678083293363714,0.869754902758195,0.4881682069959306,3.269325910563164e-18,0.5522063454746333,0.2271657183701835,-0.9405237425766098,0.1651837775174297,0.491528423382295,-0.1253841599398335,-0.9174732830799812,0.0583361433894002,0.4642640268685663,0.1549291937603212,0.780254160767403,-0.3589321760233744,0.4619033412667666,0.496348062310208,0.8182531976146954,-0.0788615552393435,0.4395298564041342,-0.1835699924653701,0.7428231938235479,-0.1973936480678702,0.425511228012145,0.7274569458004031,-0.4124132429692423,0.3680915042954063,0.4209347107894398,0.3799587336219645,-0.1674167767420356,-0.7572277174226467,0.4151275424979618,-0.2337403352688929,-0.2257664024175671,-0.7526059219307166,0.4131463878413094,-0.007127645961731,0.6896689867648514,0.4053733022219298,0.4128974855965411,0.1535490919152095,-0.9242201494457156,0.1465371775826124,0.4068622622063677,-0.4951998253334573,-0.072461491534631,-0.6212614248029406,0.3889667918314687,-0.77627312433624,-0.0108686199144465,0.0917595471299047,0.3876499001321484,0.5900466939443665,-0.3048351204094706,-0.5915137370230318,0.3835275064087097,0.7134873474072898,-0.472380483692838,-0.2909339800296235,0.3804025818765587,0.9100047394867096,0.353349102233141,-0.0018443109091447,0.3705984158671206,0.2542297510116427,0.8211014850388736,0.2444321560376995,0.3689611494843476,0.172738893399146,0.6200609231754253,-0.5927672838998618,0.3675975383009915,-0.68061852593794,-0.5713466408832577,-0.246650718456104,0.3548298872443057,-0.7116699337262568,-0.2929255067464184,-0.3600263932379553,0.3416383333777525,0.1763519888136019,-0.8673415544972215,0.3246301632545157,0.341131852522749,-0.7971240106137081,-0.0814311814056345,-0.1402086439175005,0.3254657920572832,0,0,1,0,0,0,0,0,0,0,0,1,0,0,0,0,0,0,0,0,0,0,0,0,0,0,0,0,1,0,1,0,0,0,0,0,0,0,0,0,0,0,0,0,0,0,0,0,0,0,0,1,0,0,0,0,0,0,0,0,0,1,0,0,0,0,0,0,0,0,0,0,0,0,0,0,1,0,0,0,0,0,0,0,0,0,0,0,0,1,0,0,0,0,0,0,0,0,0,0,0,1,0,0,0,0,0,0,0,0,0,1,0,0,0,0,0,0,0,0,0,0,0,0,0,1,0,0,0,0,0,0,0,0,0,0,1,0,0,0,0,0,0,0,0,0,0,0,0,0,0,0,1,0,0,0,0,0,0,0,0,0,0,0,1,0,0,0,0,0,0,0,0,0,0,0,1,0,0,0,0,0,0,0,0,0,0,0,0,1,0,0,0,0,0,0,0,0,0,0,1,0,0,0,0,0,0,0,0,0,0,0,0,0,1,0,0,0,0,0,0,0,0,0,0,1,0,0,0,0,0,0,0,0,0,0,1,0,0,0,0,0,0,0,0,0,0,0,0,0,1,0,0,0,0,0,0,0,0,0,0,0,1,0,0,0,0,0,0,0,0,0,0,0,0,0,0,0,1,0,1,0,0,0,0,0,0,0,0,0,0,0,0,0,0,0,0,0,0,0,1,0,0,0,0,0,0,0,0,0,0,0,0,0,1,0,0,0,0,0,0,0,0,0,0,1,0,0,0,0,0,0,0,0,0,0,1,0,0,0,0,0,0,0,0,0,0,0,0,0,0,1,0,0,0,1,0,0,0,0,0,0,0,0,0,0,0,0,0,0,0,0,0,0,0,0,1,0,0,0,1,0,0,0,0,0,0,0,0,0,0,0,0,0,0,0,0,0,0,0,0,0,1,0,0,0,0,0,0,0,0,0,1,0,0,0,0,0,0,0,0,0,0,0,0,0,1,0,0,0,0,0,0,0,0,0,1,0,0,0,0,0,0,0,0,0,0,0,0,0,0,0,0,1,0,0,0,0,0,0,0,0,0,0,1,0,0,0,0,0,0,0,0,0,0,0,1,0,0,0,0,0,0,0,0,0,0,0,0,1,0,0,0,0,0,0,0,0,0,0,0,1,0,0,0,0,0,0,0,0,0,0,0,0,0,0,0,0,1,0,0,0,0,0,0,1,0,0,0,0,1,0,0,0,0,0,0,0,0,0,0,0,0,0,0,0,0,0,0,0,0,1,0,0,0,1,0,0,0,0,0,0,0,0,0,0,0,0,0,0,0,0,0,0,0,0,1,0,0,0,0,0,0,0,0,0,1,0,0,0,0,0,0,0,0,0,0,0,0,0,0,0,1,0,0,1,0,0,0,0,0,0,0,0,0,0,0,0,0,0,0,0,0,0,0
8.06,11.0,1.0,1.378892415650032e-17,3.239990954683243e-17,1.0147586791205396,0.6746203988795547,-0.673581782374433,0.1133279597987609,0.6121551322361585,-0.6339985554071832,0.2431611380277862,0.3574111512144679,0.5989920980003697,0.925998477061612,0.3607029007321982,1.5088431679394168e-17,0.5253951432788514,0.2625197394237977,-0.91324643402153,0.1912995383523745,0.5111839836920702,0.5988021659245841,-0.5361964478193703,0.4816184108100299,0.4677489977427494,-0.3812647628949238,-0.1768532830139507,-0.7638342411441175,0.46105533347715,0.2897896256173097,0.7826793215585314,-0.3914538381652879,0.4417399622587059,0.0282399584838167,0.8283190420399154,-0.2114803506662444,0.4151275424979618,0.6311824342698432,0.7378793558097333,-0.1104173999313002,0.414910268547828,-0.5787920514955974,0.0997294711537747,-0.6132229348128148,0.4093852079875607,0.60520562243329,-0.637431389956433,-0.2976846235993252,0.3992835597390992,0.1830788061842777,-0.51415715129285,-0.7345389295174916,0.3970169713650594,-0.7040485522788329,0.3316631041532835,0.1971571691892293,0.3892858715784046,0.4882651289150643,-0.4593915384663121,-0.6250658734131905,0.3864474566198411,-0.8413879702410941,-0.3148566808140182,-0.1640660405979173,0.3715042605985838,0.2638346944224888,0.5788894562404477,-0.6612145104475465,0.3706747837554743,0.9574735035440238,0.179808214145851,-0.004119181983312,0.3610228428786137,-0.8173402287354916,-0.0164730847898112,-0.2984211335813064,0.3504176680136001,0.431911312621975,0.803794471549053,0.2122556493887241,0.3438154253439331,-0.7983546040182375,0.2422515893668124,-0.0567266594640418,0.3344929074314439,0.4786938658418592,0.3928056180507303,-0.7045992273627207,0.3283223190676095,-0.4977585809336776,0.4980583123048224,-0.5755582610186287,0.3229856042000616,0.6747843864094005,0.6959635337500603,-0.1914216132167529,0.3010535420572933,0.6279308408837128,-0.6411822048090345,-0.1825611281202103,0.2895048417636597,0,0,1,0,0,0,0,0,0,0,0,0,1,0,0,0,0,0,0,0,0,0,0,0,0,0,1,0,0,0,0,0,0,0,0,0,0,1,0,0,0,0,0,0,0,0,0,0,0,0,0,0,0,1,0,1,0,0,0,0,0,0,0,0,0,0,0,0,0,0,0,0,0,0,0,0,1,0,0,0,0,0,0,0,0,0,1,0,0,0,0,0,0,0,0,0,0,0,0,0,1,0,0,0,0,0,0,0,0,0,0,0,1,0,0,0,0,0,0,0,0,0,0,0,0,1,0,0,0,0,0,0,0,0,0,0,0,1,0,0,0,0,0,0,0,0,0,0,0,0,0,0,0,1,0,0,0,0,0,0,0,0,0,0,0,0,0,0,1,0,0,0,0,0,0,0,0,1,0,0,0,0,0,0,0,0,1,0,0,0,0,0,0,0,0,0,0,0,0,0,1,0,0,0,0,0,0,0,0,0,0,1,0,0,0,0,0,0,0,0,0,0,0,0,0,0,1,0,0,0,0,0,0,0,0,0,1,0,0,0,0,0,0,0,0,0,0,0,0,0,0,1,0,0,0,0,0,0,0,0,0,0,0,0,0,0,0,0,1,0,0,0,0,0,0,0,1,0,0,0,0,0,0,0,0,0,0,1,0,0,0,0,0,0,0,0,0,0,0,0,1,0,0,0,0,0,0,0,0,0,0,0,1,0,0,0,0,0,0,0,0,0,0,0,0,0,1,0,0,0,1,0,0,0,0,0,0,0,0,0,0,0,0,0,0,0,0,0,0,0,0,0,1,0,0,0,0,0,0,0,0,0,1,0,0,0,0,0,0,0,0,0,0,0,0,1,0,0,0,0,0,0,0,0,0,0,0,0,0,0,0,0,0,1,0,0,0,0,0,0,0,1,0,0,0,0,0,0,0,0,0,0,0,0,1,0,0,0,0,0,0,0,0,0,0,0,0,0,1,0,0,0,0,0,0,0,1,0,0,0,0,0,0,0,0,0,0,0,0,0,0,1,0,0,0,0,0,0,0,0,0,0,0,0,0,0,0,0,1,0,0,0,0,0,0,0,1,0,0,0,0,0,0,0,0,0,1,0,0,0,0,0,0,0,0,0,0,0,0,0,0,0,1,0,0,0,0,0,0,0,0,0,0,0,0,0,0,0,1,0,0,0,0,0,0,0,0,0,1,0,0,0,0,0,0,0,0,0,0,1,0,0,0,0,0,0,0,0,0,0,0,0,1,0,0,0,0,0,0,0,0,0,0,0,1,0,0,0,0,0,0,0,0,0,0,1,0,0,0,0,0,0,0,0,0,0,1,0,0,0,0,0,0,0,0,0,0,0,0,0,0,0,0,1,0,0,0,0,0,0,0,0,1,0,0,0,0,0,0,0,0,0,0,0,0
8.22,12.0,1.0,4.4626015562366895e-18,-2.3128084312528298e-17,1.0097039749389605,0.6818967328807012,-0.5180102741317141,0.4744155711175528,0.6073071718677594,0.824343874584329,0.5450869318423104,-2.278410608846863e-17,0.5809373817909236,-0.5496371615923671,-0.0149881860139704,-0.4950668164927475,0.5687512027615831,0.3018483724768641,-0.5866140044284517,0.6029416334484055,0.5089455132370473,0.4528182109274922,-0.5112036168900257,0.6401245233567223,0.4927766581702691,0.544610677687683,0.7220671175012325,-0.398056670258457,0.4267745560009103,0.2948285856076473,0.8809608150245237,-0.2042104508155506,0.399959479026999,0.1311001705854591,0.5165301079668192,-0.7585063074763527,0.3970169713650594,0.4366219553912344,0.472966359164335,-0.7304559443323166,0.3948274575528122,0.8133686172986735,0.4557551006246312,0.2505422762886582,0.3935737302856895,0.3062198276505329,-0.4835832852033004,-0.6971834817949712,0.375461001231157,-0.5604359989324266,-0.0045726421180822,-0.5854581529038959,0.3655408623728681,0.7830340214541758,-0.4865868148288744,0.235774709302678,0.3641520194598465,0.6653196772177422,-0.5588026245224208,-0.3216311131488187,0.3630687741166768,-0.3309533139924264,-0.6347809823550954,-0.488325117946459,0.3427194651671844,0.0705040639206022,-0.3203309919283363,-0.8174639709934969,0.3398589740887555,0.8165045627654063,-0.461343338216191,-0.1227720067675278,0.3375575901508884,0.5740091671401624,0.2741637059568321,-0.7386718843316588,0.3130163173922841,-0.2664129939616085,-0.4226383233964961,-0.6940537919536186,0.3093189413765795,0.5230665854324827,0.7471050931084559,-0.3644077498802144,0.3061792735670406,-0.4380404506674253,-0.1633924965789105,-0.6956958787086052,0.3015759406728074,-0.6032716928503353,0.4151080844578706,-0.396909495727939,0.2954130120331483,0.1234423064650037,-0.0444027530957072,-0.8960607970478612,0.2933150459679809,0.7592779814477437,0.218356202578043,-0.576851936844267,0.2818188365473169,0,0,1,0,0,0,0,0,0,0,0,0,1,0,0,0,0,0,0,0,0,0,0,0,0,0,1,0,0,0,0,0,0,0,0,0,0,1,0,0,0,0,0,0,0,0,0,0,0,0,0,1,0,0,0,0,0,0,0,0,0,0,1,0,0,0,0,0,0,0,0,0,0,0,0,0,0,0,1,0,0,0,0,0,0,0,0,0,0,0,0,0,0,1,0,0,0,0,0,0,1,0,0,0,0,0,0,0,0,0,0,0,1,0,0,0,0,0,0,0,0,0,0,0,0,1,0,0,0,0,0,0,0,0,0,0,0,1,0,0,0,0,0,0,0,0,0,0,0,0,0,1,0,0,0,0,0,0,0,0,0,0,1,0,0,0,0,0,0,0,0,0,0,0,0,1,0,0,0,0,0,0,0,0,0,0,0,1,0,0,0,0,0,0,0,0,0,0,0,0,1,0,0,0,0,0,0,0,0,0,0,0,1,0,0,0,0,0,0,0,0,0,0,0,0,0,0,1,0,0,0,0,0,0,0,0,0,1,0,0,0,0,0,0,0,0,0,0,0,0,0,0,0,1,0,0,0,0,0,0,0,0,1,0,0,0,0,0,0,0,0,0,0,0,0,0,0,0,1,0,0,0,0,0,0,0,0,0,0,1,0,0,0,0,0,0,0,0,0,0,0,1,0,0,0,0,0,0,0,0,0,0,0,0,0,0,0,0,1,0,0,0,0,0,0,0,1,0,0,0,0,0,0,0,0,0,0,1,0,0,0,0,0,0,0,0,0,0,0,0,1,0,0,0,0,0,0,0,0,0,0,0,0,0,0,0,0,0,0,0,0,0,1,0,0,1,0,0,0,0,0,0,0,0,0,0,0,0,0,1,0,0,0,0,0,0,0,0,0,0,0,1,0,0,0,0,0,0,0,0,0,0,0,0,1,0,0,0,0,0,0,0,0,0,0,0,0,1,0,0,0,0,0,0,0,0,0,0,0,0,0,0,0,0,0,0,0,1,0,0,0,1,0,0,0,0,0,0,0,0,0,1,0,0,0,0,0,0,0,0,0,0,0,0,0,0,1,0,0,0,0,0,0,0,0,0,0,0,0,1,0,0,0,0,0,0,0,0,0,0,1,0,0,0,0,0,0,0,0,0,0,0,1,0,0,0,0,0,0,0,0,0,0,0,0,0,0,1,0,0,0,0,0,0,0,0,0,0,0,1,0,0,0,0,0,0,0,0,0,0,1,0,0,0,0,0,0,0,0,0,0,0,0,0,0,0,0,0,1,0,0,0,0,0,0,0,0,1,0,0,0,0,0,0,0,0,1,0,0,0,0,0,0,0,0,0,0,0,0,0,0,0,0,1,0,0,0,0,0,0,0,1,0,0,0,0,0,0,0,0,0,0,0,0,0
8.47,13.0,1.0,-5.214251647846185e-18,-1.2084187654713821e-17,1.0148700422264914,-0.6045991304532529,-0.263850862959275,-0.1547755259123092,0.6075092593392579,0.8039824451903614,0.580698052309589,-1.123788362966082e-17,0.5834794537750504,0.781058685091079,-0.4605598528055281,0.269704507404761,0.5510291665750205,0.407148459664044,0.8271295654831547,-0.25980165735893,0.4695541335090651,0.3386256187884355,-0.8689116144979036,0.2983493501944149,0.4632679219937167,0.1915513466368854,0.6383518260236846,-0.5811515879866532,0.4553700892770506,0.1099588606050517,-0.9194522865045012,0.1778024782822768,0.4290441814440952,0.6918938481920833,-0.2482971204950937,0.5599585445467057,0.4274591764428789,0.628575327282976,-0.2246587183946438,-0.5838580059373139,0.4015734176319908,0.2321212338293206,0.8813315745529865,-0.1492180602406381,0.3971188155891493,0.2322987654961492,-0.8501683300157064,0.335637393226582,0.3874219931548988,-0.6616947228258901,-0.1907239044629655,-0.2467610370913629,0.3818757996505532,0.8198747727359141,0.4981198486442239,0.103930284799607,0.3817020968347187,0.1048446571607291,-0.398636529596556,-0.7148648945089914,0.3736552395189133,-0.0406085887503724,0.678308944974546,-0.5098952705980803,0.3630687741166768,0.3527589777343348,0.8375561275229464,-0.1064344462799286,0.3622151231616458,0.8213666645331132,-0.3678366106867967,-0.0422956924723028,0.3604096400724306,0.2996895307627566,0.4648987321617784,-0.712848310047159,0.3488536695701947,0.7559140818897537,-0.2990936580283849,-0.3575879633839816,0.3403290937845561,-0.36700131220754,-0.714574534043623,-0.3615325348103715,0.3239500685964432,-0.2268626459753419,-0.2616045068372207,-0.7100213451835988,0.3208975628986014,-0.6528940227365843,0.2364167339174306,-0.0254492467830118,0.3085016733455455,0.0408153590634803,-0.8038468151573773,0.4622345044328629,0.2580017375320489,-0.729996317006585,-0.1957132737287376,-0.2375843648755646,0.224136168616745,0,0,1,0,0,0,0,0,0,0,0,0,0,0,0,0,0,0,0,0,0,0,1,0,0,0,0,0,1,0,0,0,0,0,0,0,0,0,0,1,0,0,0,0,0,0,0,0,0,0,0,1,0,0,0,0,0,0,0,0,0,0,1,0,0,0,0,0,0,0,0,0,0,0,0,0,1,0,0,0,0,0,0,0,0,0,0,0,0,0,0,0,0,0,0,0,0,1,0,0,0,1,0,0,0,0,0,0,0,0,0,0,1,0,0,0,0,0,0,0,0,0,0,0,0,0,1,0,0,0,0,0,0,0,0,0,0,0,0,0,0,0,0,0,0,0,0,1,0,0,0,0,1,0,0,0,0,0,0,0,0,0,1,0,0,0,0,0,0,0,0,0,0,0,0,1,0,0,0,0,0,0,0,0,0,0,0,0,0,0,0,0,0,0,0,0,0,1,0,0,1,0,0,0,0,0,0,0,0,0,0,0,0,0,0,0,0,0,0,0,0,0,1,0,0,1,0,0,0,0,0,0,0,0,0,0,0,0,0,0,0,0,0,0,0,0,1,0,0,0,1,0,0,0,0,0,0,0,0,0,0,0,1,0,0,0,0,0,0,0,0,0,0,0,0,1,0,0,0,0,0,0,0,0,0,0,0,0,0,0,0,0,0,0,0,0,0,1,0,0,0,1,0,0,0,0,0,0,0,0,0,0,0,0,1,0,0,0,0,0,0,0,0,0,0,0,0,0,1,0,0,0,0,0,0,0,0,1,0,0,0,0,0,0,0,0,0,0,0,0,0,0,0,1,0,0,0,0,0,0,0,1,0,0,0,0,0,0,0,0,0,0,0,0,0,1,0,0,0,0,0,0,0,0,0,0,0,1,0,0,0,0,0,0,0,0,0,0,0,0,1,0,0,0,0,0,0,0,0,0,0,0,1,0,0,0,0,0,0,0,0,0,0,0,0,0,1,0,0,0,0,0,0,0,0,0,0,0,0,0,0,0,0,0,0,0,0,1,0,0,0,1,0,0,0,0,0,0,0,0,0,0,1,0,0,0,0,0,0,0,0,0,0,0,0,0,0,1,0,0,0,0,0,0,0,0,0,0,0,0,0,0,0,0,0,0,1,0,0,0,1,0,0,0,0,0,0,0,0,0,0,1,0,0,0,0,0,0,0,0,0,0,0,0,0,0,1,0,0,0,0,0,0,0,0,0,1,0,0,0,0,0,0,0,0,0,0,0,0,0,1,0,0,0,0,0,0,0,0,0,0,0,0,0,1,0,0,0,0,0,0,0,0,0,0,0,1,0,0,0,0,0,0,0,0,0,0,0,0,0,0,0,0,0,0,0,0,1,0,0,0,0,1,0,0,0,0,0,0,0,0,1,0,0,0,0,0,0,0,0,0,0,0,0,0
8.16,14.0,1.0,1.3891533787477972e-17,-5.7084656974221536e-18,1.018645404267136,-0.7281550709172421,-0.0328895751202146,0.6129117831236954,0.6040649727382311,0.8678358531658681,0.4953991407701264,-2.8513559569238e-18,0.5546950085588469,0.785267779420747,-0.6061839726318347,-0.0554346067032153,0.5487810183125673,-0.0375230053245595,0.9512059302842678,-0.2442502975742158,0.4891137310524923,0.2721802832331763,-0.9516790180274374,0.096534428371144,0.4762202587813358,0.026390146674622,-0.8442046828919864,0.4356771737808178,0.458471005338455,0.4357492498789157,0.8930623406588667,0.0314091768635181,0.4480484151650631,-0.4997563465810505,-0.1756554855646952,-0.8147192853343898,0.4467938430191817,0.2192756692779466,-0.1999853300332888,-0.9148904713896088,0.4432582124529707,-0.0294326143600116,-0.9621785635891744,-0.1270293024543159,0.4307068672852622,-0.7783974589477463,0.0363864977645253,-0.5753695156160881,0.4192393774026783,-0.2773410269416627,0.9152300015460012,-0.048256657804437,0.4015734176319908,0.5175117032664649,-0.3043720690909927,-0.7795082695296374,0.3955069316115615,-0.855379549380775,0.0767884607918826,0.4304079792216225,0.3944562649134593,-0.0212069839803376,0.7632086337184913,-0.6155689060500079,0.3939549916786712,0.8394999177908264,-0.4753939920057976,0.2245212325501331,0.3939297496427048,0.704256193818178,-0.4971663903828333,-0.4838224200390627,0.3826263131875396,0.9400312424928746,0.3206807999887152,-0.0828948769596817,0.3691978969091559,-0.7072486889610048,0.4184089027582486,-0.5114265623777348,0.3679738434708198,0.2859549068657225,0.830507734901176,0.4545130062040192,0.3598455832317254,-0.9272095043069608,-0.1875886893755492,-0.2159783659868824,0.3568400852217298,-0.1083689136065793,-0.8262097865818372,0.3786815253982671,0.347753871878299,0.2528942530266143,0.6151931945147893,-0.727502211523626,0.3375923868695872,-0.9583337073764298,0.0352154710758415,0.1135928225533613,0.3349115360881897,0,0,1,0,0,0,0,0,0,0,0,0,0,0,0,0,0,0,0,0,0,1,0,0,0,0,0,0,1,0,0,0,0,0,0,0,1,0,0,0,0,0,0,0,0,0,0,0,0,0,0,1,0,0,0,0,0,0,0,0,0,0,0,0,0,0,0,0,0,0,0,0,1,0,0,0,1,0,0,0,0,0,0,0,0,0,0,0,0,0,0,0,0,0,0,0,1,0,0,0,0,0,1,0,0,0,0,0,0,0,0,0,0,0,0,0,0,0,0,0,0,0,1,0,0,0,1,0,0,0,0,0,0,0,0,0,0,0,0,0,0,0,0,0,0,0,1,0,0,0,0,0,0,1,0,0,0,0,0,0,0,0,0,0,0,0,0,0,0,0,0,1,0,0,0,0,1,0,0,0,0,0,0,0,0,0,0,0,0,0,0,0,0,0,0,0,0,1,0,0,0,0,0,1,0,0,0,0,0,0,0,0,1,0,0,0,0,0,0,0,0,0,0,0,0,1,0,0,0,0,0,0,0,0,0,0,0,1,0,0,0,0,0,0,0,0,0,0,0,0,1,0,0,0,0,0,0,0,0,0,0,0,0,0,0,0,0,0,0,0,0,1,0,0,0,0,1,0,0,0,0,0,0,0,0,0,0,1,0,0,0,0,0,0,0,0,0,0,0,0,1,0,0,0,0,0,0,0,0,0,0,0,0,0,0,0,0,0,0,0,0,0,1,0,0,0,0,1,0,0,0,0,0,0,0,0,0,1,0,0,0,0,0,0,0,0,0,0,0,0,0,1,0,0,0,0,0,0,0,0,0,1,0,0,0,0,0,0,0,0,0,0,0,0,0,0,1,0,0,0,0,0,0,0,0,0,0,1,0,0,0,0,0,0,0,0,0,0,0,0,1,0,0,0,0,0,0,0,0,0,0,0,0,0,0,0,0,0,0,0,0,1,0,0,0,0,1,0,0,0,0,0,0,0,0,0,0,0,0,0,0,0,0,0,0,0,1,0,0,0,0,0,0,1,0,0,0,0,0,0,0,0,0,0,0,0,0,0,0,0,0,0,1,0,0,0,0,1,0,0,0,0,0,0,0,0,0,1,0,0,0,0,0,0,0,0,0,0,0,0,0,1,0,0,0,0,0,0,0,0,0,0,0,0,0,0,0,0,0,0,0,0,1,0,0,0,1,0,0,0,0,0,0,0,0,0,0,1,0,0,0,0,0,0,0,0,0,0,0,0,1,0,0,0,0,0,0,0,0,0,0,0,0,0,0,0,0,0,0,0,0,1,0,0,0,0,0,0,1,0,0,0,0,0,0,0,0,1,0,0,0,0,0,0,0,0,0,0,0,0,0,0,1,0,0,0,0,0,0,0,0,0,1,0,0,0,0,0,0,0,0,0,0,0,0
7.82,15.0,1.0,5.6855157932064895e-18,5.2451677132697984e-18,1.0139200746606023,0.6906982686226766,-0.6108493392583478,0.2232986362691284,0.6022287798370478,-0.6755417535761368,0.1038794825629788,0.1874215956978414,0.5837645639425595,0.9034790269801226,0.4144202970505615,-1.9356515662590905e-17,0.5423395137116918,0.3761038095871194,-0.6129803851876348,0.4774165401853047,0.5121424949869531,0.5037214226293649,-0.6879464114108808,0.3610973487168357,0.4593481563504459,0.2850144288940149,0.7097204308494639,-0.4880116856778451,0.4441763965352107,-0.0712975966453804,0.7378682335050049,-0.3617765415094024,0.4432582124529706,-0.2156414902650076,-0.3332855177271754,-0.7566527355477989,0.4378193024222074,0.5874452957381612,0.7515502888685337,-0.1825416264127798,0.4258273770246775,-0.4485460204415513,-0.0836020750384699,-0.6811844427563647,0.3973451931480093,0.3720604186105263,-0.5662223544859555,-0.566365764752806,0.3892145592639766,0.6647222809020696,-0.6026663538300745,-0.1445178500046266,0.3872703361683899,-0.7285771832333316,0.1906110766199608,0.0189728517451233,0.3844689663906223,0.9350412558100216,0.2592985713406693,0.0588431324462722,0.3676532873471866,0.2938212961556875,0.4906213141163841,-0.7003343912568691,0.3670530686877352,0.5967804441267999,-0.4912276321789265,-0.4611068254022386,0.3660519655305558,0.3303869221486687,0.8426903057271911,0.1082600963451112,0.3589180808780248,0.0763246840099993,0.8056307026591714,0.2362060678797535,0.3510696983717905,-0.7072354769823957,-0.1891938850215595,-0.4042237664807436,0.3424525240874722,-0.7573209355463864,0.0731173173358434,-0.217336662191085,0.3261389842043953,0.5259358616445566,0.3455749268983733,-0.6902781943396076,0.3238059598173491,0.6354740387031392,0.7171780374495412,-0.233133995874864,0.3059204984930209,-0.5052032101577831,0.3793618927329247,-0.6261437776573304,0.2840719996985135,-0.1660937914959185,0.4594116762792464,-0.7555519661200487,0.251623342440866,0,0,1,0,0,0,0,0,0,0,0,0,1,0,0,0,0,0,0,0,0,0,0,0,0,0,1,0,0,0,0,0,0,0,0,0,0,1,0,0,0,0,0,0,0,0,0,0,0,0,0,0,0,1,0,0,0,0,0,0,0,0,1,0,0,0,0,0,0,0,0,0,0,0,0,0,1,0,0,0,0,0,0,0,0,0,0,0,0,0,0,0,0,0,0,0,1,0,0,0,1,0,0,0,0,0,0,0,0,0,0,0,1,0,0,0,0,0,0,0,0,0,0,0,0,1,0,0,0,0,0,0,0,0,0,0,0,1,0,0,0,0,0,0,0,0,0,0,0,0,0,0,1,0,0,0,0,0,0,0,0,0,0,0,0,0,0,0,0,0,0,1,0,0,0,1,0,0,0,0,0,0,0,0,0,0,0,0,0,0,0,0,0,0,0,0,1,0,0,0,0,0,0,1,0,0,0,0,0,0,0,0,1,0,0,0,0,0,0,0,0,0,0,0,0,0,1,0,0,0,0,0,0,0,0,0,0,0,0,0,0,0,0,0,0,0,1,0,0,0,0,1,0,0,0,0,0,0,0,0,0,0,1,0,0,0,0,0,0,0,0,0,0,0,0,1,0,0,0,0,0,0,0,0,0,0,0,0,0,0,0,0,1,0,0,0,0,0,0,0,0,1,0,0,0,0,0,0,0,0,0,0,1,0,0,0,0,0,0,0,0,0,0,0,0,0,1,0,0,0,0,0,0,0,0,0,0,1,0,0,0,0,0,0,0,0,0,0,0,0,0,0,0,1,0,0,0,0,0,0,0,0,0,0,0,0,0,0,0,0,0,1,0,0,0,0,1,0,0,0,0,0,0,0,0,0,0,0,0,0,0,0,0,0,0,0,0,1,0,0,0,0,1,0,0,0,0,0,0,0,0,0,0,0,0,0,0,1,0,0,0,0,0,0,0,0,1,0,0,0,0,0,0,0,0,0,0,0,0,0,0,0,0,0,0,0,1,0,0,0,1,0,0,0,0,0,0,0,0,0,0,0,0,0,0,0,0,0,0,0,0,1,0,0,0,0,1,0,0,0,0,0,0,0,0,0,0,1,0,0,0,0,0,0,0,0,0,0,0,0,0,0,1,0,0,0,0,0,0,0,0,0,1,0,0,0,0,0,0,0,0,0,0,0,0,0,0,0,1,0,0,0,0,0,0,0,0,0,0,0,0,0,0,0,0,0,0,1,0,0,1,0,0,0,0,0,0,0,0,0,0,0,0,0,0,0,0,0,0,0,0,1,0,0,0,0,0,1,0,0,0,0,0,0,0,0,0,0,0,0,0,0,0,0,0,0,0,1,0,0,0,1,0,0,0,0,0,0,0,0,0,0,0,0,0,0,0,0,0,0,0,0,1,0,0
7.95,16.0,1.0,1.2321353484458736e-17,-1.681181594852336e-17,1.0082813933526265,0.7987570631841077,0.5926390943393114,1.6169198131281e-17,0.6201229624733221,0.7417606511810018,-0.4957500294975115,0.3806091457488152,0.5707103679908003,-0.4938350403364825,-0.1746125667063654,-0.3728949663203637,0.541075048517906,0.2953141637047812,-0.892727937936123,0.3095935179921835,0.4746509884797388,0.5692282116375307,-0.272662785415997,0.6912973959676906,0.4596544861769652,0.4345026723802859,0.7972317956054773,-0.3371130649329662,0.4587910047965635,0.0960119115146458,-0.9288067981908744,0.2287792171260051,0.4257744741624398,0.3034078871704387,0.5254515737142001,-0.6184363198590995,0.4199416767425748,0.7912004551631278,0.5112240808773979,0.2075157851199602,0.4091530569904946,0.1824720387972921,-0.9052372860050472,0.1225077644361515,0.4080966074757558,0.0343286912294818,0.5414947421677252,-0.6070111404181585,0.3892145592639766,0.2867382462836566,0.883499335958313,-0.2075719633283357,0.3852088524562548,0.6639675713716097,-0.4037543846784883,-0.4403944662758639,0.3778105866959985,0.3000588745251534,0.8548460126365877,-0.2587317379906014,0.3683365518913639,0.2009345119728993,-0.4569305320350513,-0.5989557987447252,0.3622186653723629,0.0926321729580063,-0.7843357129622752,0.4959284013717097,0.3606160190234996,0.8214500901220498,-0.4103361779323921,0.1309369105483924,0.3595874420028125,0.42040219550806,0.359719850654368,-0.6292667659238534,0.3314172567783176,0.806517382094445,-0.3674830368729336,-0.2048461464221003,0.3309175836848601,-0.5939635213341548,-0.1039892452637631,-0.5914996654886712,0.3254055217262767,0.0054766277040439,-0.3211603319865809,-0.6728422315021115,0.3251172460541509,-0.2619286265424251,-0.6676111292766785,-0.4157784878736367,0.3123887012977372,-0.1979286599031681,-0.5707635505120924,0.6780075455085157,0.2627418810103195,0.5381762820993164,0.3464020508641283,-0.5317683373600641,0.2461128892127345,0,0,1,0,0,0,0,0,0,0,0,0,0,0,0,0,0,1,0,0,0,0,0,0,0,0,1,0,0,0,0,0,0,0,0,0,0,1,0,0,0,0,0,0,0,0,0,0,0,0,0,1,0,0,0,0,0,0,0,0,0,0,0,0,0,0,0,1,0,0,0,0,0,0,0,0,0,0,1,0,0,0,0,0,0,0,0,1,0,0,0,0,0,0,0,0,0,0,0,0,0,1,0,0,0,0,0,0,0,0,0,0,0,0,0,0,0,1,0,0,0,0,0,0,0,1,0,0,0,0,0,0,0,0,0,0,0,0,0,0,0,0,1,0,0,0,0,0,0,0,0,1,0,0,0,0,0,0,0,0,0,0,1,0,0,0,0,0,0,0,0,0,0,0,0,1,0,0,0,0,0,0,0,0,0,0,0,0,0,0,0,0,1,0,0,0,0,0,0,0,0,0,1,0,0,0,0,0,0,0,0,0,1,0,0,0,0,0,0,0,0,0,0,0,0,0,0,0,1,0,0,0,0,0,0,0,0,1,0,0,0,0,0,0,0,0,0,0,0,0,1,0,0,0,0,0,0,0,0,0,0,0,0,0,0,0,0,1,0,0,0,0,0,0,0,1,0,0,0,0,0,0,0,0,0,0,0,1,0,0,0,0,0,0,0,0,0,0,0,0,1,0,0,0,0,0,0,0,0,0,0,0,1,0,0,0,0,0,0,0,0,0,0,0,0,1,0,0,0,0,0,0,0,0,0,0,0,0,0,1,0,0,0,0,0,0,0,0,0,0,1,0,0,0,0,0,0,0,0,0,0,0,1,0,0,0,0,0,0,0,0,0,0,0,0,0,0,0,1,0,0,0,0,0,0,0,0,0,0,0,0,0,0,0,0,0,0,1,0,0,0,1,0,0,0,0,0,0,0,0,0,0,0,0,0,0,0,1,0,0,0,0,0,0,0,0,1,0,0,0,0,0,0,0,0,0,0,0,0,0,0,0,1,0,0,0,0,0,0,0,0,1,0,0,0,0,0,0,0,0,0,0,0,0,0,0,0,0,0,0,0,1,0,0,0,0,0,1,0,0,0,0,0,0,0,0,0,0,0,1,0,0,0,0,0,0,0,0,0,0,0,1,0,0,0,0,0,0,0,0,0,0,1,0,0,0,0,0,0,0,0,0,0,0,0,0,1,0,0,0,0,0,0,0,0,0,0,0,0,0,0,0,0,0,0,0,0,1,0,0,1,0,0,0,0,0,0,0,0,0,0,0,0,0,0,0,0,0,0,0,0,0,1,0,0,1,0,0,0,0,0,0,0,0,0,0,0,0,0,0,0,0,1,0,0,0,0,0,0,0,0,0,0,1,0,0,0,0,0,0,0,0,0,0,0,0,0,0,0,0,0,1,0,0,0
7.89,17.0,1.0,-1.9881762170511288e-17,1.0447449147622753e-17,1.0165176308068098,0.8456696205395747,0.5318027987364078,6.456678743316008e-18,0.5510696287722758,-0.8842910034779108,0.0943818840576906,0.1279860451716268,0.5436251278881971,0.8060177770476334,-0.5551313038921816,0.1226825543477399,0.5377847777836315,0.0548222570786997,0.8179341377871436,-0.5083818617266456,0.4677335942134927,0.310163234335245,-0.9187370053054318,0.2166905247468769,0.465023930001179,0.0017276839387523,-0.9891985303994428,-0.0890419043924922,0.4609467655356451,0.4098046764102362,0.8900725056372323,-0.1220183084810291,0.4507218968844304,-0.210036059272296,-0.5944810905388468,0.7169640854808734,0.4374850520267334,0.0270059574246848,-0.7497116182693314,0.6414823799350053,0.4241997279413984,0.4266380728031436,-0.3609430042862825,-0.7811773835249932,0.4140706376422661,0.8207166617047976,-0.3480706450030016,0.400103489007993,0.4029409217745403,0.1305015032372268,0.918712638456422,0.2720948834707956,0.3853359442540949,-0.1903715576638931,0.8577919350086717,-0.3919688216675453,0.3778105866959985,-0.0698398275536855,-0.622612602244503,0.7296374656148241,0.3736834346405505,-0.197243319831362,-0.3518386632446013,-0.8651681659390679,0.3730689857299564,0.117826079288653,0.6016552478299801,-0.7495150209490781,0.3696506562259545,0.8043560545507009,-0.4831146819564669,-0.2647437734353991,0.3651321727663112,0.9190335585036876,0.3762273000038811,0.0231203970187161,0.3650198485697952,0.0020981155005319,0.787045174789741,0.5483599074908765,0.3615024717801205,0.6758950337029045,-0.3649658112710743,-0.5895419976783219,0.35841896521965,-0.5038724872315188,-0.1501518609438751,-0.7856600490098863,0.339953830376681,-0.924707180895836,0.0781147019897918,-0.0314012693323301,0.3318693010098951,0.4864062990362252,0.849403074699312,-0.1743278886675659,0.316161724804055,-0.5625233437345811,0.2436815425601878,-0.7473957681242988,0.275303647757476,0,0,1,0,0,0,0,0,0,0,0,0,0,0,1,0,0,0,0,0,0,0,0,0,0,0,1,0,0,0,0,0,0,0,0,0,0,0,0,0,0,0,1,0,0,0,0,0,0,0,0,0,0,1,0,0,0,0,0,0,0,0,0,0,0,0,0,0,0,0,0,0,1,0,0,0,1,0,0,0,0,0,0,0,0,0,0,0,0,1,0,0,0,0,0,0,0,0,0,0,0,0,1,0,0,0,0,0,0,0,0,0,0,0,0,0,0,1,0,0,0,0,0,0,0,0,1,0,0,0,0,0,0,0,0,0,0,0,0,1,0,0,0,0,0,0,0,0,0,0,1,0,0,0,0,0,0,0,0,0,0,0,0,0,1,0,0,0,0,0,0,0,0,0,0,0,1,0,0,0,0,0,0,0,0,0,0,0,0,0,0,0,1,0,0,0,0,0,0,0,1,0,0,0,0,0,0,0,0,0,0,0,0,0,1,0,0,0,0,0,0,0,0,0,0,0,1,0,0,0,0,0,0,0,0,0,0,0,0,1,0,0,0,0,0,0,0,0,0,0,1,0,0,0,0,0,0,0,1,0,0,0,0,0,0,0,0,0,0,0,0,0,0,0,0,1,0,0,0,0,0,0,0,0,0,0,0,0,0,1,0,0,0,0,0,0,0,0,0,0,0,1,0,0,0,0,0,0,0,0,0,0,0,0,0,0,0,1,0,0,0,0,0,0,0,1,0,0,0,0,0,0,0,0,0,0,0,0,0,0,0,0,1,0,0,0,0,0,0,0,1,0,0,0,0,0,0,0,0,0,0,0,0,0,1,0,0,0,0,0,0,0,0,0,0,0,0,0,1,0,0,0,0,0,0,0,0,0,0,0,0,0,0,0,0,0,1,0,0,0,0,1,0,0,0,0,0,0,0,0,0,0,1,0,0,0,0,0,0,0,0,0,0,0,0,0,1,0,0,0,0,0,0,0,0,0,0,0,0,1,0,0,0,0,0,0,0,0,0,0,0,0,0,1,0,0,0,0,0,0,0,0,0,0,0,0,0,1,0,0,0,0,0,0,0,1,0,0,0,0,0,0,0,0,0,0,0,0,0,0,0,0,1,0,0,0,0,0,0,0,0,0,1,0,0,0,0,0,1,0,0,0,0,0,0,0,0,0,0,0,0,0,0,0,0,0,1,0,0,0,0,0,0,0,0,0,0,0,0,0,0,0,0,0,0,0,1,0,0,0,0,1,0,0,0,0,0,0,0,0,0,0,0,0,0,0,0,0,0,0,0,0,1,0,0,1,0,0,0,0,0,0,0,0,0,0,0,0,0,0,0,0,1,0,0,0,0,0,0,0,0,0,1,0,0,0,0,0,0,0,0,0,1,0,0,0,0,0,0,0,0,0,0,0,0
8.15,18.0,1.0,-1.0427984867505304e-17,6.801265259193832e-18,1.0152803499552885,0.866463308232533,0.492033307793455,-9.737839671166504e-19,0.5618863281216429,0.7598532679871014,-0.5832132101843743,0.2059277922405319,0.5612368313725768,-0.8087112686089527,0.0522897414662755,0.1352297634213214,0.5302605040410052,0.2148066060846287,-0.9319871664909106,0.2672994044249389,0.4954003569316086,0.1582360627780646,0.7537340582501777,-0.5565771083380221,0.4610314440447339,0.4795664611310676,0.8388034277176407,-0.1903306397359742,0.4430936378178384,0.0103730978867396,-0.8795938488317809,0.3710382992002719,0.4405892775610563,0.7166616300374717,-0.3945903701954768,0.5170814646223625,0.4210620789267542,0.014611994236044,-0.9531817471466688,0.0004290890481032,0.4204743695282361,-0.1042334427602578,0.8364721050519475,0.3162805685020565,0.4170215091529646,-0.2028165056673528,0.7627161614475493,-0.4588550947600877,0.4140706376422661,-0.1386057665239258,-0.3697440312622244,-0.8163437509685846,0.4041939580490104,-0.4247035344707637,-0.1614593389084363,-0.762696050671342,0.3761197665041286,0.9251977465393396,0.3278888910204987,0.0638749218139766,0.3734463227878689,0.1925920367332654,0.9172835388290268,0.1478333397499342,0.3715215153835264,0.7844086468555215,-0.5318422176106756,-0.1555351196038972,0.3663237474236614,0.4320130807362637,-0.5112665133362092,-0.6592143153463043,0.3659089632256353,0.2376546180894381,0.4942570441528008,-0.778227909870095,0.3643408263159825,0.0849739748964378,-0.8356545435396379,0.4494572563825615,0.357355594400521,0.6895779700941757,-0.4240977987938008,-0.5043075012226068,0.356988444206523,-0.853557406535666,0.0922600571185951,-0.0209661500086362,0.3418390396759595,0.5586192281521464,0.7807406564896835,-0.2600355567142214,0.316475128356713,-0.7098067850490017,-0.2737648116212826,-0.4706944391252104,0.2995479674412486,-0.5103756512751267,0.2571761440881455,-0.7532092988631859,0.2786221218602479,0,0,1,0,0,0,0,0,1,0,0,0,0,0,0,0,0,0,0,0,0,0,0,0,0,0,1,0,0,0,0,0,0,0,0,0,0,0,0,1,0,0,0,0,0,0,0,0,0,0,0,1,0,0,0,0,0,0,1,0,0,0,0,0,0,0,0,0,0,0,0,0,0,0,0,0,0,0,1,0,0,0,0,0,0,0,0,0,0,0,0,0,0,0,0,0,1,0,0,0,0,1,0,0,0,0,0,0,1,0,0,0,0,0,0,0,0,0,0,0,0,0,0,0,0,0,0,1,0,0,0,0,0,0,0,0,0,0,0,1,0,0,0,0,0,0,0,0,0,0,0,1,0,0,0,0,0,0,0,0,0,0,0,0,1,0,0,0,0,0,0,0,0,0,0,1,0,0,0,0,0,0,0,1,0,0,0,0,0,0,0,0,0,0,0,0,0,0,0,0,1,0,0,0,0,0,0,0,1,0,0,0,0,0,0,0,0,0,0,0,0,0,0,0,0,1,0,0,0,0,0,0,0,1,0,0,0,0,0,0,0,0,0,0,0,0,0,0,0,0,1,0,0,0,0,0,0,0,0,0,0,0,0,0,1,0,0,0,0,0,0,0,0,0,0,1,0,0,0,0,0,0,0,0,0,0,0,0,0,1,0,0,0,0,0,0,0,0,0,0,0,0,0,1,0,0,0,0,0,0,0,0,1,0,0,0,0,0,0,0,0,0,0,0,0,0,1,0,0,0,0,0,0,0,0,0,0,1,0,0,0,0,0,0,0,0,0,0,0,0,0,0,0,1,0,0,0,0,0,0,0,0,0,0,1,0,0,0,0,0,0,0,0,0,0,0,1,0,0,0,0,0,0,0,0,0,0,0,0,1,0,0,0,0,0,0,0,0,0,0,0,1,0,0,0,0,0,0,1,0,0,0,0,0,0,0,0,0,0,0,0,0,0,0,0,1,0,0,0,0,0,0,0,0,0,0,0,1,0,0,0,0,0,0,0,0,0,0,0,0,0,1,0,0,0,0,0,0,0,0,0,0,0,0,0,0,0,1,0,0,0,0,0,0,0,0,1,0,0,0,0,0,0,1,0,0,0,0,0,0,0,0,0,0,0,0,0,0,0,0,0,0,1,0,0,0,0,0,0,0,0,0,1,0,0,0,0,0,0,0,0,0,0,0,0,0,1,0,0,0,0,0,0,0,0,0,0,0,0,0,0,0,0,0,0,0,1,0,0,0,1,0,0,0,0,0,0,0,0,0,0,0,0,0,1,0,0,0,0,0,0,0,0,0,0,0,1,0,0,0,0,0,0,0,0,0,0,1,0,0,0,0,0,0,0,0,0,0,0,0,0,0,1,0,0,0,0,0,0,0,0,0,0,0,0,0,0,1,0,0,0,0,0,0,0
8.17,19.0,1.0,1.14906412716349e-17,9.176762539125744e-18,1.012055772603336,0.6809943715628041,-0.5254345043219087,0.4713482065448632,0.6079985413952873,-0.6620252921029068,0.0087306868225662,-0.4323523326029185,0.5770534539960815,0.8552536599463993,0.5024140188186962,1.173754138073584e-17,0.5546425516428193,0.2991224245403714,-0.5857348955984767,0.6022670082744536,0.516971653645465,0.4471919465401147,-0.5100183055319769,0.6468395034684222,0.4856637741764446,-0.0821850818590259,0.8584655761883987,-0.0883390665510874,0.4241495437402151,0.5684177997796749,0.7171824788513906,-0.3705901188125218,0.4219465528950535,0.4300398978557637,0.4783667136807686,-0.7172011383179994,0.4029821877159586,0.1766517799490065,0.9040365538858216,-0.2219878072244009,0.3797412338672917,0.2133063511269282,-0.5300298043699534,-0.7007763717414425,0.3791834750149613,0.8656776105397611,0.3967357323385135,0.2024044255044894,0.3765303320642051,-0.6427008162746543,0.0245976121823278,-0.5310593519997998,0.3676224038655157,0.7691772713523283,-0.5337889832846466,0.204188431609671,0.3667401452672726,0.1230802647165206,0.5266239596568045,-0.7493468386139305,0.3659089632256353,0.6469015062147724,-0.583517398115075,-0.3126679830904845,0.3655814559257093,-0.0237271663580917,-0.3489480768124233,-0.8125523685920231,0.3465256387887628,0.8056464491429909,-0.4979900857597015,-0.1185712886190256,0.3408210861265376,-0.4270987630139931,-0.6412327740584033,-0.4686650376368268,0.3369241287227505,0.5473624974320597,0.2455837978071725,-0.7541791817915804,0.3236820043017396,-0.3656657749598891,-0.4288589203740324,-0.6738551686729843,0.3120985667051166,-0.5343665066615253,-0.1531119958219367,-0.6516588351511543,0.3071414064511725,0.6261295904614379,0.7036148976413399,-0.3168790712268661,0.3025448891265138,0.0090169783794865,0.9292981363805491,-0.2688181824407902,0.2918529813222288,0.7487264056052434,0.1780160525387675,-0.595440682213577,0.2914240909924722,0,0,1,0,0,0,0,0,0,0,0,0,1,0,0,0,0,0,0,0,0,0,0,0,0,0,1,0,0,0,0,0,0,0,0,0,0,1,0,0,0,0,0,0,0,0,0,0,0,0,0,0,0,1,0,0,0,0,0,0,0,0,1,0,0,0,0,0,0,0,0,0,0,0,0,0,1,0,0,0,0,0,0,1,0,0,0,0,0,0,0,0,0,0,0,0,0,0,0,0,1,0,0,0,0,0,0,0,0,0,0,0,1,0,0,0,0,0,0,0,0,0,0,0,0,1,0,0,0,0,0,0,0,0,0,0,0,1,0,0,0,0,0,0,0,0,0,0,0,0,1,0,0,0,0,0,0,0,1,0,0,0,0,0,0,0,0,0,0,0,0,0,0,0,0,0,1,0,0,0,0,0,0,1,0,0,0,0,0,0,0,0,0,0,0,0,0,0,0,0,0,0,1,0,0,0,0,0,1,0,0,0,0,0,0,0,0,0,0,0,0,0,0,0,0,0,1,0,0,0,0,0,0,1,0,0,0,0,0,0,0,0,0,0,0,0,0,0,0,0,0,0,0,1,0,0,0,0,0,0,0,0,0,0,0,0,0,1,0,0,0,0,0,0,0,0,0,0,1,0,0,0,0,1,0,0,0,0,0,0,0,0,0,0,0,0,0,0,0,0,0,1,0,0,0,0,0,0,0,0,0,0,1,0,0,0,0,0,0,0,0,0,0,0,0,0,1,0,0,0,0,0,0,0,0,0,0,1,0,0,0,0,0,0,0,0,0,0,0,0,1,0,0,0,0,0,0,0,1,0,0,0,0,0,0,0,0,0,0,0,0,0,0,0,0,1,0,0,0,0,0,0,0,0,0,0,0,0,0,0,0,0,0,0,0,0,0,1,0,0,0,1,0,0,0,0,0,0,0,0,0,0,0,0,0,0,0,1,0,0,0,0,0,0,0,0,0,1,0,0,0,0,0,0,0,0,0,0,0,0,0,0,0,0,0,0,0,1,0,0,1,0,0,0,0,0,0,0,0,0,0,0,0,0,0,0,0,1,0,0,0,0,0,0,0,0,1,0,0,0,0,0,0,0,0,0,0,0,0,1,0,0,0,0,0,0,0,0,0,0,0,1,0,0,0,0,0,0,0,0,0,0,0,0,0,0,0,1,0,0,0,0,0,0,0,0,0,1,0,0,0,0,0,0,0,0,0,0,0,0,0,0,1,0,0,0,0,0,0,0,1,0,0,0,0,0,0,0,1,0,0,0,0,0,0,0,0,0,0,0,0,0,0,0,0,1,0,0,0,0,0,0,0,1,0,0,0,0,0,0,0,0,0,0,0,0,0,0,0,0,0,0,0,1,0,0,0,0,0,0,0,0,0,0,1,0,0,0,0,0,0,0,0,0,0
8.13,20.0,1.0,6.669646878392213e-18,1.2062510443921934e-17,1.008650407163835,0.8312117264458866,0.5478572345546615,-9.984451380058232e-20,0.6147223994913895,0.7455196475762867,-0.4954898461862142,0.3683876259386349,0.5687340367483682,-0.6052349484835082,-0.1529520961380726,-0.1877316528092632,0.5628419414760384,0.2623596448768698,-0.8870865763672219,0.3603495229830123,0.482732022331495,0.4496731033332536,0.7930714513411232,-0.3330897627832586,0.4715391819620054,0.0204667286837794,-0.8360659649196661,0.4510491496295682,0.4504734414561294,0.2356950990627089,0.5717468956221077,-0.6541808336157746,0.4494831676411569,0.6154666596886027,-0.2573784707552376,0.6592392031031531,0.446889941647245,0.0494009074580039,-0.9504978548024796,0.1295852422841779,0.4269815212231201,0.8395880774394249,0.4586066722261687,0.1674661889608601,0.397999164880617,0.2947291624936287,0.8637938909048041,-0.2043122246484442,0.3952194719314259,0.0771084946089204,-0.4474003468556254,-0.6676705835469005,0.3820067123060873,0.3681922236197177,0.8334906319425807,-0.2129682763115855,0.3683612689626171,-0.012223770089847,0.6574234484258141,-0.568259602418717,0.3655814559257092,0.6429068788980867,-0.4167226309141708,-0.4664631459132818,0.3646444021960027,-0.641366866986816,-0.1015708617343759,-0.2895803886041049,0.3644092209240809,0.8157430928516666,-0.436240988422749,0.0797384881830883,0.3605773206190762,0.3522777328592895,0.3691070869063912,-0.7552134714302106,0.3506392146804979,-0.1638242013684271,-0.306587631892807,-0.6932470871736471,0.3474268537114776,-0.4089895413122129,-0.6675864583460196,-0.3086234809864269,0.3342685710584913,0.7793004104037013,-0.3862229341065534,-0.2701679437226799,0.333715015129437,0.1918820493170994,-0.808204259189466,0.4789912438903194,0.3246094348784692,0.5800084663650965,0.3125028165423948,-0.6672180027250633,0.3092427425235804,-0.5294719874451201,-0.3113043481679142,-0.4948455343612894,0.2690933682226974,0,0,1,0,0,0,0,0,0,0,0,0,0,0,0,0,0,0,0,0,0,0,1,0,0,0,1,0,0,0,0,0,0,0,0,0,0,1,0,0,0,0,0,0,0,0,0,0,0,0,0,1,0,0,0,0,0,0,0,0,0,0,0,0,0,0,0,0,0,0,0,0,1,0,0,0,0,0,1,0,0,0,0,0,0,0,0,0,0,0,0,0,1,0,0,0,0,0,0,0,0,1,0,0,0,0,0,0,0,0,0,0,0,0,0,0,0,0,0,0,0,0,1,0,0,0,1,0,0,0,0,0,0,0,0,0,0,1,0,0,0,0,0,0,0,0,0,0,0,0,1,0,0,0,0,0,0,0,0,0,0,0,0,0,0,0,0,0,0,0,0,0,1,0,0,0,0,1,0,0,0,0,0,0,0,0,0,1,0,0,0,0,0,0,0,0,0,0,0,0,1,0,0,0,0,0,0,0,0,0,0,0,0,0,0,0,0,0,0,0,0,0,1,0,0,1,0,0,0,0,0,0,0,0,0,0,0,0,0,0,0,0,0,0,0,0,0,1,0,0,0,0,0,1,0,0,0,0,0,0,0,0,1,0,0,0,0,0,0,0,0,0,0,0,0,1,0,0,0,0,0,0,0,0,0,0,0,1,0,0,0,0,0,0,0,0,0,0,0,0,0,0,0,1,0,0,0,0,0,0,0,0,0,0,1,0,0,0,0,0,0,0,0,0,0,1,0,0,0,0,0,0,0,0,0,0,0,1,0,0,0,0,0,0,0,0,0,0,0,0,1,0,0,0,0,0,0,0,0,0,0,0,1,0,0,0,0,0,0,0,0,0,0,0,0,1,0,0,0,0,0,0,0,0,0,0,0,0,0,0,0,0,0,0,0,0,0,0,1,0,0,1,0,0,0,0,0,0,0,0,0,0,0,0,0,0,0,1,0,0,0,0,0,0,0,0,1,0,0,0,0,0,0,0,0,0,0,0,0,0,0,0,0,0,0,0,0,1,0,0,0,1,0,0,0,0,0,0,1,0,0,0,0,0,0,0,0,0,0,0,0,0,0,0,0,0,1,0,0,0,0,0,0,0,0,0,0,0,0,1,0,0,0,0,0,0,0,0,0,0,1,0,0,0,0,0,0,0,0,0,0,0,0,0,1,0,0,0,0,0,0,0,0,0,0,0,0,1,0,0,0,0,0,0,0,0,0,0,0,0,0,0,0,0,0,0,0,0,1,0,0,1,0,0,0,0,0,0,0,0,0,0,0,0,0,0,0,0,0,0,0,0,1,0,0,0,0,0,1,0,0,0,0,1,0,0,0,0,0,0,0,0,0,0,0,0,0,0,0,0,0,0,1,0,0,0,0,0,0,0,0,0,0,0,1,0,0,0,0,0,0,0,0,0,0
8.16,21.0,1.0,-3.9032194436626825e-18,-1.4900226885119158e-17,1.017565533634156,-0.6902361782414004,0.0271744641634574,0.0943399537320546,0.5521138183624517,0.7825376196310567,-0.5372860639897414,0.1291155582653255,0.5499048085477359,0.8376537472541186,0.5378737146776404,-9.901419916699314e-18,0.5480765093793349,0.2938829692035211,-0.886380158590752,0.285432081581446,0.474464601609235,0.140581317915356,0.7603100119998609,-0.4219506779447108,0.449728784499032,0.4468049929463841,0.8477877583358142,-0.1234821718369021,0.4371658397884929,0.1681471435768769,-0.9127753689209308,0.2391250959972356,0.4102921079388184,0.8122425506295661,-0.3224406087110605,0.3383092923093365,0.3965493761492554,-0.2712978165312098,-0.2932882567057253,-0.6776028766492774,0.3964042261617698,0.1545479411059305,-0.9206637617697092,0.1541560296032662,0.3823577013340841,0.7349605547610243,-0.5009186011503042,-0.2600896124138721,0.3772289485580152,0.1744506519597585,0.8740781417088137,0.1865384119510513,0.3742910147357107,0.8931822974365,0.3987624358321251,0.0417085723778187,0.3675898697696848,0.1792518157414655,0.6019351668163455,-0.6174718028098517,0.3675099442202515,-0.076559550789718,0.7553178977269527,-0.3328554290856975,0.3646444021960027,0.0429596157657689,-0.6840509337716936,0.6212679680324595,0.363451338666141,0.5197286938322717,-0.2639148650052228,-0.6628824877332784,0.3578595884252837,-0.5035370026608939,-0.0768715211479527,-0.5844156875297535,0.3473120267978041,0.6441438919693951,-0.4000372676264872,-0.5418597243979866,0.3460058453804316,-0.7950800719384463,0.0763788362243751,-0.1141755450201527,0.3366027836439237,-0.1528297782865141,0.7621586678784483,0.302118871004808,0.3164971502537619,-0.3955081156538635,-0.5740229157204149,0.6446514319034213,0.3040446606849958,-0.7787611252779848,-0.1932549992604336,-0.2775038065733979,0.2658284566895486,-0.4845280207565798,-0.7192400894231845,0.433998374639281,0.2655478106071823,0,0,1,0,0,0,0,0,0,0,0,0,0,0,0,0,0,0,0,0,0,0,0,1,0,0,0,0,1,0,0,0,0,0,0,0,0,0,0,1,0,0,0,0,0,0,0,0,0,0,0,1,0,0,0,0,0,0,0,0,0,0,0,0,0,0,0,0,0,0,0,0,0,1,0,0,1,0,0,0,0,0,0,0,0,0,0,0,0,0,0,0,0,0,0,0,0,1,0,0,0,1,0,0,0,0,0,0,0,0,0,0,0,0,0,0,0,0,0,0,0,0,0,1,0,0,0,1,0,0,0,0,0,0,0,0,0,0,0,0,0,0,0,0,0,0,0,1,0,0,0,1,0,0,0,0,0,0,0,0,0,0,0,0,0,0,0,0,0,0,0,0,1,0,0,1,0,0,0,0,0,0,0,0,0,0,0,0,0,0,0,0,0,0,0,0,0,0,1,0,1,0,0,0,0,0,0,0,0,0,0,0,0,0,0,0,0,0,0,0,0,0,0,1,0,0,0,0,1,0,0,0,0,1,0,0,0,0,0,0,0,0,0,0,0,0,0,0,0,0,1,0,0,0,0,0,0,0,0,0,0,0,0,0,0,0,0,0,0,0,0,0,0,1,0,0,1,0,0,0,0,0,0,0,0,0,0,0,0,0,0,0,0,0,0,0,0,0,1,0,0,1,0,0,0,0,0,0,0,0,0,0,0,0,0,0,0,0,0,0,0,0,1,0,0,0,0,0,1,0,0,0,0,0,0,0,0,0,0,0,0,0,0,0,0,0,0,1,0,0,0,1,0,0,0,0,0,0,0,0,0,0,1,0,0,0,0,0,0,0,0,0,0,0,0,1,0,0,0,0,0,0,0,0,0,0,0,0,0,0,0,0,0,0,0,0,0,1,0,0,0,1,0,0,0,0,0,0,0,0,0,0,0,0,0,0,0,0,0,0,0,0,0,1,0,1,0,0,0,0,0,0,0,0,0,0,0,1,0,0,0,0,0,0,0,0,0,0,0,0,0,1,0,0,0,0,0,0,1,0,0,0,0,0,0,0,0,0,0,0,0,0,0,0,0,0,0,1,0,0,0,0,0,0,0,0,0,1,0,0,0,0,0,0,0,0,0,0,0,0,0,1,0,0,0,0,0,0,0,0,0,0,0,0,1,0,0,0,0,0,0,0,0,0,0,1,0,0,0,0,0,0,0,0,0,0,0,0,0,0,0,0,0,0,0,0,0,1,0,0,0,1,0,0,0,0,0,0,0,0,0,0,0,0,0,0,0,0,0,0,0,0,0,1,0,0,1,0,0,0,0,0,0,1,0,0,0,0,0,0,0,0,0,0,0,0,0,0,0,0,1,0,0,0,0,0,0,0,0,0,0,0,0,0,0,0,0,0,0,0,0,0,0,1,0
8.04,22.0,1.0,-2.256085384836145e-17,-6.246608354665013e-18,1.0123063457442858,0.6901511390150024,-0.5067289466166393,-0.0374227861742921,0.6033548087641759,0.8698523611464125,0.4706889810763184,4.980620039507548e-18,0.5478631412167083,0.3825334376777487,-0.5587023817662644,0.0570726793583549,0.501024096752934,-0.2117622421940711,-0.3776616901631264,0.169470660469804,0.4837228012392994,0.4910035589056201,-0.6028340416832456,0.011259527580773,0.4755905871315223,0.3246634167687494,0.5981658311216969,0.0482934021487209,0.4429254364439592,0.5799564680894609,0.7034651438240195,0.0486214313988796,0.4311316698772182,-0.2926228857003312,-0.2469690219592867,-0.3584981937204233,0.3922376981678022,0.6595578295334844,-0.4207688055437182,-0.1980960898995854,0.3896775950392156,0.1815166116847812,0.4892372208085936,0.1176405399976154,0.3818499689476285,0.8515700066773938,0.4057202699383478,-0.0505128486182497,0.3733276715294592,0.1700725789620234,0.5475673508208051,-0.0730244396787112,0.370558221040588,0.540642562495351,-0.2520021881102494,-0.3937500192539471,0.3586444089910766,-0.3848227895082876,-0.2025429491566492,-0.1927773047470892,0.3529770614649856,0.6069815750038846,-0.3296169219249006,-0.3483664193788555,0.3487970248935478,0.4387117570810032,0.666700925806565,0.139655527769536,0.3454734800088762,0.5214985836886977,0.772137721327388,-0.0101099386494878,0.344715156622237,0.2557582870567693,0.5628078522881345,-0.1454424829743887,0.3310582168098114,-0.3388808497406471,-0.310978486389918,0.1647736129171853,0.3267506523929415,0.6323277098412529,-0.364660861833688,-0.0881378253475151,0.3000598064295818,0.4110919167586431,0.5876519647872495,0.1389140354884213,0.2903431232755974,0.2569113648735279,0.6294782563307764,0.0415324254650638,0.2893266528809077,-0.4438036954347338,-0.3385815238654936,0.0621072129091827,0.2791523131959031,-0.560226172284626,-0.4122236443249026,-0.021196299428137,0.272588823121007,0,0,1,0,0,0,0,0,0,0,0,0,1,0,0,0,0,0,0,0,0,0,0,0,0,0,1,0,0,0,0,0,0,0,0,0,0,1,0,0,0,0,0,0,0,0,0,0,0,0,0,1,0,0,0,0,0,0,0,0,0,0,0,0,0,0,0,0,0,0,0,0,0,1,0,1,0,0,0,0,0,0,0,0,0,0,0,1,0,0,0,0,0,0,0,0,0,0,0,0,0,0,0,1,0,0,0,0,1,0,0,0,0,0,0,0,0,0,0,0,0,0,0,0,0,1,0,0,0,0,0,0,0,0,0,0,0,1,0,0,0,0,0,0,0,0,0,0,0,0,0,0,1,0,0,0,0,0,0,0,0,0,0,0,0,0,0,0,0,0,0,0,0,1,0,0,1,0,0,0,0,0,0,0,0,0,0,0,0,0,0,0,0,0,0,0,0,0,1,0,0,0,0,1,0,0,0,0,0,0,0,0,1,0,0,0,0,0,0,0,0,0,0,0,0,0,1,0,0,0,0,0,0,0,0,0,0,1,0,0,0,0,0,0,0,0,0,0,0,0,1,0,0,0,0,0,0,0,0,0,0,0,0,0,0,0,0,0,0,0,0,0,0,1,0,0,0,0,1,0,0,0,0,0,0,0,0,0,0,0,0,0,0,0,0,0,0,0,1,0,0,1,0,0,0,0,0,0,0,0,0,0,0,0,0,0,0,0,0,0,0,0,1,0,0,1,0,0,0,0,0,0,0,0,0,0,0,0,0,0,0,0,0,0,0,1,0,0,0,0,0,1,0,0,0,0,0,0,0,0,0,0,1,0,0,0,0,0,0,0,0,0,0,0,0,0,0,1,0,0,0,0,0,0,0,0,0,0,0,0,0,0,0,0,0,1,0,0,0,0,0,1,0,0,0,0,0,0,0,0,0,0,0,0,0,0,0,0,0,0,0,0,0,1,0,1,0,0,0,0,0,0,0,0,0,0,0,0,0,0,0,0,0,0,0,0,0,0,1,0,0,0,0,1,0,0,0,0,0,0,0,0,0,0,0,0,0,0,0,0,0,0,1,0,0,0,1,0,0,0,0,0,0,1,0,0,0,0,0,0,0,0,0,0,0,0,0,0,0,0,0,0,0,1,0,0,0,0,0,0,0,0,1,0,0,0,0,0,0,0,0,0,0,0,0,1,0,0,0,0,0,0,0,0,0,0,0,0,0,0,0,0,0,0,0,0,0,0,1,0,1,0,0,0,0,0,0,0,0,0,0,0,0,0,0,0,0,0,0,0,0,0,0,1,0,0,0,1,0,0,0,0,0,0,0,0,0,1,0,0,0,0,0,0,0,0,0,0,0,0,0,1,0,0,0,0,0,0,0,0,0,0,1,0,0,0,0,0,0,0,0,0,0,0,0
