h_shift,res_index,dx_n_1,dy_n_1,dz_n_1,metric_n_1,dx_n_2,dy_n_2,dz_n_2,metric_n_2,dx_n_3,dy_n_3,dz_n_3,metric_n_3,dx_n_4,dy_n_4,dz_n_4,metric_n_4,dx_n_5,dy_n_5,dz_n_5,metric_n_5,dx_n_6,dy_n_6,dz_n_6,metric_n_6,dx_n_7,dy_n_7,dz_n_7,metric_n_7,dx_n_8,dy_n_8,dz_n_8,metric_n_8,dx_n_9,dy_n_9,dz_n_9,metric_n_9,dx_n_10,dy_n_10,dz_n_10,metric_n_10,dx_n_11,dy_n_11,dz_n_11,metric_n_11,dx_n_12,dy_n_12,dz_n_12,metric_n_12,dx_n_13,dy_n_13,dz_n_13,metric_n_13,dx_n_14,dy_n_14,dz_n_14,metric_n_14,dx_n_15,dy_n_15,dz_n_15,metric_n_15,dx_n_16,dy_n_16,dz_n_16,metric_n_16,dx_n_17,dy_n_17,dz_n_17,metric_n_17,dx_n_18,dy_n_18,dz_n_18,metric_n_18,dx_n_19,dy_n_19,dz_n_19,metric_n_19,dx_n_20,dy_n_20,dz_n_20,metric_n_20,dx_n_21,dy_n_21,dz_n_21,metric_n_21,dx_n_22,dy_n_22,dz_n_22,metric_n_22,dx_n_23,dy_n_23,dz_n_23,metric_n_23,dx_n_24,dy_n_24,dz_n_24,metric_n_24,dx_n_25,dy_n_25,dz_n_25,metric_n_25,is_ALA_n_1,is_ARG_n_1,is_ASN_n_1,is_ASP_n_1,is_CYS_n_1,is_GLN_n_1,is_GLU_n_1,is_GLY_n_1,is_HIS_n_1,is_ILE_n_1,is_LEU_n_1,is_LYS_n_1,is_MET_n_1,is_PHE_n_1,is_PRO_n_1,is_SER_n_1,is_THR_n_1,is_TRP_n_1,is_TYR_n_1,is_VAL_n_1,is_C_n_1,is_CA_n_1,is_CR_n_1,is_CT_n_1,is_CW_n_1,is_N_n_1,is_N3_n_1,is_NB_n_1,is_NH1_n_1,is_NH2_n_1,is_O_n_1,is_OH_n_1,is_S_n_1,is_SH_n_1,is_ALA_n_2,is_ARG_n_2,is_ASN_n_2,is_ASP_n_2,is_CYS_n_2,is_GLN_n_2,is_GLU_n_2,is_GLY_n_2,is_HIS_n_2,is_ILE_n_2,is_LEU_n_2,is_LYS_n_2,is_MET_n_2,is_PHE_n_2,is_PRO_n_2,is_SER_n_2,is_THR_n_2,is_TRP_n_2,is_TYR_n_2,is_VAL_n_2,is_C_n_2,is_CA_n_2,is_CR_n_2,is_CT_n_2,is_CW_n_2,is_N_n_2,is_N3_n_2,is_NB_n_2,is_NH1_n_2,is_NH2_n_2,is_O_n_2,is_OH_n_2,is_S_n_2,is_SH_n_2,is_ALA_n_3,is_ARG_n_3,is_ASN_n_3,is_ASP_n_3,is_CYS_n_3,is_GLN_n_3,is_GLU_n_3,is_GLY_n_3,is_HIS_n_3,is_ILE_n_3,is_LEU_n_3,is_LYS_n_3,is_MET_n_3,is_PHE_n_3,is_PRO_n_3,is_SER_n_3,is_THR_n_3,is_TRP_n_3,is_TYR_n_3,is_VAL_n_3,is_C_n_3,is_CA_n_3,is_CR_n_3,is_CT_n_3,is_CW_n_3,is_N_n_3,is_N3_n_3,is_NB_n_3,is_NH1_n_3,is_NH2_n_3,is_O_n_3,is_OH_n_3,is_S_n_3,is_SH_n_3,is_C_n_4,is_CA_n_4,is_CR_n_4,is_CT_n_4,is_CW_n_4,is_N_n_4,is_N3_n_4,is_NB_n_4,is_NH1_n_4,is_NH2_n_4,is_O_n_4,is_OH_n_4,is_S_n_4,is_SH_n_4,is_C_n_5,is_CA_n_5,is_CR_n_5,is_CT_n_5,is_CW_n_5,is_N_n_5,is_N3_n_5,is_NB_n_5,is_NH1_n_5,is_NH2_n_5,is_O_n_5,is_OH_n_5,is_S_n_5,is_SH_n_5,is_C_n_6,is_CA_n_6,is_CR_n_6,is_CT_n_6,is_CW_n_6,is_N_n_6,is_N3_n_6,is_NB_n_6,is_NH1_n_6,is_NH2_n_6,is_O_n_6,is_OH_n_6,is_S_n_6,is_SH_n_6,is_C_n_7,is_CA_n_7,is_CR_n_7,is_CT_n_7,is_CW_n_7,is_N_n_7,is_N3_n_7,is_NB_n_7,is_NH1_n_7,is_NH2_n_7,is_O_n_7,is_OH_n_7,is_S_n_7,is_SH_n_7,is_C_n_8,is_CA_n_8,is_CR_n_8,is_CT_n_8,is_CW_n_8,is_N_n_8,is_N3_n_8,is_NB_n_8,is_NH1_n_8,is_NH2_n_8,is_O_n_8,is_OH_n_8,is_S_n_8,is_SH_n_8,is_C_n_9,is_CA_n_9,is_CR_n_9,is_CT_n_9,is_CW_n_9,is_N_n_9,is_N3_n_9,is_NB_n_9,is_NH1_n_9,is_NH2_n_9,is_O_n_9,is_OH_n_9,is_S_n_9,is_SH_n_9,is_C_n_10,is_CA_n_10,is_CR_n_10,is_CT_n_10,is_CW_n_10,is_N_n_10,is_N3_n_10,is_NB_n_10,is_NH1_n_10,is_NH2_n_10,is_O_n_10,is_OH_n_10,is_S_n_10,is_SH_n_10,is_C_n_11,is_CA_n_11,is_CR_n_11,is_CT_n_11,is_CW_n_11,is_N_n_11,is_N3_n_11,is_NB_n_11,is_NH1_n_11,is_NH2_n_11,is_O_n_11,is_OH_n_11,is_S_n_11,is_SH_n_11,is_C_n_12,is_CA_n_12,is_CR_n_12,is_CT_n_12,is_CW_n_12,is_N_n_12,is_N3_n_12,is_NB_n_12,is_NH1_n_12,is_NH2_n_12,is_O_n_12,is_OH_n_12,is_S_n_12,is_SH_n_12,is_C_n_13,is_CA_n_13,is_CR_n_13,is_CT_n_13,is_CW_n_13,is_N_n_13,is_N3_n_13,is_NB_n_13,is_NH1_n_13,is_NH2_n_13,is_O_n_13,is_OH_n_13,is_S_n_13,is_SH_n_13,is_C_n_14,is_CA_n_14,is_CR_n_14,is_CT_n_14,is_CW_n_14,is_N_n_14,is_N3_n_14,is_NB_n_14,is_NH1_n_14,is_NH2_n_14,is_O_n_14,is_OH_n_14,is_S_n_14,is_SH_n_14,is_C_n_15,is_CA_n_15,is_CR_n_15,is_CT_n_15,is_CW_n_15,is_N_n_15,is_N3_n_15,is_NB_n_15,is_NH1_n_15,is_NH2_n_15,is_O_n_15,is_OH_n_15,is_S_n_15,is_SH_n_15,is_C_n_16,is_CA_n_16,is_CR_n_16,is_CT_n_16,is_CW_n_16,is_N_n_16,is_N3_n_16,is_NB_n_16,is_NH1_n_16,is_NH2_n_16,is_O_n_16,is_OH_n_16,is_S_n_16,is_SH_n_16,is_C_n_17,is_CA_n_17,is_CR_n_17,is_CT_n_17,is_CW_n_17,is_N_n_17,is_N3_n_17,is_NB_n_17,is_NH1_n_17,is_NH2_n_17,is_O_n_17,is_OH_n_17,is_S_n_17,is_SH_n_17,is_C_n_18,is_CA_n_18,is_CR_n_18,is_CT_n_18,is_CW_n_18,is_N_n_18,is_N3_n_18,is_NB_n_18,is_NH1_n_18,is_NH2_n_18,is_O_n_18,is_OH_n_18,is_S_n_18,is_SH_n_18,is_C_n_19,is_CA_n_19,is_CR_n_19,is_CT_n_19,is_CW_n_19,is_N_n_19,is_N3_n_19,is_NB_n_19,is_NH1_n_19,is_NH2_n_19,is_O_n_19,is_OH_n_19,is_S_n_19,is_SH_n_19,is_C_n_20,is_CA_n_20,is_CR_n_20,is_CT_n_20,is_CW_n_20,is_N_n_20,is_N3_n_20,is_NB_n_20,is_NH1_n_20,is_NH2_n_20,is_O_n_20,is_OH_n_20,is_S_n_20,is_SH_n_20,is_C_n_21,is_CA_n_21,is_CR_n_21,is_CT_n_21,is_CW_n_21,is_N_n_21,is_N3_n_21,is_NB_n_21,is_NH1_n_21,is_NH2_n_21,is_O_n_21,is_OH_n_21,is_S_n_21,is_SH_n_21,is_C_n_22,is_CA_n_22,is_CR_n_22,is_CT_n_22,is_CW_n_22,is_N_n_22,is_N3_n_22,is_NB_n_22,is_NH1_n_22,is_NH2_n_22,is_O_n_22,is_OH_n_22,is_S_n_22,is_SH_n_22,is_C_n_23,is_CA_n_23,is_CR_n_23,is_CT_n_23,is_CW_n_23,is_N_n_23,is_N3_n_23,is_NB_n_23,is_NH1_n_23,is_NH2_n_23,is_O_n_23,is_OH_n_23,is_S_n_23,is_SH_n_23,is_C_n_24,is_CA_n_24,is_CR_n_24,is_CT_n_24,is_CW_n_24,is_N_n_24,is_N3_n_24,is_NB_n_24,is_NH1_n_24,is_NH2_n_24,is_O_n_24,is_OH_n_24,is_S_n_24,is_SH_n_24,is_C_n_25,is_CA_n_25,is_CR_n_25,is_CT_n_25,is_CW_n_25,is_N_n_25,is_N3_n_25,is_NB_n_25,is_NH1_n_25,is_NH2_n_25,is_O_n_25,is_OH_n_25,is_S_n_25,is_SH_n_25
125.959,0,1.0,-5.1932201614417945e-18,-4.374758510945283e-17,0.9979407825329074,0.8130685381139594,0.5278555468138657,0.0083891531847482,0.532735785255215,0.2131664312168552,0.7575006502665522,-0.1635266597483704,0.4413766854977932,0.4834496915972447,0.7794322163478893,-2.700863795646003e-17,0.4332280858383071,0.7584729002046763,0.5018983329549715,-0.2051362065873356,0.3719674124150438,0.728841341348082,0.2751865047533944,-0.2476657191428183,0.3210001995241843,0.4637768417092435,0.7757277613947083,0.0978246543932523,0.3096556795619424,0.2718024877846743,0.802028860597796,0.1066058390957406,0.2473224767283213,0.6911859872248897,0.309540410922164,-0.2552185706570144,0.2328793540117782,0.2061390212794824,0.664982929235021,0.355043343256644,0.211274577971808,0.2784484795306952,0.8117904829430422,-0.0290253462997505,0.2094296826855219,0.2672207467182261,0.7650384884204403,0.2212644387385482,0.2042280299300758,0.0568638213868442,0.633904847915519,0.3507279968506616,0.1985885210402815,0.6405092135767698,0.1620008757389786,-0.2683112021027149,0.1981410105457992,0.2826181660576796,0.7635142108809573,-0.0529718529571983,0.1967038922363553,0.2694414899788853,0.8270065384325607,-0.0835235163375441,0.18992717364591,0.0305691359387258,0.4766058605014249,0.4053811129139724,0.1665855142358051,0.2726285473374997,0.7387380336913711,-0.1228568742867136,0.1658956809904379,-0.2155187516951033,0.4027315377267,0.471953960940491,0.1087826198072459,0.1244106032773197,0.4235470373227435,-0.2666565820027435,0.1087127675299984,0.0787371390610488,0.5565354910025729,-0.1550293627838407,0.1052924248797045,0.1490863789781054,0.5591715252934054,-0.2077724843851998,0.1019065010007803,0.1815033113459875,0.409532489501092,-0.2846891248429152,0.1005000912083272,0.4375377755496081,0.2695300347496261,-0.3707191283851627,0.1000317196071628,0.4577216259019856,-0.0835005527647788,-0.8621403721640993,0.0994110449138122,0,0,0,0,0,0,0,0,0,0,0,1,0,0,0,0,0,0,0,0,0,0,0,0,0,1,0,0,0,0,0,0,0,0,0,0,0,0,0,0,0,0,0,0,0,1,0,0,0,0,0,0,0,0,0,0,0,1,0,0,0,0,0,0,0,0,0,0,0,0,0,0,0,0,0,0,0,0,0,1,0,0,0,0,0,0,0,0,0,0,0,0,0,0,0,0,0,0,1,0,0,0,1,0,0,0,0,0,0,0,0,0,0,0,0,0,0,0,0,1,0,0,0,0,0,0,0,0,0,0,0,0,0,1,0,0,0,0,0,0,0,0,0,0,0,0,0,0,0,1,0,0,0,0,0,0,0,0,0,0,0,1,0,0,0,0,0,0,0,0,0,0,0,0,0,1,0,0,0,0,0,0,0,0,0,0,0,0,0,1,0,0,0,0,0,0,0,0,0,0,1,0,0,0,0,0,0,0,0,0,0,0,0,0,0,0,0,1,0,0,0,0,0,0,0,0,0,0,0,0,0,1,0,0,0,0,0,0,0,0,0,0,0,0,0,1,0,0,0,0,0,0,0,0,0,0,0,0,0,0,0,1,0,0,0,0,0,0,0,0,0,0,0,0,0,0,0,0,0,0,1,0,0,0,0,0,0,1,0,0,0,0,0,0,0,0,0,0,0,0,0,1,0,0,0,0,0,0,0,0,0,0,0,0,0,0,0,0,1,0,0,0,0,0,0,0,0,0,0,1,0,0,0,0,0,0,0,0,0,0,0,0,0,1,0,0,0,0,0,0,0,0,0,0,0,0,0,1,0,0,0,0,0,0,0,0,0,0,0,0,0,0,0,0,1,0,0,0,0,0,0,0,0,0,0,0,0,0,1,0,0,0,0,0,0,0,0,0,0,1,0,0,0,0,0,0,0,0,0,0
119.374,1,1.0,-4.351526204803535e-18,8.463706632585357e-18,1.0078921806925016,0.8889506966119903,0.4517625087013711,6.125987210184745e-19,0.548214935289505,0.7944179348661675,-0.6000670155474174,-0.0081035452233707,0.5422978524594397,0.3679871569310363,-0.8682079179006639,0.3056792347417598,0.4566423670814661,0.4883290042564142,0.8632924393699923,0.0880233471482334,0.4437912960757051,0.6127508706060306,-0.6189458526965899,-0.462671390954615,0.4001164634638289,0.1914146884857632,0.9141846241932184,-0.272080108971115,0.3977091033246499,0.2870812770233485,-0.6135529628727129,0.706397751391697,0.3824247830187824,0.94438090821375,0.2833938015536417,-0.1236049523392392,0.3687495615093659,0.4136668756024961,-0.5974679969634332,-0.5759927504774686,0.3653394574254811,0.5903993192333281,-0.5558934502269973,-0.5362921417110911,0.3281468333342619,0.5289357942283848,0.809325646100711,0.1496635393338606,0.3048975585415984,0.0056801161390875,0.9434914791356374,-0.1676964290713763,0.285547826269792,0.3869975036371418,-0.5333454168024927,0.6946849564094613,0.2795794830574641,-0.1955306791140287,0.8629947361209886,-0.3447840377997667,0.2452693241312962,0.4779199387181252,-0.529960929184526,-0.6613112151953081,0.2444123154243078,0.2982399338552134,-0.3861959796543416,0.8308016147506766,0.2255226905053335,0.4588745220307867,-0.3991851866101408,-0.7162754488242484,0.2141358417038391,0.4685182781326311,-0.5545508885147064,-0.5884904628693974,0.2058276989403454,0.3561317674322122,-0.297132354948145,-0.7649570316186343,0.2030542274091657,0.2402670603630858,-0.2487182543107213,-0.8316332883301478,0.1852657573819919,-0.3477849322912425,0.8864504906756041,-0.2276308689046309,0.1572149515578189,0.3172144535507107,-0.3701992624879838,0.7999531902012914,0.1490458772962079,0.4420995199306687,-0.4088928528178764,-0.6116887273734612,0.1429768896462192,0.2231841013806401,-0.042506768660982,-0.78202055553637,0.1352401281001304,0,0,0,0,0,0,0,0,0,0,0,1,0,0,0,0,0,0,0,0,0,0,0,0,0,1,0,0,0,0,0,0,0,0,0,0,0,0,0,0,0,0,0,0,0,1,0,0,0,0,0,0,0,0,1,0,0,0,0,0,0,0,0,0,0,0,0,0,0,0,0,0,0,0,0,0,0,0,0,1,0,0,0,0,0,0,0,0,0,0,0,1,0,0,0,0,0,0,0,0,0,0,0,0,0,1,0,0,0,0,0,0,0,0,0,0,0,0,0,1,0,0,0,0,0,0,0,0,0,0,1,0,0,0,0,0,0,0,0,0,0,0,0,0,0,0,0,1,0,0,0,0,0,0,0,0,0,0,0,0,0,1,0,0,0,0,0,0,0,0,0,0,0,0,0,0,0,0,0,0,0,0,1,0,0,0,0,0,0,0,0,0,0,0,0,0,1,0,0,0,0,0,0,0,0,1,0,0,0,0,0,0,0,0,0,0,0,0,0,1,0,0,0,0,0,0,0,0,0,0,0,1,0,0,0,0,0,0,0,0,0,0,0,0,0,1,0,0,0,0,0,0,0,0,0,0,0,0,0,1,0,0,0,0,0,0,0,0,0,0,0,0,0,1,0,0,0,0,0,0,0,0,0,0,0,0,0,1,0,0,0,0,0,0,0,0,0,0,0,0,0,1,0,0,0,0,0,0,0,0,0,0,1,0,0,0,0,0,0,0,0,0,0,0,0,0,0,0,0,1,0,0,0,0,0,0,0,0,0,0,0,0,0,1,0,0,0,0,0,0,0,0,0,0,0,0,0,1,0,0,0,0,0,0,0,0,0,0,0,0,0,0,0,0,1,0,0,0,0,0,0,0,0,0,0,0,0,1,0,0,0,0,0,0,0,0,0,0,0,1,0,0,0,0,0,0,0,0,0,0
118.824,2,1.0,7.858940456358859e-18,-1.1573987998662559e-17,1.0097450834452792,0.8863144086305936,0.4584977490870796,-2.7331084837877208e-17,0.557022156269156,0.7722687741517612,-0.6051356223750494,0.0185405946056809,0.5538099255174583,0.3534474157830287,-0.8449117109386363,0.3318506285204159,0.4601990814606863,0.475275250595623,0.8613029280315608,-0.0053311115361652,0.4537428603105857,0.567944797833538,-0.6385985738796138,-0.4144805332336211,0.4106625139459773,0.3098840512343978,-0.6088366805893821,-0.519563463918221,0.3896089067899544,0.276613712365956,-0.5807493554565984,0.6940596744267588,0.3850079269366245,0.3111832750849091,0.8285045205934374,0.0190788973327075,0.3834400508990683,0.9459154653135236,0.2960998491925293,-0.0500763545309163,0.3683206404460706,0.2995623400163357,0.8748904739954767,-0.1330241607411998,0.3605196260892432,0.2448163402314828,0.719179980244678,0.0300827760446224,0.3254965367758066,0.2969956219090249,0.5797584821415047,0.1120933476960857,0.3196935466848288,0.5796829109605558,-0.5716653554731324,-0.5127422718370948,0.3180778487193733,0.4237034818665913,-0.5061742629400344,0.5926092608448265,0.2827768221185587,0.0742719687680174,0.9421147601593104,-0.1076245922246084,0.2696061735964555,0.1075528172562977,0.6582153976267237,0.0430737877802232,0.2494411047065831,0.4579953561720329,-0.5390276731344227,-0.629692237233501,0.2414863515822492,0.3283926637013218,-0.353231988812511,0.7289657582956751,0.2275036954533812,-0.1805026693972444,0.8986187287038676,-0.3273133093432232,0.1808317200826645,0.31897778662301,-0.443661010245569,-0.6376919555421169,0.1689652008862366,0.3402715876080416,-0.601321759958467,-0.642368807335215,0.1684906045949571,-0.3616806402222435,0.3599614351260379,-0.3126233931518973,0.1522347033530083,0.3182034805818686,-0.5337957102338496,-0.6606350168028702,0.1518788347688238,0.3616745913413459,-0.4430733114001821,-0.6236741465285452,0.146682723679431,0,0,0,0,0,0,0,0,0,0,0,1,0,0,0,0,0,0,0,0,0,0,0,0,0,1,0,0,0,0,0,0,0,0,0,0,0,0,0,0,0,0,0,0,0,1,0,0,0,0,0,0,0,0,1,0,0,0,0,0,0,0,0,0,0,0,0,0,0,0,0,0,0,0,0,0,0,0,0,1,0,0,0,0,0,0,0,0,0,0,0,1,0,0,0,0,0,0,0,0,0,0,0,0,0,1,0,0,0,0,0,0,0,0,0,0,0,0,0,1,0,0,0,0,0,0,0,0,0,0,1,0,0,0,0,0,0,0,0,0,0,0,0,0,0,0,0,0,0,0,0,0,0,0,1,0,0,0,0,0,0,1,0,0,0,0,0,0,0,0,0,0,0,0,0,0,0,1,0,0,0,0,0,0,0,0,0,0,0,0,0,0,0,0,0,0,1,0,0,0,0,0,0,1,0,0,0,0,0,0,0,0,0,0,1,0,0,0,0,0,0,0,0,0,0,0,0,0,0,0,0,0,0,0,0,0,0,0,1,0,0,0,0,0,0,0,0,1,0,0,0,0,0,0,0,0,0,0,0,1,0,0,0,0,0,0,0,0,0,0,0,0,0,1,0,0,0,0,0,0,0,0,0,0,0,0,0,1,0,0,0,0,0,0,0,0,0,0,0,0,0,1,0,0,0,0,0,0,0,0,0,0,0,0,0,1,0,0,0,0,0,0,0,0,0,0,0,0,0,1,0,0,0,0,0,0,0,0,0,0,0,0,0,1,0,0,0,0,0,0,0,0,0,0,1,0,0,0,0,0,0,0,0,0,0,0,0,0,0,0,0,1,0,0,0,0,0,0,0,0,0,0,0,0,0,1,0,0,0,0,0,0,0,0,0,0,0,0,0,0,0,1,0,0,0,0,0,0,0,0
116.864,3,1.0,2.4544880185994042e-18,-8.814831348980657e-18,1.0092006183584497,0.8505626063955223,0.523141495186478,-5.193007254276148e-18,0.570318107006998,0.7915170911885867,-0.5851100523786743,-0.0039064862927608,0.5444385040808726,0.4175704346096891,0.8855445728719493,0.0369723506061238,0.4512700714981207,0.4358598857443095,-0.8143591950294858,0.1641913655353115,0.4410667865208119,0.6532825332538723,-0.5765777368890832,-0.3191016105674181,0.3933778235586075,0.916709890510404,0.3599331737221892,-0.0674818596702167,0.3789141646932754,0.3087320442737143,-0.6362519398246792,0.3629557529174735,0.362397608601179,0.350721374349959,0.7824623090561362,0.1295278443147334,0.3596636443892024,0.2571863652565225,0.8809763057245608,-0.1451133807396115,0.3546935356979412,0.5488225769649684,-0.5057123048999945,-0.4216184999729767,0.3520253444051998,0.5686509781643229,-0.5462831086125438,-0.3525874514787627,0.3296863151771885,0.1489461068832749,0.6407133872057941,0.3078902819472242,0.3221230602546711,0.2355563961581788,0.7016726540687425,0.2245260143913772,0.3130515538704402,0.3628298548458578,-0.5868249579649267,0.3629530804798696,0.2823360536511739,0.1321049387212621,-0.6529241418709337,0.3846348580862551,0.2762473171151892,0.0547515850655458,0.936557235576845,-0.0986940628479697,0.26226047832209,0.4521888806335505,-0.458873674833869,-0.4963383416167193,0.2549419699298375,0.2022447724554167,0.593364595648884,0.2318737895105082,0.2385900786090508,-0.23954663719778,0.9382478164830386,-0.0991468353758072,0.2086812104026547,0.466175977360879,-0.4443519519057258,-0.4758977109360156,0.1930921069004179,0.247212691193962,-0.3981998397765227,-0.4719408069285989,0.1846568248090459,0.5609700740580984,-0.1804775299345174,-0.4309345862314325,0.1399732968267976,-0.2425605676799375,0.3856800665153602,0.1537196022673585,0.1325129294899152,-0.3201016646002053,-0.3846925815876367,-0.2641121703440438,0.1322036558836171,0,0,0,0,0,0,0,0,0,0,1,0,0,0,0,0,0,0,0,0,0,0,0,0,0,1,0,0,0,0,0,0,0,0,0,0,0,0,0,0,0,0,0,0,0,1,0,0,0,0,0,0,0,0,1,0,0,0,0,0,0,0,0,0,0,0,0,0,0,0,0,0,0,0,0,0,0,0,1,0,0,0,0,0,0,0,0,0,0,0,0,1,0,0,0,0,0,0,0,0,0,0,0,0,0,1,0,0,0,0,0,0,0,0,0,0,0,0,0,1,0,0,0,0,0,0,0,0,0,0,1,0,0,0,0,0,0,0,0,0,0,0,0,0,0,0,0,0,0,0,0,0,0,0,1,0,0,0,0,0,0,1,0,0,0,0,0,0,0,0,0,0,0,0,0,0,0,1,0,0,0,0,0,0,0,0,0,0,0,1,0,0,0,0,0,0,0,0,0,0,0,0,0,0,0,1,0,0,0,0,0,0,0,0,0,0,0,0,0,0,0,0,0,0,1,0,0,0,0,0,0,0,0,0,0,0,0,0,1,0,0,0,1,0,0,0,0,0,0,0,0,0,0,0,0,0,0,0,0,1,0,0,0,0,0,0,0,0,0,0,0,0,0,1,0,0,0,0,0,0,0,0,0,0,0,0,0,1,0,0,0,0,0,0,0,0,0,0,0,0,0,1,0,0,0,0,0,0,0,0,0,0,0,0,0,1,0,0,0,0,0,0,0,0,0,0,0,0,0,1,0,0,0,0,0,0,0,0,0,0,1,0,0,0,0,0,0,0,0,0,0,0,0,0,0,0,0,1,0,0,0,0,0,0,0,0,0,0,0,0,0,0,0,1,0,0,0,0,0,0,0,0,0,0,0,0,0,1,0,0,0,0,0,0,0,0,0,0,0,0,0,0,0,0,0,0,1,0,0,0
117.428,4,1.0,1.7192611083910828e-17,8.061516800916881e-18,1.0088329112538883,0.8852673322405931,0.4628384694345316,7.921221542115706e-18,0.5510756793306655,0.7780180622841699,-0.5927018590912233,0.1014587352662937,0.5510484981949701,0.3071396030215291,-0.887836889337264,0.2816701033426057,0.4727866882268395,0.4766084587329381,0.8563202812326212,-0.0863442583683782,0.452124994005883,0.2742961212433636,0.7824095035771801,-0.1021596013054529,0.4026987070378382,0.6880347421692873,-0.5918519429502044,-0.2913472480932298,0.3859037435675779,0.942520575885516,0.3092265338353844,0.0226983179722585,0.3651412755318097,0.3062468098025193,0.8749416551677255,-0.0697582660456061,0.3554288566254503,0.6424360322906615,-0.4559457753615502,-0.5262696122105701,0.3421388659404406,0.2613750921013439,-0.8365265500001794,0.3459310841218268,0.331245107077715,0.2347937567472567,0.6545973474879301,-0.0895954570825322,0.3226767487340047,0.5977174216296293,-0.5935504232148083,-0.2586104298190421,0.3172763742509629,0.32160923431266,0.5540661440267917,-0.0593799615587126,0.3129106675212622,0.3177407574139232,-0.708729120894118,0.4920079940075344,0.2818556009883798,0.1349411497010444,-0.8310828098300999,0.2416115399566952,0.267865259355329,0.1445028562269227,0.919794788475066,-0.0543441623603884,0.264532292724645,0.0764681590478117,0.5567216831473858,-0.0885547563958,0.2515467574466431,0.5547978096059127,-0.4300053955166497,-0.6075662683354165,0.2486467914110844,0.0042040859111481,0.9014769708727596,-0.0634224779986463,0.2233650113271807,0.7221806632657065,-0.1080172758661804,-0.5364033060807336,0.1987031386115927,-0.0787724676684595,0.4522937612329784,-0.2056217139909507,0.194923139303062,0.0543599605041013,0.8829186674510312,-0.1927624029469316,0.176622795771827,0.5486946327145381,-0.3516622859427273,-0.6191201280368729,0.1713274622635456,-0.1487257670395471,0.127581432355393,-0.3178612596970298,0.1671647943544272,0,0,0,0,0,0,0,0,1,0,0,0,0,0,0,0,0,0,0,0,0,0,0,0,0,1,0,0,0,0,0,0,0,0,0,0,0,0,0,0,0,0,0,0,1,0,0,0,0,0,0,0,0,0,1,0,0,0,0,0,0,0,0,0,0,0,0,0,0,0,0,0,0,0,0,0,1,0,0,0,0,0,0,0,0,0,0,0,0,0,0,1,0,0,0,0,0,0,0,0,0,0,0,0,0,1,0,0,0,0,0,0,0,0,0,0,0,0,0,1,0,0,0,0,0,0,0,0,0,0,0,0,0,0,0,1,0,0,0,0,0,0,0,0,1,0,0,0,0,0,0,0,0,0,0,0,0,0,0,0,0,0,0,0,0,0,0,0,1,0,0,0,0,0,0,1,0,0,0,0,0,0,0,0,0,0,0,0,0,0,0,1,0,0,0,0,0,0,0,0,0,0,0,0,1,0,0,0,0,0,0,0,0,0,1,0,0,0,0,0,0,0,0,0,0,0,0,0,0,0,0,0,0,0,0,0,0,0,1,0,0,0,0,0,0,0,0,0,0,0,0,0,1,0,0,0,0,0,0,0,0,0,0,0,0,0,0,0,0,0,0,0,0,0,1,0,0,0,0,0,0,0,0,0,0,0,0,1,0,0,0,0,0,0,0,0,0,0,0,0,0,1,0,0,0,0,0,0,0,0,0,0,0,0,0,1,0,0,0,0,0,0,0,0,0,0,0,0,0,1,0,0,0,0,0,0,0,0,0,0,0,0,0,0,0,1,0,0,0,0,0,0,0,0,0,0,0,0,0,1,0,0,0,0,0,0,0,0,0,0,0,1,0,0,0,0,0,0,0,0,0,0,1,0,0,0,0,0,0,0,0,0,0,0,0,0,0,0,0,0,0,0,0,0,0,0,1,0,0,0
117.823,5,1.0,5.609185810055464e-19,6.751915919894298e-18,1.010339316057938,0.8465275720594596,0.5227499600653122,2.2890348781876137e-17,0.5606721175942379,0.7768524652056087,-0.5731860229811215,0.1560844516778939,0.5520511371519461,0.329374709983418,-0.8773846113435116,0.2721600876706139,0.4659467228049429,0.4333119237511037,0.8676637511550952,-0.1233928126210383,0.4458422332540781,0.2195731418963228,0.7719360975825417,-0.2547258440957985,0.4166342685883461,0.7266524139087928,-0.544865018692113,-0.1927479777242528,0.379809852123025,0.175772604170118,-0.7371474619463394,0.5006555119897504,0.3742407202599043,0.9168798281752142,0.3583345706266271,0.0077005871078104,0.372479769332979,0.2186865205524178,0.9074645264809568,-0.0252563970994368,0.3566485664951589,0.1907679635078085,0.6156205616262403,-0.3209642281324508,0.3527594373105075,-0.0677916791233064,-0.5820450832095146,0.5353363199074869,0.3401895285729122,0.6907574359445079,-0.4277098404515688,-0.400088736060634,0.3398506106640522,0.284080339493667,0.52819747067493,-0.2970293893502439,0.3299050584263983,0.6602661568274388,-0.516819940046909,-0.1806286802717332,0.3100005417996573,0.2266014151301626,0.8233932918569551,0.066577869296013,0.2990916817171144,0.2514630349598447,-0.6663465694537127,0.5227984818980729,0.2885151023610406,0.0080804770646699,0.4669876677179225,-0.3408932363449917,0.2775128638652162,-0.1736019954532047,0.0180821285678141,-0.4148180552046091,0.2633968062971721,0.2228245791498782,0.6803010420803961,0.174849026831053,0.2619627316572618,0.621071794118552,-0.3820527951366662,-0.4726135924514095,0.2472927746706948,0.1323168917374955,0.8051854731712944,-0.0136451910747341,0.2386966335711223,-0.2617330225416382,0.3233441006065507,-0.4739837908606461,0.2317897532649535,-0.2464591871137239,-0.4027966740224021,0.6142726152821381,0.2182727170418095,-0.3500635840785306,-0.0694924464346581,-0.5758038769236674,0.196427055054469,0,0,0,0,0,0,0,0,0,0,0,0,0,1,0,0,0,0,0,0,0,0,0,0,0,1,0,0,0,0,0,0,0,0,0,0,0,0,0,0,0,0,1,0,0,0,0,0,0,0,0,0,0,0,1,0,0,0,0,0,0,0,0,0,0,0,0,0,0,0,0,0,0,0,0,0,0,0,0,0,0,1,0,0,0,0,0,0,0,0,0,1,0,0,0,0,0,0,0,0,0,0,0,0,0,1,0,0,0,0,0,0,0,0,0,0,0,0,0,1,0,0,0,0,0,0,0,0,0,0,0,0,0,0,0,1,0,0,0,0,0,0,0,0,1,0,0,0,0,0,0,0,0,0,0,0,0,0,0,1,0,0,0,0,0,0,0,0,0,0,0,0,0,0,0,0,0,0,0,0,0,0,1,0,0,0,0,0,0,1,0,0,0,0,0,0,0,0,0,0,1,0,0,0,0,0,0,0,0,0,0,0,0,0,0,1,0,0,0,0,0,0,0,0,0,0,0,0,0,0,0,0,0,1,0,0,0,0,0,0,0,0,0,0,0,0,0,0,0,0,0,0,1,0,0,0,0,0,0,0,0,0,0,0,0,0,1,0,0,0,0,0,0,0,1,0,0,0,0,0,0,0,0,0,0,1,0,0,0,0,0,0,0,0,0,0,0,0,0,0,0,1,0,0,0,0,0,0,0,0,0,0,0,0,0,0,0,0,0,0,0,0,1,0,0,0,0,0,0,0,1,0,0,0,0,0,0,0,0,0,0,0,0,1,0,0,0,0,0,0,0,0,0,0,0,0,0,0,0,0,0,0,0,0,0,0,0,0,0,0,0,0,0,1,0,0,0,0,0,0,0,0,0,1,0,0,0,0,0,0,0,0,0,0,0,0,1,0,0,0,0,0,0,0,0,0,0,0,0,0
118.334,6,1.0,1.5626930490964089e-18,2.4963153353275924e-17,1.0122863413812293,0.8448777560473338,0.5286273918698514,-1.9176303311032331e-19,0.5741098472525763,0.7726337902346739,-0.5683525565042745,0.1583531733779093,0.5540404457190046,0.2487108228671438,-0.899522872707964,0.2537324896991559,0.4864989400961693,0.426740437187991,0.8579068434190402,-0.0711854902780979,0.454543693167482,0.203560125814437,0.7405931030212825,-0.2318071497873817,0.4318193242222046,0.0077601916151207,-0.7074199487204412,0.5962860778111174,0.4074578491473464,0.9072638011982268,0.3773521073261876,0.0038612622252162,0.3777491838056296,0.7684515812071478,-0.5257883927662051,-0.2114882011412896,0.3698413586937191,0.1746722981595228,0.9450052330858504,0.0538501312572421,0.3640333948110091,0.7040119095712033,-0.4091288521277099,-0.5052001181494249,0.3549982461853054,0.2309930108263611,0.5163699062628855,-0.3349510861483873,0.3473085571483775,-0.286143461593752,-0.3069242223641031,-0.3510128159359705,0.3266720587202384,0.4193209018768049,0.3783638504781334,-0.3220810144757963,0.3258667306005754,0.7621592673604842,-0.4874284425492651,-0.1281516140842844,0.2863895406702789,-0.4323101761785267,-0.1026265942244823,-0.3341148279727175,0.2821367660861851,0.1835485458604948,-0.5530370091651875,0.715411099709965,0.2801616829347718,0.0217070880441319,0.3714903987169844,-0.3508485008138497,0.2754866431188689,0.1201626867044948,0.9229119154807452,0.0653250243023982,0.2689475487701941,0.6590935308132468,-0.3773490496285097,-0.5695857439998894,0.2507440004307278,-0.3465351158697127,0.1713863156268029,-0.4167240202209334,0.2498284660649118,-0.6807770030086143,0.1137529715510055,0.1740679080910804,0.2411571586544305,-0.5983463411227432,-0.2037450864125383,-0.1141379786791382,0.2353705711796536,0.7682019456162965,-0.0353276625952925,-0.5220802764136934,0.2305834790853394,0.1026367526385297,0.8347974528282673,0.1549129517311947,0.2213259316439874,0,0,0,0,0,0,0,0,0,0,0,0,1,0,0,0,0,0,0,0,0,0,0,0,0,1,0,0,0,0,0,0,0,0,0,0,0,0,0,0,0,0,0,0,0,0,0,1,0,0,0,0,0,0,1,0,0,0,0,0,0,0,0,0,0,0,0,0,0,0,0,0,0,0,0,0,0,0,0,0,1,0,0,0,0,0,0,0,0,0,0,1,0,0,0,0,0,0,0,0,0,0,0,0,0,1,0,0,0,0,0,0,0,0,0,0,0,0,0,1,0,0,0,0,0,0,0,0,0,0,0,0,0,0,0,1,0,0,0,0,0,0,0,0,0,0,0,1,0,0,0,0,0,0,0,0,0,0,0,0,0,0,0,0,0,0,0,0,1,0,0,0,1,0,0,0,0,0,0,0,0,0,0,0,0,0,0,0,0,1,0,0,0,0,0,0,0,0,0,0,0,0,0,0,0,1,0,0,0,0,0,0,0,0,1,0,0,0,0,0,0,0,0,0,0,0,0,0,0,0,0,0,0,0,0,0,0,0,1,0,0,0,0,0,0,0,0,0,0,0,0,0,1,0,0,0,0,0,0,0,0,0,0,0,0,0,1,0,0,0,1,0,0,0,0,0,0,0,0,0,0,0,0,0,0,0,0,0,0,0,0,0,0,0,0,0,1,0,0,0,0,1,0,0,0,0,0,0,0,0,0,0,0,1,0,0,0,0,0,0,0,0,0,0,0,0,0,0,0,1,0,0,0,0,0,0,0,0,0,0,0,0,0,0,0,1,0,0,0,0,0,0,0,0,0,0,0,0,0,0,0,0,0,0,1,0,0,0,0,0,0,1,0,0,0,0,0,0,0,0,0,0,0,0,0,0,0,1,0,0,0,0,0,0,0,0,0,1,0,0,0,0,0,0,0,0,0,0,0,0
119.147,7,1.0,-8.884005374292099e-19,2.35161048530846e-17,1.0119464693170812,0.8599784574987405,0.5044291350145813,-7.427556793206463e-18,0.5564436801981766,0.7833168169241977,-0.5220520912683297,0.3192496098226515,0.5487075760599104,0.2440802734946646,-0.8291946443921697,0.4918751340607098,0.48756926309354,0.1784075151484992,0.6834367980556301,-0.6299894457346007,0.4593619160825503,0.4535525898030398,0.8394402890862235,-0.274644232356444,0.4551933300784166,-0.0724631645466457,-0.5718145909201587,0.7533548509333923,0.4386208076504435,-0.4630703338029598,-0.4524315281026783,0.6492385489861396,0.4077795888508425,0.1427768126279082,0.9673194517871752,-0.0192967320711951,0.3788050304015237,0.926717384206064,0.352733897737328,0.0803520785076494,0.3661415088803801,0.6741446899951807,-0.5919812805144646,-0.4048249486691996,0.3645535700785269,0.7956896473871609,-0.5845244012470983,-0.0577008799105539,0.3644391594180459,0.2493186464125809,0.4113366429585881,-0.7507674125628231,0.3612060279042778,0.0277219597118939,-0.3620463045923902,0.8165393621992338,0.333702710942496,0.4989851350490888,0.2632727399825388,-0.66406197021045,0.3266989602654324,-0.8524488265626735,0.3527860421465171,-0.1062235689437357,0.3219167842277428,-0.216751990555264,-0.3329954594090025,-0.7619335887975014,0.3152121070587834,-0.5206940311054763,-0.2247904405895258,0.6734340156110454,0.2990314206740564,-0.2189371898123635,0.2416681411348746,-0.7267820384246241,0.2864959734177705,-0.0119918224970666,0.2721683569027385,-0.8128381017288564,0.2841399826486027,-0.4150595507081211,-0.1061150062203344,-0.782966221269963,0.2721511258323807,0.0337404083625022,0.9706210712222844,-0.0991547775242488,0.2719199167634085,0.8294191881890385,-0.53151184235212,0.0523324921621295,0.2716077457957769,-0.1313452557330425,-0.1924724284475412,0.8290571308377377,0.2646417752497416,0.6362767024998307,-0.5655002976705433,-0.4878831161782889,0.2553832934163161,0,0,0,0,0,0,0,0,0,0,0,0,0,0,0,0,0,0,1,0,0,0,0,0,0,1,0,0,0,0,0,0,0,0,0,0,0,0,0,0,0,0,0,0,0,0,1,0,0,0,0,0,0,0,1,0,0,0,0,0,0,0,0,0,0,0,0,0,0,0,0,0,0,0,0,0,0,0,0,0,0,0,0,0,0,0,1,0,0,0,0,1,0,0,0,0,0,0,0,0,0,0,0,0,0,1,0,0,0,0,0,0,0,0,0,0,0,0,0,0,0,1,0,0,0,0,0,0,0,0,0,0,0,1,0,0,0,0,0,0,0,0,0,0,0,1,0,0,0,0,0,0,0,0,0,0,0,0,0,1,0,0,0,0,0,0,0,0,0,0,0,0,0,0,0,1,0,0,0,0,0,0,0,0,0,0,0,0,0,0,0,0,0,0,0,0,1,0,0,0,0,0,0,0,0,1,0,0,0,0,0,0,0,0,1,0,0,0,0,0,0,0,0,0,0,0,0,0,1,0,0,0,0,0,0,0,0,0,0,0,0,0,0,1,0,0,0,0,0,0,0,0,0,0,0,0,0,0,0,0,0,0,0,0,0,0,1,0,0,0,0,0,0,0,0,0,0,0,0,0,1,0,0,0,0,0,0,0,0,0,0,0,0,0,1,0,0,0,0,1,0,0,0,0,0,0,0,0,0,0,0,0,0,0,0,0,0,1,0,0,0,0,0,0,0,0,0,0,0,1,0,0,0,0,0,0,0,0,0,0,1,0,0,0,0,0,0,0,0,0,0,0,0,0,0,0,0,1,0,0,0,0,0,0,0,0,0,0,0,0,0,0,0,0,0,0,0,0,1,0,0,0,0,1,0,0,0,0,0,0,0,0,0,0,0,0,0,0,0,1,0,0,0,0,0,0,0,0,0,0
117.536,8,1.0,2.5750334480686608e-17,-1.6864449690710554e-17,1.0138934002677378,0.8849387133009599,0.4643057932404522,-5.577067206679296e-18,0.5555239998273362,0.7870323681888558,-0.5736246943793667,0.0691961188595836,0.5467005425632969,0.0674854911554436,0.8148818165417113,-0.4083572928863836,0.4900533122763237,0.2698604219138935,-0.9274881467937468,0.1788606800455383,0.4749528360957313,0.467501441119011,0.8539836001647467,-0.0761765639546397,0.4614976820714983,0.0072746197611329,-0.7529715058801447,0.6170417458347972,0.4339699378656734,-0.2583512303041276,-0.1059977210765299,-0.7559777310049297,0.3975342279177125,0.2269079007095077,0.8704700311208498,0.3194976089706979,0.3860862923191372,-0.6745563481784226,0.0159802982605886,0.1905557622585381,0.3742108444607445,0.7601256969080638,-0.4905934411460797,-0.3283891815001062,0.3733746158962728,0.5941408682256472,-0.3732972631809769,-0.6565328117668221,0.3724636769331036,0.9362386435431918,0.3257558984757198,0.0041159717051659,0.3656918538622759,0.1072726591270012,0.6528785007667205,-0.6401908790016078,0.3631582497299498,-0.492974563440918,0.0253978462810527,-0.6592791450265922,0.3575445094481392,-0.4449862219988257,0.3133294758830569,-0.6349288452073315,0.3280944818637154,0.3576619411699666,0.5616753936326494,-0.6716968527582734,0.3104904359379368,-0.2034691719289107,0.4825428126272064,-0.715011181018229,0.2995867773180437,0.3076943823768374,-0.9122370359316042,0.1088344438276473,0.2989359920393626,0.0568582193451357,0.8850365012124681,0.2550452301922041,0.2848905131584928,-0.7252196580032995,-0.2639544116740497,-0.4131674747414214,0.284253705798754,0.8093410636252104,-0.4557645597318512,-0.2244386318470159,0.2758884348078146,0.5479743005706792,-0.2990992115864588,-0.7208026225011909,0.2605672768595591,-0.1663686238251029,0.7986696781109515,0.2685079155907303,0.2581245882691925,-0.7402838334295467,0.0132689562536985,0.0667398379935449,0.2580676716809059,0,0,0,0,0,0,0,0,0,0,0,0,0,0,0,0,0,0,0,1,0,0,0,0,0,1,0,0,0,0,0,0,0,0,0,0,0,0,0,0,0,0,0,0,0,0,0,0,0,0,0,0,1,0,1,0,0,0,0,0,0,0,0,0,0,0,0,0,0,0,0,0,0,0,0,0,0,0,0,0,0,0,0,0,0,0,0,1,0,0,0,1,0,0,0,0,0,0,0,0,0,0,0,0,0,0,0,1,0,0,0,0,0,0,0,0,0,0,0,1,0,0,0,0,0,0,0,0,0,0,0,0,0,1,0,0,0,0,0,0,0,0,0,0,0,0,0,1,0,0,0,0,0,0,0,0,0,0,0,0,0,0,0,0,0,0,0,0,1,0,0,0,0,0,0,1,0,0,0,0,0,0,0,0,0,0,0,0,0,0,0,0,0,0,0,0,1,0,0,0,1,0,0,0,0,0,0,0,0,0,0,0,0,0,0,0,0,0,0,1,0,0,0,0,0,0,0,0,0,0,0,0,0,0,0,0,0,0,1,0,0,0,1,0,0,0,0,0,0,0,0,0,0,0,0,0,1,0,0,0,0,0,0,0,0,0,0,0,0,0,0,0,0,0,0,1,0,0,0,0,0,0,0,0,0,0,0,0,0,0,0,0,0,0,1,0,0,0,0,0,0,1,0,0,0,0,0,0,0,0,0,0,0,0,0,1,0,0,0,0,0,0,0,0,0,0,0,1,0,0,0,0,0,0,0,0,0,0,0,0,0,0,0,1,0,0,0,0,0,0,0,0,0,0,0,0,0,0,0,0,0,0,0,0,1,0,0,0,0,0,0,1,0,0,0,0,0,0,0,0,0,0,0,1,0,0,0,0,0,0,0,0,0,0,0,0,1,0,0,0,0,0,0,0,0,0,0,0,0,0
107.799,9,1.0,2.980527553599457e-18,1.6955495682847065e-18,1.0085993422390094,0.700525028337778,-0.4934730661922897,0.3455494031290128,0.596102654181566,0.8231541723060529,0.5526631633555298,1.0664548177857376e-17,0.5741561164028933,-0.3643262902727443,-0.3559287242903742,-0.3307931191286732,0.4649262638293731,0.5238427119414195,0.7363349991586515,-0.300803980047778,0.4318082072153843,0.4113171793645917,0.5114135983213355,-0.564830134593036,0.4078110073582163,0.1250234470375859,0.8222218553692253,-0.1827130045857307,0.390659573705639,0.81171567873588,0.4826248468755109,0.1782853480146788,0.388381680068513,0.7020264192680532,-0.4356269294076441,0.1395432085458276,0.3806271310116434,0.6874126366745219,-0.3763161550380032,-0.1434082385552481,0.3534903182467771,0.5251363839632448,0.3746345984570188,-0.5940888276074874,0.3328967485554721,0.1241307874234148,0.8378027020241505,0.1387219937244132,0.3311152077378246,0.2568964429823088,-0.3684419090633039,-0.5898770835369044,0.3244289370270102,-0.4303015991702726,-0.2810999567408593,-0.4077373360719023,0.3133328275554995,0.0760421522332696,-0.2874393320543015,-0.6468489364340663,0.3127194420399797,0.1015474090422202,-0.0144245748899095,-0.6960768260063175,0.3001841118677736,0.6469288098365541,-0.3695338863365959,0.2784593294382348,0.2981182892391635,0.6973891580648157,0.3600538806636387,-0.487518100054347,0.2939990120405665,-0.169232516822753,-0.4701486230759606,-0.5577746956575573,0.2819124790428344,-0.2949078483262508,-0.3648472110926976,-0.5276225513142861,0.2815230801425701,0.332018728445523,0.1801405544855916,-0.6859372599602902,0.2720813653145165,0.0505644514791054,0.7941667818226795,-0.2904085108916906,0.2700818706854111,-0.5492163722643961,-0.1143487058763669,-0.342271418205445,0.2499724242379394,0.6579123481595816,-0.33347156447439,-0.1641598486956979,0.2493312212061911,-0.633780631519264,-0.1413551649866935,-0.2251469891162368,0.2176113617299953,0,0,0,0,0,0,0,1,0,0,0,0,0,0,0,0,0,0,0,0,0,0,0,0,0,1,0,0,0,0,0,0,0,0,0,0,0,0,0,0,0,1,0,0,0,0,0,0,0,0,0,0,0,0,0,0,0,1,0,0,0,0,0,0,0,0,0,0,0,0,0,0,0,0,0,0,0,0,0,0,0,0,0,0,0,0,0,1,1,0,0,0,0,0,0,0,0,0,0,0,0,0,0,0,0,0,0,0,0,0,0,0,1,0,0,0,0,0,0,1,0,0,0,0,0,0,0,0,0,0,0,0,0,0,0,1,0,0,0,0,0,0,0,0,0,0,0,1,0,0,0,0,0,0,0,0,0,0,0,0,0,0,0,0,0,0,0,0,1,0,0,0,1,0,0,0,0,0,0,0,0,0,0,0,0,0,0,0,0,0,0,1,0,0,0,0,0,0,0,0,1,0,0,0,0,0,0,0,0,0,0,0,0,0,0,0,0,1,0,0,0,0,0,0,0,0,0,0,0,0,0,0,0,0,0,0,0,0,1,0,0,0,1,0,0,0,0,0,0,0,0,0,0,0,0,0,1,0,0,0,0,0,0,0,0,0,0,0,0,0,0,0,0,0,0,1,0,0,0,0,0,0,0,0,0,0,0,0,0,0,0,0,0,0,1,0,0,0,0,0,0,0,0,0,0,0,0,0,1,0,0,0,0,0,0,1,0,0,0,0,0,0,0,0,0,0,0,0,0,0,0,1,0,0,0,0,0,0,0,0,0,0,0,1,0,0,0,0,0,0,0,0,0,0,0,0,0,1,0,0,0,0,0,0,0,0,0,0,0,0,0,1,0,0,0,0,0,0,0,0,0,0,0,0,0,1,0,0,0,0,0,0,0,0,0,0,0,0,0,1,0,0,0,0,0,0,0,0,0,0
107.532,10,1.0,-3.552234180398697e-18,1.1959814705303901e-17,1.012862712233273,0.740408217491064,-0.5561683915301324,0.1758882728224862,0.5735071128229542,0.8675903959499586,0.4877694746422693,-4.883198559200159e-18,0.5716697864953223,-0.4826926627685665,-0.2380091734585177,0.2226993922346629,0.5437927549887528,0.4856093092922078,0.8094819320305173,-0.1664325544794416,0.4589916893354228,0.2005393422586388,0.7153495553812637,-0.441849649016878,0.4494178067986534,-0.0492007036270079,-0.1717660097791422,-0.6871479302428247,0.3829614046921526,0.8956707883782707,0.3740732533318884,0.0629338829109627,0.3773203984513617,-0.5925223196987858,-0.1031494124556575,0.0754921090308895,0.375088909812975,0.7350106678005468,-0.4848966807864386,-0.1563103555150905,0.3742921026854844,-0.2808844562935017,-0.057687898487135,-0.593390089973185,0.3676330962269855,0.6362169762244172,-0.3788957867342221,-0.4269857443528487,0.3564862364868052,0.2422646063718984,0.5532525336917424,-0.6393047348272964,0.3523014350924058,-0.2649887352114452,0.216066966083617,-0.5969383558551369,0.3251950421006487,-0.580416211621098,-0.0979331911116364,-0.1636218933223007,0.3155872167916505,0.4493297479688739,0.471876288878874,-0.6571786465777881,0.3078445107563,-0.5199827472845384,-0.3982228339595146,-0.3744550509560332,0.3039183032444284,-0.0241191900251278,0.3936241801262452,-0.6870055326776764,0.2877184754269606,-0.5935489824805606,0.0821686969701363,0.1965264044959174,0.2871281659450378,0.7536924550356736,-0.4426207685199298,-0.0561354579438769,0.2812872680588073,-0.4580594275890893,0.4870942563036206,-0.1399114028776377,0.2782194501209056,0.6036705443051336,-0.3287455351981158,-0.4768634031984685,0.250817270721772,-0.6187414157679761,0.2299634455806232,0.055828476250363,0.2436664989198478,0.7539075406854774,0.0288590804526587,-0.4033028250026115,0.2345682833851408,-0.5801699719749689,-0.077099983401899,0.2862176109047,0.2299459735673267,0,0,0,0,0,0,0,1,0,0,0,0,0,0,0,0,0,0,0,0,0,0,0,0,0,1,0,0,0,0,0,0,0,0,0,0,0,0,0,0,0,1,0,0,0,0,0,0,0,0,0,0,0,0,0,0,0,1,0,0,0,0,0,0,0,0,0,0,0,0,0,0,0,0,0,1,0,0,0,0,0,0,0,0,0,0,0,0,1,0,0,0,0,0,0,0,0,0,0,0,0,0,0,0,0,0,0,0,0,0,0,0,1,0,0,0,0,0,0,1,0,0,0,0,0,0,0,0,0,0,0,0,0,0,0,1,0,0,0,0,0,0,0,0,0,0,0,0,0,0,0,0,0,0,1,0,0,0,0,0,0,0,0,0,0,0,0,0,1,0,0,0,1,0,0,0,0,0,0,0,0,0,0,0,0,0,1,0,0,0,0,0,0,0,0,0,0,0,0,0,1,0,0,0,0,0,0,0,0,0,0,0,0,0,0,0,0,0,0,1,0,0,0,0,0,0,0,0,1,0,0,0,0,0,0,0,0,0,0,0,0,0,0,0,0,0,0,1,0,0,0,0,0,0,0,0,0,0,0,0,0,1,0,0,0,0,0,0,0,0,0,0,0,0,0,0,0,0,0,0,1,0,0,0,0,0,0,1,0,0,0,0,0,0,0,0,0,0,0,0,0,1,0,0,0,0,0,0,0,0,0,0,0,0,0,1,0,0,0,0,0,0,0,0,0,0,0,0,0,0,0,0,0,0,0,0,1,0,0,0,0,0,0,0,0,0,0,0,0,0,1,0,0,0,0,0,0,1,0,0,0,0,0,0,0,0,0,0,0,0,0,0,0,1,0,0,0,0,0,0,0,0,0,0,0,0,0,1,0,0,0,0,0,0,0,0,0,0,0,1,0,0,0,0,0,0,0,0,0,0
107.33,11,1.0,-4.98804597774777e-18,-1.936845846041441e-17,1.0101732335772808,0.7157729436649218,-0.5792596145527451,0.3283848561373334,0.5877280034971789,0.8712706478756989,0.4799181614982016,-4.523884704024631e-18,0.5540576965322952,-0.4750415419502989,0.0253927131753995,-0.2985112082170277,0.4921492629013474,0.5309913846589142,0.7779065392305963,-0.2788196980254806,0.432387822533026,0.3100327911865404,0.6397198415120678,-0.6339814250460223,0.4137719286932252,0.9122282603498048,0.3335258002760123,0.14204499462559,0.3719355048249312,0.7689230491981803,-0.5720604533060534,0.0108690520451846,0.3666671844547455,-0.0077478446396952,-0.2939801456919242,-0.7132196073503418,0.36119899219986,0.7469218355212094,-0.4865537794712156,-0.3341156566082331,0.3452111429750414,-0.5362427836321634,0.1140220965243549,-0.4001121237941768,0.3432035037466596,0.4009314004395969,0.4178291870716707,-0.7349524429544669,0.338554705299199,-0.1635219041710562,-0.0906282503519907,-0.7547279101122067,0.323419968413533,0.613394058406472,0.2932341941712683,-0.6464045902284515,0.3006390611783206,-0.0970570337334496,0.1779030856121075,-0.8129277696492709,0.2944583180422902,-0.5020560039119791,0.0484770417438165,-0.5330024529773095,0.2812096421511482,-0.3962365303496216,-0.1590572114973345,-0.5989334702965079,0.2802484986015833,-0.2575023049694027,0.6476276933063203,-0.4387865144471953,0.279668421267846,0.1429106519543628,0.2837331193936102,-0.8332510766589534,0.2785196809128609,0.7714301308950614,-0.5341555451791244,0.1572753683865016,0.276311202574992,-0.5861071465484735,0.3163432988182577,-0.2236622561544719,0.263090642779309,0.7345236456270297,-0.4513216272086718,-0.3859034007721373,0.2447095771812736,0.9103763020651602,-0.0601033140167317,-0.3122031710511061,0.2304432244378997,-0.3874520451252174,0.5882683286255577,-0.4029132329133038,0.217181992295213,-0.5290066349381257,0.4350306896306499,-0.3618340034629177,0.2160329942507428,0,0,0,0,0,0,0,1,0,0,0,0,0,0,0,0,0,0,0,0,0,0,0,0,0,1,0,0,0,0,0,0,0,0,0,0,0,0,0,0,0,1,0,0,0,0,0,0,0,0,0,0,0,0,0,0,0,1,0,0,0,0,0,0,0,0,0,0,0,0,0,0,0,0,0,1,0,0,0,0,0,0,0,0,0,0,0,0,1,0,0,0,0,0,0,0,0,0,0,0,0,0,0,0,0,0,0,0,0,0,0,0,1,0,0,0,0,0,0,1,0,0,0,0,0,0,0,0,0,0,0,0,0,0,0,1,0,0,0,0,0,0,0,0,0,0,0,0,0,0,0,0,0,0,1,0,0,0,1,0,0,0,0,0,0,0,0,0,0,0,0,0,0,0,0,0,0,0,0,0,0,0,1,0,0,0,0,0,0,0,0,1,0,0,0,0,0,0,0,0,1,0,0,0,0,0,0,0,0,0,0,0,0,0,1,0,0,0,0,0,0,0,0,0,0,0,0,0,1,0,0,0,0,0,0,0,0,0,0,0,0,0,0,0,0,0,0,0,0,0,0,0,1,0,0,0,0,0,0,0,0,1,0,0,0,0,0,0,0,0,0,0,0,0,0,1,0,0,0,0,0,0,0,0,0,0,0,1,0,0,0,0,0,0,0,0,0,0,0,0,0,0,0,0,0,0,0,0,1,0,0,0,0,0,0,1,0,0,0,0,0,0,0,0,0,0,0,0,0,0,0,0,0,0,0,0,1,0,0,0,0,0,0,1,0,0,0,0,0,0,0,0,0,0,0,0,0,1,0,0,0,0,0,0,0,0,0,0,0,0,0,0,0,1,0,0,0,0,0,0,0,0,1,0,0,0,0,0,0,0,0,0,0,0,0,0,0,0,0,0,0,1,0,0,0,0,0,0,0,0
107.251,12,1.0,-4.220253228288013e-18,1.1224649766694669e-17,1.007852114436764,0.8187152585241562,0.5711553685373937,-5.702569767933924e-18,0.5870735840273174,0.732146024829257,-0.4791595811180703,0.4249946432209567,0.577517232029781,-0.5228974394028729,-0.1992561601330134,-0.3960518094286336,0.4503557663542669,0.4757129220147128,0.767447503903143,-0.385288381392833,0.4481492218582388,0.3215082023605762,0.489000808863177,-0.7363496566226504,0.4216430246980422,0.8381210846067176,0.4800523240354192,0.1986497615129324,0.3878570282504866,0.816429388024455,-0.4566082800284885,0.1603213357698508,0.3580320931702352,0.8219953882416948,-0.417604906236928,-0.1778702625136956,0.3413584662071685,0.4630988095261569,0.2632481690373494,-0.7785081753260199,0.3319149679452901,0.1383138006888964,-0.4925807072190363,-0.7155884781262289,0.3273200789646751,-0.5395152468318138,-0.1994714434246244,-0.4882112079414208,0.3230757315269553,-0.0121346928067727,-0.3386158437823884,-0.7993331696120028,0.3136041855797226,0.6834363419638284,0.2238480130156363,-0.6372095191354521,0.2949770971855158,0.0173850011823276,-0.1068821945901335,-0.8720568399944646,0.2881670100139877,0.7967818931265549,-0.3896293017827114,0.3100971020351085,0.2735744644298246,-0.265496244245768,0.3174342766348834,-0.6179383116361441,0.2735070304742062,-0.4366465494852252,-0.2903460827265361,-0.6285671003217802,0.2726627895382853,0.25602782917666,0.055810409805931,-0.8749541596392785,0.2705971434408377,-0.6087951334356757,-0.0398351874302715,-0.3895993940302769,0.2578424314204598,-0.3530600349826543,-0.4160660604870471,-0.6783857812957312,0.2577517601491949,0.8122591362193387,-0.3921677483684651,-0.2197894213185235,0.2420755212328798,0.935227394030442,0.0387904937088331,-0.1776798629167467,0.2235426754583625,-0.3868370818563243,0.2112307499799927,-0.6134566308609555,0.2179930535276169,0.9087883991836276,-0.1782532328429526,-0.1483282318805796,0.210949703485981,0,0,0,0,0,0,0,1,0,0,0,0,0,0,0,0,0,0,0,0,0,0,0,0,0,1,0,0,0,0,0,0,0,0,0,0,0,0,0,0,0,1,0,0,0,0,0,0,0,0,0,0,0,0,1,0,0,0,0,0,0,0,0,0,0,0,0,0,0,0,0,0,0,0,0,1,0,0,0,0,0,0,0,0,0,0,0,0,0,0,0,1,0,0,0,0,0,0,0,0,0,0,0,0,0,0,0,0,0,0,0,0,1,0,0,0,0,0,0,1,0,0,0,0,0,0,0,0,0,0,0,0,0,0,0,1,0,0,0,0,0,0,0,0,0,0,0,0,0,0,0,0,0,0,1,0,0,0,1,0,0,0,0,0,0,0,0,0,0,0,0,0,0,0,0,0,0,1,0,0,0,0,0,0,0,0,1,0,0,0,0,0,0,0,0,0,0,0,0,0,0,0,0,0,0,0,0,0,0,0,1,0,0,0,1,0,0,0,0,0,0,0,0,0,0,0,0,0,1,0,0,0,0,0,0,0,0,0,0,0,0,0,0,0,0,0,0,0,0,0,0,0,1,0,0,0,0,0,0,0,0,1,0,0,0,0,0,0,0,0,0,0,0,0,0,0,0,0,0,0,1,0,0,0,0,0,0,0,0,0,0,0,0,0,1,0,0,0,0,0,0,0,0,1,0,0,0,0,0,0,0,0,0,0,0,1,0,0,0,0,0,0,0,0,0,0,0,0,0,1,0,0,0,0,0,0,0,0,0,0,0,0,0,1,0,0,0,0,0,0,0,0,0,0,0,0,0,1,0,0,0,0,0,0,0,0,0,0,0,0,0,0,0,1,0,0,0,0,0,0,0,0,1,0,0,0,0,0,0,0,0,0,0,0,0,0,1,0,0,0,0,0,0,0,0,0,0,0,0,0
118.74,13,1.0,2.340959629137969e-18,-7.782889703940349e-18,1.0084628464100152,0.7981401997824025,0.5983164475896137,-7.859711175573937e-18,0.6026496164824126,0.7560512880397143,-0.4286896970499575,0.444679763139425,0.5632062138620592,-0.6900465661319444,-0.3975429799108513,-0.4023040995188733,0.5101985036984165,0.4144524679991971,0.7911948349008056,-0.4097613265645786,0.4749434518957124,0.3026431600116086,-0.8508454885765222,0.4125951281986415,0.4722359807092864,0.2646524651932055,0.4787481066987203,-0.7714084558545977,0.4457400725113139,0.8072246444406066,0.5304653937042845,0.182893422959752,0.3903971723911194,0.2470823438725133,-0.5487399111162764,-0.6436659824610771,0.3570246591113247,0.8592505766212468,-0.367217675052199,0.1855378455891485,0.3530460209311615,-0.6730620646256862,-0.349424026643541,-0.4531093995459175,0.348678241561472,0.4229412475803718,0.2767499486413411,-0.8136625953932025,0.3383254030941122,-0.0126501383874739,-0.444823390213274,-0.747261725267382,0.3338683757122552,0.8597731270101813,-0.3678124134348165,-0.146114949165249,0.3230339509249822,-0.0189023338932531,-0.1622236296157818,-0.8732457828165188,0.3034726356131648,0.2933282822388045,-0.7966710809544054,0.4924836827708094,0.3008179764385777,-0.2946790577728694,-0.5834160479877492,-0.5758939247242914,0.2969723208679891,0.6501108454611406,0.2698634796562639,-0.6733722588238423,0.2959791438455053,-0.5319721327755773,-0.4195512951777309,-0.546389823260187,0.2952180210710006,0.2287060031041599,0.0390383397857011,-0.8976607304722671,0.2768585113557942,-0.3898943668571613,0.2362515080949832,-0.5564705839580328,0.2726889367651914,0.8412299325422798,-0.2700729583369782,0.3280602347158577,0.2725557453739025,-0.7556340195800398,-0.1418501049204171,-0.3649788025008682,0.2717883814271673,0.2160627233491153,-0.64947173513872,0.6904075505592611,0.2572942887023455,0.3378830250295967,-0.8568280701785435,0.3141869703947699,0.2406728198233507,0,0,0,0,0,0,0,0,0,0,0,0,0,1,0,0,0,0,0,0,0,0,0,0,0,1,0,0,0,0,0,0,0,0,0,0,0,0,0,0,0,1,0,0,0,0,0,0,0,0,0,0,0,0,1,0,0,0,0,0,0,0,0,0,0,0,0,0,0,0,0,0,0,0,0,0,0,0,0,0,0,1,0,0,0,0,0,0,0,0,0,1,0,0,0,0,0,0,0,0,0,0,0,0,0,0,0,0,0,0,0,0,1,0,0,0,0,0,0,1,0,0,0,0,0,0,0,0,0,0,0,0,0,1,0,0,0,0,0,0,0,0,0,0,0,0,0,0,0,1,0,0,0,0,0,0,0,0,0,0,0,0,0,0,0,0,0,0,1,0,0,0,0,0,0,0,0,0,0,0,0,0,1,0,0,0,1,0,0,0,0,0,0,0,0,0,0,0,0,0,1,0,0,0,0,0,0,0,0,0,0,0,0,0,1,0,0,0,0,0,0,0,0,0,0,0,0,0,1,0,0,0,0,0,0,0,0,0,0,0,0,0,0,0,0,0,0,1,0,0,0,0,0,0,0,0,0,0,0,0,0,1,0,0,0,0,0,0,0,0,0,1,0,0,0,0,0,0,0,0,0,0,0,0,0,0,0,1,0,0,0,0,0,0,0,0,0,0,0,0,0,0,0,0,0,0,0,0,1,0,0,0,0,0,0,0,0,1,0,0,0,0,0,0,0,0,0,0,0,1,0,0,0,0,0,0,0,0,0,0,0,0,0,0,0,0,0,0,0,0,1,0,0,0,0,0,0,0,0,0,0,0,0,0,1,0,0,0,0,0,0,1,0,0,0,0,0,0,0,0,0,0,0,1,0,0,0,0,0,0,0,0,0,0,0,0,0,1,0,0,0,0,0,0,0,0,0,0,0,0
118.736,14,1.0,-2.074609533450193e-17,2.7127863127671725e-18,1.0150014972112478,-0.8230114161520989,0.0668319373570317,0.2507932914602528,0.57028469839685,0.8543583257776332,0.5180535465864822,-3.1829742174279453e-18,0.5592426791359064,0.7896269937297645,-0.5742708224445733,0.0795227367408539,0.5456129667819335,0.2788605793592115,-0.9336036360372764,0.1774731338531047,0.4725336535666257,0.0470111331814099,0.8363059769252714,-0.4285010200285216,0.4694414687725665,0.4225276312167292,0.8830525635127598,-0.0806387154516043,0.4519247631584889,0.0185682264162278,-0.7675208265416354,0.6078428741572537,0.4268928545774915,-0.315913969639443,-0.2394027831027344,-0.8196538612909109,0.4123770761949038,0.1689533893443467,0.8891279239002452,0.3114035608844666,0.3824777545235746,-0.572758943151845,-0.0287240731236948,-0.6879290024820056,0.3784930841476871,0.7701666404187447,-0.4871364338937312,-0.313324815277747,0.3716110323020906,-0.8611102684653658,0.1326583895223843,0.1020949009078507,0.3713352200609429,0.1246874159511359,0.6425733505155709,-0.6827690166287878,0.3702949066931009,0.9247094482106124,0.3582109646828986,-0.0077141438328609,0.3697410037646872,0.6181754102789955,-0.3596246693403802,-0.6342303665570019,0.3565592815918325,-0.5051202630990967,0.3175156843902382,-0.6636789136757288,0.3381868633174681,-0.792493319351655,-0.1975115632017139,-0.4020473511802957,0.3287818672154073,0.3919784430111189,0.5202696118466639,-0.7112321489912125,0.3211344012829371,-0.8760668300390384,0.0331582564463804,-0.1608164294542731,0.314034181880556,-0.1941490349784331,0.4753469215964282,-0.7606818753579634,0.3044742464504891,0.3146326566444893,-0.9208893702048334,0.0983977418615936,0.2986968172424421,0.3619630449619768,0.7436816589677417,0.499469713194831,0.2981442343957101,0.3528078049773159,0.508525326857215,0.7190623880843352,0.2896126824061202,-0.775225545749731,0.3114153444972773,0.2457811710942857,0.2750142461522219,0,0,0,0,0,0,0,0,0,0,0,0,0,0,0,0,0,0,0,1,0,0,0,0,0,1,0,0,0,0,0,0,0,0,0,0,0,0,0,0,0,1,0,0,0,0,0,0,0,0,0,0,0,0,0,0,0,0,0,0,0,0,0,0,1,0,0,0,0,0,0,0,0,0,0,0,0,0,0,0,0,1,0,0,0,0,0,0,1,0,0,0,0,0,0,0,0,0,0,0,0,0,0,0,0,1,0,0,0,0,0,0,0,0,0,0,0,0,0,1,0,0,0,0,0,0,0,0,0,0,0,0,0,0,0,1,0,0,0,0,0,0,0,0,0,0,0,1,0,0,0,0,0,0,0,0,0,0,0,0,0,1,0,0,0,0,0,0,0,0,0,0,0,0,0,0,0,0,0,0,0,0,1,0,0,0,0,0,0,1,0,0,0,0,0,0,0,0,0,0,1,0,0,0,0,0,0,0,0,0,0,0,0,0,1,0,0,0,0,0,0,0,0,0,0,0,0,0,1,0,0,0,0,0,0,0,0,0,0,0,0,0,1,0,0,0,0,0,0,0,0,0,0,0,0,0,0,0,0,0,0,0,0,0,0,0,1,0,0,0,0,0,0,0,0,1,0,0,0,0,0,0,0,0,0,0,0,0,0,1,0,0,0,0,0,0,0,0,0,0,0,1,0,0,0,0,0,0,0,0,0,0,0,0,0,0,0,0,0,0,0,0,1,0,0,0,0,0,0,0,0,1,0,0,0,0,0,0,0,0,0,0,0,1,0,0,0,0,0,0,0,0,0,0,0,0,0,1,0,0,0,0,0,0,0,0,0,0,0,1,0,0,0,0,0,0,0,0,0,0,0,0,0,1,0,0,0,0,0,0,0,0,0,0,0,0,0,0,0,1,0,0,0,0,0,0,0,0,0,0
119.136,15,1.0,1.4718996873674086e-17,-2.895713958609811e-18,1.013377719888488,0.8316972173298305,0.5518758000778845,1.4090683277875553e-17,0.5681000139751279,-0.875192175578386,-0.0748161389804497,-0.0363570460390178,0.5641778092800819,0.7870456809705779,-0.5653896393610183,0.1933432357656385,0.546935284031995,0.2715878666346147,-0.9315329160231935,0.2215778293746444,0.4805071667174931,0.1029236240132849,0.7660469829416803,-0.5809192344122365,0.4512983051904768,0.4022485028051338,0.8847669910011208,-0.1872251052412012,0.4461022467756523,-0.0590634875945482,-0.3425280105351147,-0.8728670345209739,0.3872895386557083,0.0838806235308586,0.9499515256093162,0.1701478052413931,0.3821178532186823,0.9104269221160666,0.385329746674439,0.0808639435692447,0.3754484112559191,-0.8826266353794713,0.0061440147429481,-0.1813286879919023,0.3683916157441121,-0.3550292925344565,-0.1626303199699768,-0.8406133426948983,0.3599697262723582,0.8244448266904005,-0.498500013483966,-0.1555534894844876,0.3595225110457843,0.2049927671584361,0.528086644295355,-0.7836754049843154,0.3568252542857323,0.7285073003355866,-0.3962534785433991,-0.5018195204116274,0.3477711219519431,0.1890826182697754,-0.865977203148504,0.3781958707578313,0.3327725010362162,-0.3606960841000979,0.1706162749945664,-0.8375199746566893,0.3235315970955218,-0.6215918257758685,-0.3260553629987981,-0.607509942248015,0.3177584343178717,0.480553960443583,0.4198586833628013,-0.7396864613932344,0.3147759007953441,0.2633460097772392,0.8163065045002555,0.4557255348228852,0.3134123604242322,-0.8038013381713751,-0.0936953232248594,-0.4270185296249408,0.3083959109740353,-0.0674834568849296,0.34383359821158,-0.8801031423746233,0.2894031476617024,-0.8734589390204877,0.2298601428635685,-0.0294518633537212,0.2776918604456891,0.1344520038991905,-0.7731243446474882,0.5150288198028441,0.2736903672654879,0.8594926280559443,-0.4511080482312206,-0.0253664774219487,0.2708199543557474,0,0,0,0,0,0,0,0,0,0,1,0,0,0,0,0,0,0,0,0,0,0,0,0,0,1,0,0,0,0,0,0,0,0,0,0,0,0,0,0,0,0,0,0,0,0,0,0,0,0,0,0,0,1,1,0,0,0,0,0,0,0,0,0,0,0,0,0,0,0,0,0,0,0,0,1,0,0,0,0,0,0,0,0,0,0,0,0,0,0,0,0,0,0,0,0,0,0,1,0,0,0,0,0,0,1,0,0,0,0,0,0,0,0,0,0,0,0,0,1,0,0,0,0,0,0,0,0,0,0,0,0,0,0,0,1,0,0,0,0,0,0,0,0,0,0,0,1,0,0,0,0,0,0,0,0,0,0,0,0,0,0,0,0,0,0,0,0,1,0,0,0,0,0,0,1,0,0,0,0,0,0,0,0,0,0,0,0,0,0,0,0,0,0,0,0,1,0,0,0,1,0,0,0,0,0,0,0,0,0,0,0,0,0,1,0,0,0,0,0,0,0,0,0,0,0,0,0,1,0,0,0,0,0,0,0,0,0,0,0,0,0,1,0,0,0,0,0,0,0,0,0,0,0,0,0,0,0,0,0,0,1,0,0,0,0,0,0,0,0,0,0,0,1,0,0,0,0,0,0,0,0,0,0,0,0,0,0,0,1,0,0,0,0,0,0,0,0,0,0,0,1,0,0,0,0,0,0,0,0,0,0,0,0,0,0,0,0,0,0,0,0,1,0,0,0,0,0,0,1,0,0,0,0,0,0,0,0,0,0,0,0,0,0,0,1,0,0,0,0,0,0,0,0,0,0,0,1,0,0,0,0,0,0,0,0,0,0,0,0,0,1,0,0,0,0,0,0,0,0,0,0,0,0,0,1,0,0,0,0,0,0,0,0,0,0,0,0,0,0,0,0,0,0,0,0,1,0,0,0
119.092,16,1.0,9.736554586181264e-18,7.017027644103282e-18,1.0159077788456885,-0.7352213961665583,-0.1600355815667956,0.1814481407227469,0.5930388423515462,0.8355528944241397,0.5415493802344001,-7.301583997386445e-18,0.564859338675707,0.7796956548419647,-0.5404544217827251,0.1672176702199873,0.5516288940096534,0.2946647515931332,-0.912502064828351,0.2415389914812897,0.4743440746655258,0.0939173838505134,0.7754173736261375,-0.469997596548969,0.4699480921416468,0.4236513476468411,0.8638898332217023,-0.1419438375911653,0.4531121278920761,-0.188611918736317,-0.3407449598600668,-0.7771070698789387,0.4219041999245866,0.1436133702869072,0.8776767041959669,0.1884586193456039,0.3844441275478662,-0.8035978325858855,-0.0645764662187682,0.0272746038423922,0.3830989632115489,-0.4668353182299166,-0.168148565349357,-0.682181930118539,0.3794583278496969,0.8857833126112661,0.4056933898836165,0.0247315038500405,0.3740909733571923,0.1364518156582764,0.5555504705219365,-0.7029572180417085,0.3710106590779228,0.7784613867143136,-0.4658097163139496,-0.1914527046221887,0.3680792657224362,0.6664295318689291,-0.3681613327733739,-0.5077077514410002,0.3668973793184417,-0.4262203276218798,0.1727593051941291,-0.6884143492426411,0.3324719670772634,0.2004379859714603,-0.8344679017552397,0.3766786639765053,0.3316250434808549,0.4072649989517522,0.4683813048223514,-0.6999106226096219,0.3254337470713797,-0.6710631041174778,-0.3494435172562328,-0.419720659540757,0.3230945064147201,-0.7946072418888396,-0.1302896684116112,-0.2150908238876711,0.3147369924424336,-0.1410364583008328,0.3566413145177242,-0.7684974177104634,0.2977628365112268,0.1762847783226408,0.8288703616747733,0.2984603138179256,0.290748944545919,-0.7733641243418933,0.1514368630109429,0.1584621062819101,0.2861042806012115,0.7984686924980383,-0.4321444852719877,-0.0771432420082496,0.2746659822619652,0.1525369142445213,-0.7460523781233019,0.481176594289769,0.2723979038033947,0,0,0,0,0,0,0,0,0,0,1,0,0,0,0,0,0,0,0,0,0,0,0,0,0,1,0,0,0,0,0,0,0,0,0,0,0,0,0,0,0,1,0,0,0,0,0,0,0,0,0,0,0,0,0,0,0,0,0,0,0,0,0,0,1,0,0,0,0,0,0,0,0,0,0,0,0,0,1,0,0,0,0,0,0,0,0,0,1,0,0,0,0,0,0,0,0,0,0,0,0,0,0,0,0,1,0,0,0,0,0,0,0,0,0,0,0,0,0,1,0,0,0,0,0,0,0,0,0,0,0,0,0,0,0,1,0,0,0,0,0,0,0,0,0,0,0,1,0,0,0,0,0,0,0,0,0,0,0,0,0,0,0,0,0,0,0,0,1,0,0,0,0,0,0,1,0,0,0,0,0,0,0,0,0,0,1,0,0,0,0,0,0,0,0,0,0,0,0,0,1,0,0,0,0,0,0,0,0,0,0,0,0,0,0,0,0,0,0,0,0,0,0,0,1,0,0,0,1,0,0,0,0,0,0,0,0,0,0,0,0,0,1,0,0,0,0,0,0,0,0,0,0,0,0,0,0,0,0,0,0,1,0,0,0,0,0,0,0,0,0,0,0,0,0,1,0,0,0,0,0,0,0,0,0,0,0,1,0,0,0,0,0,0,0,0,0,0,0,0,0,0,0,0,0,0,0,0,1,0,0,0,0,0,0,1,0,0,0,0,0,0,0,0,0,0,0,0,0,0,0,1,0,0,0,0,0,0,0,0,0,0,0,1,0,0,0,0,0,0,0,0,0,0,0,0,0,1,0,0,0,0,0,0,0,0,0,0,0,0,0,1,0,0,0,0,0,0,0,0,0,0,0,0,0,0,0,0,0,0,0,0,1,0,0,0,0,0,0,1,0,0,0,0,0,0,0,0,0,0
120.232,17,1.0,-1.9111067303103522e-17,-2.9778942528118903e-17,1.010709778372608,0.8271147526027043,0.556728168914892,-3.834024878471601e-18,0.5910693304454219,0.7219684067424641,-0.4695064780338541,0.4901785943136989,0.5825870508313588,-0.6434244205454899,-0.2507920731253201,-0.5405212039428572,0.5612863030664691,0.2362444491350985,-0.8888572201379009,0.3878563439069157,0.4895344818611554,0.4886670142427659,0.753135985008602,-0.4302462672997619,0.4516544579447771,0.3804694651301603,0.4426320641885938,-0.786219427084096,0.4203402535228816,0.0251078086695167,0.9246146836801106,-0.2911271135784024,0.4122039393245601,0.8211179046835004,0.4918791738031983,0.2397248075585922,0.391194250953004,-0.6406170367911435,-0.2007752425854678,-0.6134953615809359,0.360255161857011,0.8508500754262146,-0.409497550055064,0.2576840989354844,0.3545566977126609,0.3345518594863494,-0.5816519299323467,-0.6781088041989004,0.3424263096896436,0.5452841866553136,0.2193409989372889,-0.782932151544775,0.3232579782823604,0.0766250030999574,-0.4613401853309611,-0.8171881990647923,0.3203205092897148,-0.0436163098902986,0.973691960597295,-0.0533580310363995,0.3150631552060022,0.8833015228820532,-0.3996597886663699,-0.0789377232469437,0.3148481933050683,0.2261795717463595,-0.836911255897183,0.4870243711284291,0.3075469835882617,-0.4748881280505673,-0.3532152614335475,-0.7109719128196946,0.2910846724284894,0.1093829725102687,-0.1664069338103468,-0.9212207120978922,0.2903115513949705,0.7536701157783132,0.1856402232606022,-0.6020997848978901,0.2897527085196273,-0.2385200983503088,-0.5822376663721867,-0.694904775216549,0.2891350617564021,-0.7474235234581071,0.0621506949586456,-0.5316506711715692,0.2810426766374821,0.8213868128693601,-0.3169247600911805,0.4168208493366452,0.2746997818386165,-0.3163647757672198,0.4203520548569098,-0.7850221908197523,0.2719924112667665,0.3610634053360175,0.0126541600507375,-0.8897225952082239,0.2629102757453482,0,0,0,0,0,0,0,0,0,0,0,0,0,1,0,0,0,0,0,0,0,0,0,0,0,1,0,0,0,0,0,0,0,0,0,0,0,0,0,0,0,0,0,0,1,0,0,0,0,0,0,0,0,0,1,0,0,0,0,0,0,0,0,0,0,0,0,0,0,0,0,0,0,0,0,0,0,0,0,0,0,1,0,0,0,0,0,0,0,0,0,1,0,0,0,0,0,0,0,0,0,0,0,0,0,0,0,0,0,0,0,0,1,0,0,0,0,0,0,1,0,0,0,0,0,0,0,0,0,0,0,0,0,1,0,0,0,0,0,0,0,0,0,0,0,0,0,0,0,1,0,0,0,0,0,0,0,0,0,0,0,1,0,0,0,0,0,0,0,0,0,0,0,0,0,0,0,0,0,0,0,0,1,0,0,0,1,0,0,0,0,0,0,0,0,0,0,0,0,0,1,0,0,0,0,0,0,0,0,0,0,0,0,0,0,0,0,0,0,0,0,0,0,0,1,0,0,0,1,0,0,0,0,0,0,0,0,0,0,0,0,0,1,0,0,0,0,0,0,0,0,0,0,0,0,0,0,0,0,1,0,0,0,0,0,0,0,0,0,0,0,0,0,0,0,1,0,0,0,0,0,0,0,0,0,1,0,0,0,0,0,0,0,0,0,0,0,0,0,0,0,0,0,1,0,0,0,0,0,0,0,0,0,0,0,0,0,1,0,0,0,0,0,0,0,0,0,0,0,0,0,0,0,0,0,0,1,0,0,0,0,0,0,1,0,0,0,0,0,0,0,0,0,0,0,0,0,1,0,0,0,0,0,0,0,0,0,0,0,0,0,0,0,0,0,0,0,0,1,0,0,0,0,0,0,0,0,0,0,0,0,0,1,0,0,0,0,0,0,1,0,0,0,0,0,0,0,0,0,0
119.654,18,1.0,1.5480500084247134e-18,-1.5039011373092028e-17,1.015273277164725,-0.8627134939831885,0.1075587361656484,-0.0218791995287832,0.5681896560046256,0.8385736211784616,0.5425307975919031,-1.9599395177868746e-18,0.5611728633447376,0.7746729688781171,-0.5653127972061116,0.2301199777450469,0.5537003263462873,0.2439110018545116,-0.9253891852723306,0.2718658028779087,0.4871993997497134,0.4250500126135151,0.8714750910731276,-0.1938698690422315,0.4425413362362276,0.1392067443634359,0.7527100151392612,-0.5863482469722983,0.4412375622203687,-0.0916841143785166,-0.3566842423840766,-0.8666033545777442,0.4155790987353335,-0.0273335023881754,-0.7712175623978078,0.5501255909896487,0.4000627182180128,0.0968452057851776,0.945630554751668,0.146229704203366,0.3866030452236787,0.912734258944674,0.3781839724980048,0.0764313496795391,0.3726201865910462,-0.3827667652280487,-0.1423964125616973,-0.8337906308582663,0.3718888538355659,-0.8710340274347796,0.1457454472581861,-0.1589871344840769,0.3674203645345578,0.8155238651525926,-0.517124522471946,-0.1204979672572493,0.3613859152702235,-0.331391048992205,-0.67850898140223,0.4965653457215561,0.3556876167509605,0.2634894947755103,0.5215000075004914,-0.7691044658069158,0.3553610356844547,0.7268406717391411,-0.4395311913920371,-0.4660437977745113,0.3505114582889337,-0.3296296444934257,0.2049244989413001,-0.8393396361394139,0.3258146842495457,-0.6651875941254793,-0.2770579125942916,-0.5885537895804348,0.3222258934373802,-0.8177856762528931,-0.0106644085098706,-0.4088743215498239,0.312040710192999,0.5275738508852698,0.4106422081507558,-0.7121876251058639,0.3099020011629063,0.2427805056482074,0.8321677824116606,0.4241289097967583,0.3089099635132523,0.0695955944380824,-0.6074336689051014,0.6379775709824781,0.3074757280455411,0.1761027712658893,0.6237518148479515,0.6879640934120392,0.3069579683229966,-0.014545911257563,0.3427863555842725,-0.8789406777874167,0.2909524474009037,0,0,0,0,0,0,0,0,0,0,0,0,0,1,0,0,0,0,0,0,0,0,0,0,0,1,0,0,0,0,0,0,0,0,0,0,0,0,0,0,0,0,0,0,0,0,0,0,0,0,0,0,0,1,0,0,0,0,0,0,0,0,0,0,1,0,0,0,0,0,0,0,0,0,0,0,0,0,0,0,0,1,0,0,0,0,0,0,1,0,0,0,0,0,0,0,0,0,0,0,0,0,0,0,0,1,0,0,0,0,0,0,0,0,0,0,0,0,0,1,0,0,0,0,0,0,0,0,0,0,0,0,0,1,0,0,0,0,0,0,0,0,0,0,0,0,0,0,0,1,0,0,0,0,0,0,0,0,0,0,0,0,0,0,0,0,0,0,1,0,0,0,0,1,0,0,0,0,0,0,0,0,0,0,0,0,0,0,0,1,0,0,0,0,0,0,0,0,0,0,0,0,0,0,0,0,0,0,0,0,1,0,0,0,1,0,0,0,0,0,0,0,0,0,0,0,0,0,1,0,0,0,0,0,0,0,0,0,0,0,0,0,1,0,0,0,0,0,0,0,0,0,0,0,0,0,0,1,0,0,0,0,0,0,0,0,0,0,0,0,1,0,0,0,0,0,0,0,0,0,0,0,0,0,0,0,0,0,0,1,0,0,0,0,0,0,0,0,0,0,0,0,0,1,0,0,0,0,0,0,0,0,0,0,0,1,0,0,0,0,0,0,0,0,0,0,0,0,0,0,0,1,0,0,0,0,0,0,0,0,0,0,0,0,0,0,0,0,0,0,1,0,0,0,0,1,0,0,0,0,0,0,0,0,0,0,0,0,0,1,0,0,0,0,0,0,0,0,0,0,0,0,0,1,0,0,0,0,0,0,0,0,0,0,0,0,0,0,0,1,0,0,0,0,0,0,0,0,0,0
121.053,19,1.0,-6.9174493929649785e-18,1.0450727393120768e-17,1.017371097860273,-0.7598731635942715,0.024203013012892,0.3532918500272701,0.5884321445423296,0.7783830106880764,-0.573231566462314,0.0114844112391723,0.5517401722535428,0.8759289102722949,0.4794614499275201,1.0594896925126277e-17,0.5509875773365728,0.068244676397165,0.8510348068471961,-0.3328555994953993,0.4803489753919951,0.2705766077808263,-0.9348674649627622,0.1324246810251469,0.4745703077461932,0.4726089841967597,0.8493915457832092,-0.0407162573265114,0.4493566808350995,-0.3576601385284846,-0.2040373970421011,-0.7891721445457685,0.4313923968815629,0.0693704803585064,-0.7868089494750131,0.5680477990541315,0.4153792070741123,-0.6221992857587482,-0.0170184322831364,-0.6145523379703308,0.3944405158001417,0.5185312683044685,-0.3191826998751812,-0.7077283693062796,0.3911051212191946,0.0521932258057598,0.6588569606924323,-0.632748081033696,0.3816611706137638,0.7255112673893943,-0.4609772548507368,-0.3916669309278318,0.380487836827345,-0.8345859358815806,0.0702732015527437,0.2110211687682433,0.3786130460248896,0.2602181795436229,0.8322590314477761,0.3348528078408095,0.3738715631926567,0.928385183903156,0.3333127432922785,-0.0340652632788361,0.3666240008398655,-0.5683296779064426,0.3140373763607527,-0.5661467263299859,0.3416838972840131,-0.8116765299794645,-0.2257318085251405,-0.3200769217097273,0.3364963798618393,0.3215587160910613,0.5346768492355272,-0.7031768531683484,0.3348219987435797,-0.8778555895130357,-0.0098499904883101,-0.0622721496706808,0.3189076427836935,-0.2703409324388995,0.4952265957108807,-0.678667631787311,0.3061752882539174,0.2907451567737226,-0.918073841326127,0.024275186408353,0.3010785351032704,0.7796908417737065,-0.4234971873921644,-0.2971096774736637,0.2792723895309403,-0.744988441458435,0.2397036429025373,0.3489566219996955,0.2767986765021749,0.4573884711251018,-0.2582074467772868,-0.7575955801559243,0.268199769005412,0,0,0,0,0,0,0,0,0,0,0,0,0,0,0,0,0,0,0,1,0,0,0,0,0,1,0,0,0,0,0,0,0,0,0,0,0,0,0,0,0,0,0,0,1,0,0,0,0,0,0,0,0,0,0,0,0,0,0,0,0,0,0,0,1,0,0,0,0,0,0,0,0,0,0,0,0,0,0,0,0,0,0,0,0,0,0,1,0,0,0,1,0,0,0,0,0,0,0,0,0,0,1,0,0,0,0,0,0,0,0,0,0,0,0,0,0,0,0,0,0,1,0,0,0,0,0,0,0,0,0,0,0,1,0,0,0,0,0,0,0,0,0,0,0,0,0,1,0,0,0,0,0,0,0,0,0,0,0,0,0,0,0,0,0,0,0,0,1,0,0,0,0,0,0,1,0,0,0,0,0,0,0,0,0,0,1,0,0,0,0,0,0,0,0,0,0,0,0,0,0,0,0,0,0,1,0,0,0,0,0,0,0,0,1,0,0,0,0,0,0,0,0,0,0,0,0,0,1,0,0,0,0,0,0,0,0,0,0,0,0,0,1,0,0,0,0,0,0,0,0,0,0,0,0,0,0,0,0,1,0,0,0,0,0,0,0,0,0,0,0,0,0,0,0,0,0,0,0,0,1,0,0,0,0,0,0,0,0,1,0,0,0,0,0,0,0,0,0,0,0,1,0,0,0,0,0,0,0,0,0,0,0,0,0,0,0,0,0,0,0,0,1,0,0,0,0,0,0,0,0,1,0,0,0,0,0,0,0,0,0,0,0,1,0,0,0,0,0,0,0,0,0,0,0,0,0,1,0,0,0,0,0,0,0,0,0,0,0,0,0,0,0,0,0,0,0,0,1,0,0,0,0,0,0,1,0,0,0,0,0,0,0,0,0,0,0,0,0,1,0,0,0,0,0,0,0,0,0,0
107.186,20,1.0,-9.107617247347916e-18,-3.021481920220611e-18,1.014004714835861,0.7031624777986982,-0.5131200606498985,0.1511260003674822,0.5962227401777833,-0.4262692332810432,-0.3472859457349782,0.0551872253681434,0.5826498340149774,0.8532320347777279,0.5005390454803258,1.1758917848327637e-17,0.5465850003049184,0.3096941335929638,0.6530490678410437,-0.3211094210691638,0.4343021792281942,-0.0492843789897227,-0.2124872671527995,-0.5914624463835622,0.4333299270522063,0.5431909591886167,0.7396880868160297,-0.1107498103743719,0.4283046527439433,-0.2527573274296785,-0.1280510472722748,-0.4933031338990454,0.3842404727862946,0.6950203181430077,-0.3722165801547798,-0.1405686673606727,0.382215607256459,-0.5232861992145544,-0.2286088406623983,-0.0260345330277421,0.3800343083197778,0.258687223503792,0.7276299011737961,0.0949864584774389,0.3726314204805481,0.8537980922012881,0.4185856381576053,0.0432542096599011,0.3724207665831204,0.3549524996536372,0.5495847544262566,-0.4776411372901543,0.3547090432190757,0.6173504403813199,-0.254046589120095,-0.3975117172337342,0.3526962693187395,-0.1632185708492116,0.1732644080057834,-0.4862636667389243,0.3337703935114774,-0.4535407506634924,-0.3760421490449331,-0.3196890351690009,0.3254132115766329,-0.5329944399146329,-0.2523156787180687,-0.173085104361852,0.3141393740780348,0.3304782169940739,0.6554609512412941,0.2935193045873959,0.3140702003556356,0.5440444621388065,0.5102165538686826,-0.481038301466,0.3102006898674234,0.0910188624032873,0.3754968506603089,-0.5425068079752137,0.2943290024646253,0.6933714811495599,-0.3301536296345487,-0.0214903083837433,0.2850613885991299,-0.5266178151832922,-0.0471231257776955,0.0533984838837287,0.2837867471761927,-0.253831168015948,0.4216543974253996,-0.1694691994904582,0.2720306860724374,0.155275913907646,0.75503585236101,0.0200447348773868,0.2626646891858695,0.5934305625941642,-0.1842586137855903,-0.421747928951576,0.2486046791236216,0,0,0,0,0,0,0,1,0,0,0,0,0,0,0,0,0,0,0,0,0,0,0,0,0,1,0,0,0,0,0,0,0,0,0,0,0,0,0,0,0,1,0,0,0,0,0,0,0,0,0,0,0,0,0,0,0,1,0,0,0,0,0,0,0,0,0,0,0,0,0,0,0,0,0,0,0,0,1,0,0,0,0,0,0,0,0,0,0,0,0,0,0,0,0,0,0,0,1,0,0,0,1,0,0,0,0,0,0,0,0,0,0,0,0,0,0,0,0,0,0,1,0,0,0,0,0,0,0,0,0,0,0,0,0,0,0,0,0,0,1,0,0,0,0,0,0,1,0,0,0,0,0,0,0,0,0,0,1,0,0,0,0,0,0,0,0,0,0,0,0,0,1,0,0,0,0,0,0,0,0,0,0,0,0,0,1,0,0,0,0,0,0,0,0,0,0,0,0,0,0,0,0,1,0,0,0,0,0,0,0,0,0,0,0,0,0,0,0,0,0,0,0,0,1,0,0,0,1,0,0,0,0,0,0,0,0,0,0,0,0,0,0,0,0,0,0,1,0,0,0,0,0,0,0,0,0,0,0,0,0,1,0,0,0,0,0,0,0,0,0,0,0,1,0,0,0,0,0,0,0,0,0,0,0,0,0,0,0,1,0,0,0,0,0,0,0,0,0,0,0,1,0,0,0,0,0,0,0,0,0,0,0,0,0,0,0,0,0,0,0,0,1,0,0,0,0,0,0,1,0,0,0,0,0,0,0,0,0,0,0,0,0,0,0,0,0,0,0,0,1,0,0,0,0,0,0,1,0,0,0,0,0,0,0,0,0,0,0,0,0,0,0,0,0,0,0,0,1,0,0,0,0,0,0,1,0,0,0,0,0,0,0,0,0,0,0,0,0,1,0,0,0,0,0,0,0,0,0,0
118.307,21,1.0,-1.3668682321073745e-17,-1.3697766136131385e-17,1.0107953335581426,0.8116807607087735,0.5758360255785463,2.7576451484331737e-18,0.5965665371014128,0.7357582392774815,-0.5266512041042031,0.2949093485586053,0.5742330704682846,-0.5139851209620796,-0.0933762404659527,-0.351711307066119,0.5504971459790843,0.2613904339499538,-0.9186118191791012,0.236006885150342,0.4840725634293591,0.4595412320861404,0.8057317730645789,-0.2738383084336654,0.441171882188465,-0.229890395239599,-0.8005036162190043,0.4954579240875771,0.4282759615891605,0.2974786496435179,0.6231196106282085,-0.5802981491814173,0.4050776449964884,0.8246740809627768,0.4660186277385038,0.1726132638920974,0.3998046009029464,0.7998505291078579,-0.4123777612913548,0.0240814153643397,0.3642720441202064,-0.5572352902432309,-0.0314630278500694,-0.4059896676085335,0.3563587330677637,0.1730250097451276,-0.2733390167619989,-0.724948965151704,0.3456118101925272,0.7658794569569662,-0.3086733051962594,-0.3161942689791497,0.3455844605267696,0.441566917671764,0.4476867242542846,-0.657444720974765,0.3249179182207952,-0.037161083311235,-0.13611169729646,-0.7450902852031989,0.321203331205023,0.6453517209438926,0.377502624178463,-0.5643551335727075,0.2964559142325979,-0.3039862541248843,-0.3050431005221387,-0.617093857643609,0.2921463291204922,-0.461125177224988,-0.1198256430896022,-0.5410230658727067,0.2916293217070053,-0.003656301859936,0.1362975197228901,-0.7632961199169317,0.2854280888060816,-0.6217950328986042,0.1552401076993738,-0.2891350849550972,0.2771091477505168,0.7794138977824301,-0.3741200340519627,0.1698310031997157,0.2765210098175809,-0.2530483469007681,0.5676158856892297,-0.4864259109337746,0.2666414995875879,0.2402669072656511,0.294262201889115,-0.7538161300604742,0.2612260712965489,-0.737032185743846,-0.1546582853272772,0.1942268093169544,0.2458225730340151,0.7536267792186246,-0.253261337795979,-0.3391209226473926,0.2445061871668966,0,0,0,0,1,0,0,0,0,0,0,0,0,0,0,0,0,0,0,0,0,0,0,0,0,1,0,0,0,0,0,0,0,0,0,0,0,0,0,0,0,1,0,0,0,0,0,0,0,0,0,0,0,0,1,0,0,0,0,0,0,0,0,0,0,0,0,0,0,0,0,0,1,0,0,0,0,0,0,0,0,0,0,0,0,0,0,0,0,0,0,1,0,0,0,0,0,0,0,0,0,0,0,0,0,0,0,0,0,0,0,0,1,0,0,0,0,0,0,1,0,0,0,0,0,0,0,0,0,0,0,0,0,1,0,0,0,0,0,0,0,0,0,0,0,0,0,0,0,0,0,0,0,0,0,0,0,1,0,0,0,0,0,1,0,0,0,0,0,0,0,0,0,0,0,0,0,0,0,0,0,0,1,0,0,0,1,0,0,0,0,0,0,0,0,0,0,0,0,0,1,0,0,0,0,0,0,0,0,0,0,0,0,0,0,0,0,0,0,0,0,0,0,0,1,0,0,0,0,0,0,0,0,1,0,0,0,0,0,0,0,0,1,0,0,0,0,0,0,0,0,0,0,0,0,0,1,0,0,0,0,0,0,0,0,0,0,0,0,0,0,0,0,0,0,0,0,0,0,0,1,0,0,0,0,0,0,1,0,0,0,0,0,0,0,0,0,0,0,0,0,0,0,1,0,0,0,0,0,0,0,0,0,0,0,0,0,1,0,0,0,0,0,0,0,0,0,0,0,1,0,0,0,0,0,0,0,0,0,0,0,0,0,0,0,0,0,0,0,0,1,0,0,0,0,0,0,0,0,0,0,0,0,0,1,0,0,0,0,0,0,1,0,0,0,0,0,0,0,0,0,0,0,1,0,0,0,0,0,0,0,0,0,0,0,0,0,0,0,1,0,0,0,0,0,0,0,0,0,0
106.906,22,1.0,-1.4255915269134196e-18,-1.0350349811673798e-17,1.0113598888145547,0.7194825524678518,-0.5309078822739782,0.3752555023588998,0.5855451202192588,-0.708119785982258,-0.1104151796212513,-0.2684346141526169,0.5723204418163605,0.8673051400031759,0.4908559817861478,9.828514977914486e-18,0.5303414140144259,0.5448211435851057,0.757457299454086,-0.2979237145717465,0.4221596838720093,0.3370426648908434,0.5767701142978309,-0.6548116082312949,0.4208749969985145,0.1149660997461418,-0.5127726250902528,-0.7432784925864258,0.4065820609291822,0.1947082572447186,0.9165936795269336,-0.0778815352962799,0.3781859096776839,-0.7151547617844135,-0.0491571387996946,-0.3934444712091115,0.3722457727824491,-0.1582174552430749,-0.3345786880141953,-0.8079872550249705,0.3646145571458823,0.7930207057053698,-0.5079912922666509,0.0925967220890312,0.3623349010563193,0.8951922679397055,0.3782579589146791,0.1540238162218739,0.3614387275236975,0.4160092136384109,0.3237389295607066,-0.7713465536113946,0.3419757597907362,0.7900808818477301,-0.4539472985800894,-0.2191724169212343,0.3276003282239288,-0.4577678973993232,-0.4465868024981915,-0.6251750505974552,0.313944099932025,-0.1245832929349681,-0.0147256832797693,-0.8683739435797799,0.3137290930257077,-0.6301291963516599,-0.1897360066740224,-0.555109579132977,0.3051168727547207,0.6443481689527061,0.2423804216635207,-0.6579687368459469,0.301096927210896,0.1672147101117377,0.1330473328749273,-0.8750202159368129,0.2825498477208653,-0.7290676888875665,0.1975520658599454,-0.2965230754876414,0.2819741419630474,0.7828724508682108,-0.4538369778561929,0.2440032839465054,0.2754579706527508,-0.331574449391763,0.5227574807992976,-0.5881995042913435,0.2748128774395307,0.0762302615449664,0.9134566113255744,-0.2060797052716452,0.2491194118596488,0.7739748611751043,-0.4326087940343737,-0.2716836030182329,0.2357614794460835,-0.6314046654591987,0.277419059486982,-0.4618467557909423,0.232182347986927,0,0,0,0,0,0,0,1,0,0,0,0,0,0,0,0,0,0,0,0,0,0,0,0,0,1,0,0,0,0,0,0,0,0,0,0,0,0,0,0,0,1,0,0,0,0,0,0,0,0,0,0,0,0,0,0,0,1,0,0,0,0,0,0,0,0,0,0,0,0,0,0,0,0,0,0,0,0,0,0,0,1,0,0,0,0,0,0,0,0,0,0,0,0,0,0,0,0,1,0,0,0,1,0,0,0,0,0,0,0,0,0,0,0,0,0,0,0,0,1,0,0,0,0,0,0,0,0,0,0,0,0,0,0,0,1,0,0,0,0,0,0,0,0,0,0,0,0,0,0,0,0,0,0,1,0,0,0,0,0,0,1,0,0,0,0,0,0,0,0,0,0,1,0,0,0,0,0,0,0,0,0,0,0,0,0,1,0,0,0,0,0,0,0,0,0,0,0,0,0,1,0,0,0,0,0,0,0,0,0,0,0,0,0,0,0,0,0,0,0,0,0,0,0,1,0,0,0,1,0,0,0,0,0,0,0,0,0,0,0,0,0,0,0,0,0,0,1,0,0,0,0,0,0,0,0,0,0,0,1,0,0,0,0,0,0,0,0,0,0,0,0,0,0,0,1,0,0,0,0,0,0,0,0,0,0,0,0,0,1,0,0,0,0,0,0,0,0,0,0,0,0,0,0,0,0,0,0,1,0,0,0,0,0,0,1,0,0,0,0,0,0,0,0,0,0,0,0,0,1,0,0,0,0,0,0,0,0,0,0,0,0,0,0,0,0,0,0,0,0,1,0,0,0,0,0,0,0,0,0,0,0,0,0,1,0,0,0,0,0,0,0,0,0,0,0,0,0,0,0,0,1,0,0,0,1,0,0,0,0,0,0,0,0,0,0,0,0,0,0,0,1,0,0,0,0,0,0,0,0
122.957,23,1.0,-5.058625922826058e-18,-1.0469997024561676e-17,1.015453281918193,0.838486010882822,0.5395486643306181,7.017731368302844e-18,0.589773584507727,-0.8200251174809889,0.1994235027126763,0.1675753797359122,0.5806806375776145,0.7819227100743975,-0.5801984275248904,0.1858838896423005,0.5496794257600729,0.2511612386708585,-0.9138839250687554,0.3010102425842106,0.4796971884487429,0.0316942997622835,0.8015815425330084,-0.525992610219895,0.4624104066024787,0.3924986705039541,0.8918396079083675,-0.1645157548837551,0.4615067636834379,-0.0068701747395741,-0.7204135605919726,0.6205843286017423,0.4245137199945242,-0.3079448597821845,-0.3208630740872596,-0.8125590512151388,0.4225965468639852,0.9186190597974904,0.3654310257928902,0.0464837978072176,0.3839257173155214,-0.5637587001338112,-0.0829297331865557,-0.7128060754760283,0.3752973926823741,-0.868956710213552,0.1928192583596972,0.0384661333624069,0.3722378539074442,0.138688069669543,0.5419186874153181,-0.7822887539244402,0.3703546906341058,0.784671614358313,-0.5496089870423988,-0.2068838400718428,0.3686537548651125,0.6628039421249676,-0.4617456073275139,-0.5431285386142266,0.3572763582723372,-0.4708544338307067,0.2414541633321525,-0.7500882932487632,0.3270213000713705,0.4167366915976755,0.4112069823155617,-0.774439313542777,0.3247158847782572,-0.7849176070833895,-0.2082157034314079,-0.4207986211816603,0.3221305949925405,0.2473567085126432,-0.9036957688170076,0.2497920600952775,0.3160582829840459,-0.8782634108439028,0.0529617523990474,-0.2126072477328628,0.3048733042593259,-0.1609153890573181,0.3739246473165464,-0.8465506321068836,0.2969800197518655,0.8206494551744795,-0.5193721675691158,-0.093213473215313,0.2736724899302345,-0.8036203850346355,0.3669477584934605,0.1891848797735228,0.2735879293225788,-0.5343764042603808,0.7477631939652858,-0.170723071422379,0.2671138779530927,0.6193141007451345,-0.4278290635638972,-0.6109005532519688,0.2515631364726687,0,0,0,0,0,0,0,0,0,0,0,0,0,0,0,0,0,0,0,1,0,0,0,0,0,1,0,0,0,0,0,0,0,0,0,0,0,0,0,0,0,1,0,0,0,0,0,0,0,0,0,0,0,0,1,0,0,0,0,0,0,0,0,0,0,0,0,0,0,0,0,0,0,0,0,0,0,0,0,0,0,0,0,0,0,0,0,1,0,0,0,0,0,0,0,0,0,0,1,0,0,0,0,0,0,1,0,0,0,0,0,0,0,0,0,0,0,0,0,1,0,0,0,0,0,0,0,0,0,0,0,0,0,0,0,1,0,0,0,0,0,0,0,0,0,0,0,1,0,0,0,0,0,0,0,0,0,0,0,0,0,1,0,0,0,0,0,0,0,0,0,0,0,0,0,0,0,0,0,0,0,0,1,0,0,0,0,0,0,0,0,0,0,0,0,0,1,0,0,0,1,0,0,0,0,0,0,0,0,0,0,0,0,0,1,0,0,0,0,0,0,0,0,0,0,0,0,0,1,0,0,0,0,0,0,0,0,0,0,0,0,0,1,0,0,0,0,0,0,0,0,0,0,0,0,0,0,0,0,0,0,1,0,0,0,0,0,0,0,0,0,0,0,0,0,1,0,0,0,0,0,0,0,0,0,0,0,0,0,0,0,0,0,0,1,0,0,0,0,0,0,1,0,0,0,0,0,0,0,0,0,0,0,0,0,1,0,0,0,0,0,0,0,0,0,0,0,0,0,0,0,1,0,0,0,0,0,0,0,0,0,0,0,1,0,0,0,0,0,0,0,0,0,0,0,0,0,0,0,0,0,0,0,0,1,0,0,0,0,0,0,1,0,0,0,0,0,0,0,0,0,0,0,0,0,0,0,0,0,0,0,0,1,0,0,0,0,0,0,1,0,0,0,0,0,0,0,0,0,0
120.654,24,1.0,-2.3556527107821767e-17,-1.6602458861465222e-17,1.013735090138916,0.8558725823699278,0.514139483801678,-2.017021775555677e-17,0.5718235679715888,0.7788774739616663,-0.5551764906174567,0.2053496570717415,0.5512550370711825,-0.8253521870458636,-0.0187967543492923,0.0431185552260935,0.5347011531712548,0.277748493998563,-0.9120170758616044,0.2762243913730939,0.4791253516286303,0.1211389120885721,0.7469693884947441,-0.5281236624653955,0.4627776519897633,0.4408095594401391,0.8553790854889369,-0.174780135365161,0.4524023917374737,-0.1660072824476341,-0.3252842020510721,-0.766827912907259,0.4058826584619074,0.143776676369936,0.9138917517281864,0.1705665342614121,0.382772252582046,0.9175064282152434,0.3606683481212992,0.0653752045549992,0.3762916485269457,-0.4303906472976487,-0.151348249479273,-0.7015163217777131,0.3684663137909357,0.7883554757003529,-0.5140056988844756,-0.149984484206965,0.3670613244697495,0.159226657219366,0.5424892552689451,-0.7242733558135992,0.3605189627812903,-0.8406887731135491,0.0382817945712671,-0.076061827870269,0.3519797493712782,0.7243462421667971,-0.4376064320646908,-0.452918441632103,0.3419530604762301,0.1996775859927891,-0.8160142332401298,0.4789436645242024,0.3395420473690739,-0.3983105320277066,0.1853172290536504,-0.7113405222368263,0.3174240621983369,0.4233696331325209,0.4532668968718788,-0.7146529350706248,0.3163454253396892,0.2769768587728111,0.7956270125026428,0.4114006378250535,0.3161324531213112,-0.6599464560753717,-0.3189405555685108,-0.4555754550787727,0.314988449565717,-0.7999376406622113,-0.0946689297884399,-0.2849566184586415,0.302153596022377,-0.1159463240965234,0.3609402066412878,-0.7889100995691412,0.2911220534445903,0.773976297977524,-0.4695767269584793,-0.0601336760164415,0.2844995162568437,0.0124137301129458,0.924795293020049,0.088162488511799,0.2808441928804041,0.0929706999778074,-0.7322157174339377,0.603829032744925,0.2759938307508061,0,0,0,0,0,0,0,0,0,0,1,0,0,0,0,0,0,0,0,0,0,0,0,0,0,1,0,0,0,0,0,0,0,0,0,0,0,0,0,0,0,0,0,0,0,0,0,0,0,0,0,0,0,1,1,0,0,0,0,0,0,0,0,0,0,0,0,0,0,0,0,0,0,0,0,0,0,0,1,0,0,0,0,0,0,0,0,0,0,0,0,1,0,0,0,0,0,0,0,0,0,0,0,0,0,0,0,0,0,0,0,0,1,0,0,0,0,0,0,1,0,0,0,0,0,0,0,0,0,0,0,0,0,0,0,1,0,0,0,0,0,0,0,0,0,0,0,1,0,0,0,0,0,0,0,0,0,0,0,0,0,0,0,0,0,0,0,0,1,0,0,0,0,0,0,1,0,0,0,0,0,0,0,0,0,0,0,0,0,0,0,0,0,0,0,0,1,0,0,0,1,0,0,0,0,0,0,0,0,0,0,0,0,0,1,0,0,0,0,0,0,0,0,0,0,0,0,0,1,0,0,0,0,0,0,0,0,0,0,0,0,0,1,0,0,0,0,0,0,0,0,0,0,0,0,0,0,0,0,0,0,1,0,0,0,0,0,0,0,0,0,0,0,1,0,0,0,0,0,0,0,0,0,0,0,0,0,0,0,1,0,0,0,0,0,0,0,0,0,0,0,0,0,0,0,0,0,0,1,0,0,0,0,0,0,1,0,0,0,0,0,0,0,0,0,0,0,0,0,1,0,0,0,0,0,0,0,0,0,0,0,0,0,0,0,1,0,0,0,0,0,0,0,0,0,0,0,1,0,0,0,0,0,0,0,0,0,0,0,0,0,0,0,0,0,0,0,0,1,0,0,0,0,0,0,1,0,0,0,0,0,0,0,0,0,0,0,0,0,1,0,0,0,0,0,0,0,0,0,0
118.188,25,1.0,-2.3932295375979762e-18,1.1472171141514017e-17,1.014060863689923,0.7792794119392954,-0.5620824348619121,0.1277782072060681,0.5513931408609538,0.8615285031211194,0.5043731428852338,1.961788176452609e-17,0.5471747956143157,-0.5133188013580232,0.0771214004698658,0.1602184653969135,0.5107004421683204,0.2939789247435186,-0.906546722867082,0.2601290843614394,0.4746650495075296,0.4676362978786086,0.8444796015842793,-0.1045470399125582,0.4407908571744025,0.1867870741231681,0.7620168241219896,-0.3185461505601539,0.4390397460387311,0.0988941370914092,-0.7414434285940807,0.5746899693280684,0.3795217569646125,0.7384657225643637,-0.5110286993227203,-0.2565387671230726,0.3761618970683914,0.6316287178052564,-0.3896716365034177,-0.5541963529581891,0.3708584592240638,0.2319129175012543,0.8760994105788671,0.1180576195364659,0.3679242366960101,0.9113845928684832,0.3640313158024512,0.0127362682299366,0.3668800783700994,0.1860169712673273,0.5900983741012168,-0.4804405935806485,0.3609537036474639,-0.2845499083429879,-0.2801364983999767,-0.616860400486768,0.3606193582270613,0.372270453651668,0.4979104919839445,-0.4845417027662819,0.3301203190044114,-0.4706150331880652,-0.0857683872723393,-0.5155751396116763,0.3223930332634551,-0.6800985434123997,0.0557812066657445,0.1030240702938876,0.3218959669023539,-0.370383221829079,0.2240262849265517,-0.5390232176039829,0.2940112949876294,-0.1349384053403477,-0.7596476439322541,0.525529418873534,0.29360966196339,-0.0599715357090615,0.4298517250275027,-0.5310520365830229,0.2867018802665536,0.2203523979331761,0.8375222798167034,0.2560738064168543,0.2813817581289374,0.2321767414537813,-0.6520223513533131,0.6085445217406316,0.280881495799176,0.7516132807267428,-0.5024763499859175,-0.1502108617564737,0.2774302630143904,-0.6487648689247084,-0.2390712900982384,-0.2812013940351683,0.2748994993478594,-0.7052963662609077,-0.0391748691984296,-0.0995664474079956,0.2630432619526008,0,0,0,0,0,0,0,0,0,0,1,0,0,0,0,0,0,0,0,0,0,0,0,0,0,1,0,0,0,0,0,0,0,0,0,0,0,0,0,0,0,0,0,0,1,0,0,0,0,0,0,0,0,0,0,0,0,1,0,0,0,0,0,0,0,0,0,0,0,0,0,0,0,0,0,0,0,0,1,0,0,0,0,0,0,0,0,0,1,0,0,0,0,0,0,0,0,0,0,0,0,0,0,0,0,0,0,0,0,0,0,0,1,0,0,0,0,0,0,1,0,0,0,0,0,0,0,0,0,0,0,0,0,1,0,0,0,0,0,0,0,0,0,0,0,0,0,0,0,1,0,0,0,0,0,0,0,0,0,0,0,1,0,0,0,0,0,0,0,0,0,0,1,0,0,0,0,0,0,0,0,0,0,0,0,0,0,0,0,0,0,1,0,0,0,0,0,0,0,0,0,0,0,1,0,0,0,0,0,0,0,0,0,0,0,0,0,0,0,0,0,0,0,0,1,0,0,0,1,0,0,0,0,0,0,0,0,0,0,0,0,0,0,0,0,0,0,0,0,0,0,0,1,0,0,0,0,0,0,0,0,0,0,0,0,0,1,0,0,0,1,0,0,0,0,0,0,0,0,0,0,0,0,0,1,0,0,0,0,0,0,0,0,0,0,0,0,0,0,0,0,0,0,1,0,0,0,0,0,0,0,0,0,0,0,1,0,0,0,0,0,0,0,0,0,0,0,0,0,1,0,0,0,0,0,0,0,0,0,0,0,0,0,1,0,0,0,0,0,0,0,0,0,0,0,0,0,1,0,0,0,0,0,0,0,0,0,0,0,0,0,0,0,0,0,0,0,0,1,0,0,0,0,0,0,1,0,0,0,0,0,0,0,0,0,0,0,0,0,0,0,1,0,0,0,0,0,0,0,0
113.765,26,1.0,1.1053991843950616e-17,1.4883182420836586e-17,1.0124008885703026,0.8820248286596805,0.4611999783832211,-2.0785995549974e-19,0.5709175641776578,0.7550624999060619,-0.5788491910041755,0.2785283423819834,0.5635625728001399,0.2360967170523046,-0.8406467906077202,0.419032099657288,0.4908521782208549,0.140550701209536,0.731775138838821,-0.6180788896579984,0.469813080989239,-0.8716809877906482,0.1788169746639632,0.115967207609576,0.4636518339825556,0.4939342373618925,0.8252993443436234,-0.2357176242305584,0.451991755760433,0.0063733521512625,-0.6825626413582289,0.5899383251654644,0.4278341608733177,-0.2006505461867622,-0.2438465655119878,-0.7923755943054456,0.3863870004987578,0.7175497675476435,-0.6285486849864472,-0.0719872194537821,0.3810591584322812,0.9410461551518218,0.2974819298682,0.1036621840842451,0.3752995254128607,0.2124321588780232,0.9459053677413936,0.1160727994464091,0.375267156477778,0.2201734163923779,0.4523258442492869,-0.8189919055940266,0.364343794009437,0.6777971537291512,-0.5213082202529277,-0.3974066763488107,0.3498578244097669,-0.5004200787197508,-0.1147070222131961,-0.7480719827261076,0.3352588130051337,-0.3587290670108985,0.2055894635991064,-0.8073365540542843,0.3185051323694563,0.4845824900390301,0.3158119764991871,-0.7800828207382208,0.3165119400629301,0.6567201043807346,-0.6277550760532904,0.0406784646825626,0.3025785697125291,-0.0877986866433711,0.2957502261770798,-0.8903841081720284,0.2959206259681758,-0.9238933009270246,0.1395816409767882,-0.0340686904063684,0.2919899951985333,-0.745783059122297,-0.2092165724668427,-0.4653905886190984,0.2869499453907826,0.1486213376566034,0.9310975252400038,0.0629594534714706,0.2689968651026001,-0.8965226904073812,-0.0243068723226646,-0.2892218714852482,0.2576998778793583,0.6201965979180672,-0.5135938729375967,-0.4580406767096575,0.2490247568857478,-0.4792011799468194,0.7292213457775845,-0.2946954047671319,0.2419277858442269,0,0,0,0,0,0,0,0,0,0,0,0,0,0,0,1,0,0,0,0,0,0,0,0,0,1,0,0,0,0,0,0,0,0,0,0,0,0,0,0,0,0,0,0,1,0,0,0,0,0,0,0,0,0,1,0,0,0,0,0,0,0,0,0,0,0,0,0,0,0,0,0,0,0,0,0,0,0,0,0,0,0,0,1,0,0,0,0,0,0,0,1,0,0,0,0,0,0,0,0,0,0,0,0,0,1,0,0,0,0,0,0,0,0,0,0,0,0,0,0,0,1,0,0,0,0,0,0,0,0,0,0,0,0,0,0,0,0,0,0,1,0,0,0,0,0,0,1,0,0,0,0,0,0,0,0,0,0,0,0,0,0,0,0,0,0,0,0,0,1,0,0,0,0,0,0,0,0,0,0,0,0,1,0,0,0,1,0,0,0,0,0,0,0,0,0,0,0,0,0,0,0,0,0,0,0,0,0,0,0,1,0,0,0,0,0,0,1,0,0,0,0,0,0,0,0,0,0,1,0,0,0,0,0,0,0,0,0,0,0,0,0,0,0,0,0,0,1,0,0,0,0,0,0,0,0,1,0,0,0,0,0,0,0,0,0,0,0,0,0,0,0,0,0,0,1,0,0,0,0,0,0,0,0,0,0,0,0,0,0,0,0,0,0,1,0,0,0,0,0,0,0,0,0,0,0,0,0,1,0,0,0,0,0,0,1,0,0,0,0,0,0,0,0,0,0,1,0,0,0,0,0,0,0,0,0,0,0,0,0,0,0,0,1,0,0,0,0,0,0,0,0,0,0,0,0,0,1,0,0,0,0,0,0,0,0,0,0,0,0,0,0,0,1,0,0,0,0,0,0,0,0,0,0,0,1,0,0,0,0,0,0,0,0,0,0,0,0,0,0,0,0,0,0,0,0,1,0,0,0
121.334,27,1.0,-4.2180944829713044e-18,1.7633609520655496e-17,1.0140656349652697,0.8631490339158985,0.5012852416291262,2.938132569857747e-17,0.5540240144460338,0.7826438436117323,-0.5600120982572582,0.1282629726234741,0.5490428369526738,0.3087947603073379,-0.8367526463211041,0.3675508491167579,0.4716689608639168,0.1043359903327925,0.7898562384658505,-0.3476194704387816,0.4659126947184778,0.453331221843719,0.8589462184231131,-0.1153709471519565,0.4466958101666087,-0.4220414585439888,-0.2558055699063298,-0.4808379837335867,0.4338856585390511,-0.7263379666538042,0.2244511882410732,0.3522652010438551,0.4314928292177562,0.1292900088756163,-0.5618385682216642,0.7345397303590857,0.4041085877435228,0.6769996378236911,-0.5996869219147825,-0.2790797369672358,0.3885220724457014,0.0891054502370137,0.5770510788208393,-0.5557999063348023,0.3813583134490496,-0.5634591156553597,-0.0150898369304682,-0.3890804509509882,0.3751010975310339,0.610011188463997,-0.4868580041595008,-0.569651559442664,0.3696526865044201,0.9296263588820446,0.3422555970845231,0.0316593676942996,0.3668348246277455,0.2641238368740487,0.8990351678442272,0.1551204801832171,0.3541756047029868,0.2808219308678307,0.4852211916524473,-0.5943855754284905,0.3359155576811941,-0.4422274082203392,0.2935333158887669,-0.444130596394425,0.3271952840393439,-0.1948215183995087,0.4002848776576281,-0.589534838914164,0.3050526497414158,0.6064893883502951,-0.6190805448426595,-0.1790946703332082,0.3047135317166768,-0.783848001254849,0.2421351033326881,0.1987663953954502,0.2988659289200417,0.151957033619508,0.8685969649904448,0.0904457031082636,0.2987669167027214,-0.8268394246874199,-0.1796869450294976,-0.2052867400173576,0.2910403853012656,0.1897979931325745,-0.4900347868655171,0.7039481438453808,0.289754803604041,-0.8484364037878966,0.1042435052836925,-0.0245980017905355,0.2664153223281179,0.5027420955830997,-0.4705903304602724,-0.6551286900976159,0.2626384989496315,0,0,0,0,0,0,0,0,0,0,0,1,0,0,0,0,0,0,0,0,0,0,0,0,0,1,0,0,0,0,0,0,0,0,0,0,0,0,0,0,0,0,0,0,0,0,0,0,0,1,0,0,0,0,1,0,0,0,0,0,0,0,0,0,0,0,0,0,0,0,0,0,0,0,0,0,0,0,0,1,0,0,0,0,0,0,0,0,0,0,0,1,0,0,0,0,0,0,0,0,0,0,0,0,0,1,0,0,0,0,0,0,0,0,0,0,0,0,0,0,0,1,0,0,0,0,0,0,0,0,0,0,0,1,0,0,0,0,0,0,0,0,0,0,0,0,0,0,0,0,0,0,0,0,1,0,0,0,0,0,0,0,0,0,0,0,0,0,1,0,0,0,0,0,0,1,0,0,0,0,0,0,0,0,0,0,1,0,0,0,0,0,0,0,0,0,0,0,0,0,1,0,0,0,0,0,0,0,0,0,0,0,0,0,1,0,0,0,0,0,0,0,0,0,0,0,0,0,0,0,0,0,0,1,0,0,0,0,0,0,0,0,0,0,0,0,0,0,0,0,0,0,1,0,0,0,0,0,0,1,0,0,0,0,0,0,0,0,0,0,0,0,0,0,0,0,0,0,0,0,1,0,0,0,0,0,0,0,0,1,0,0,0,0,0,0,0,0,0,0,0,1,0,0,0,0,0,0,0,0,0,0,0,0,0,0,0,0,0,0,0,0,1,0,0,0,1,0,0,0,0,0,0,0,0,0,0,0,0,0,0,0,0,0,0,0,0,0,0,0,0,1,0,0,0,0,0,1,0,0,0,0,0,0,0,0,0,0,0,0,0,1,0,0,0,0,0,0,0,0,0,0,0,0,0,0,0,1,0,0,0,0,0,0,0,0,0,0,0,1,0,0,0,0,0,0,0,0,0,0
119.512,28,1.0,-1.3500754455115304e-17,3.933970391782824e-17,1.0128717722199512,0.9008695178971547,0.4213783050378786,3.3833195610134166e-17,0.5684487345441025,0.7505717279022555,-0.6198030862805946,0.0238074339863634,0.5661430589945533,0.1288696566619588,0.850265561963627,-0.0990608786873704,0.4795460802546521,0.3000039168760268,-0.8435048491471624,0.2461922851022024,0.4739775253511452,0.5212051505283231,0.8255167923924812,0.0005635641498386,0.4500052787961559,-0.6466888490817916,-0.1315380039110481,-0.377116107024112,0.414535350959356,0.1701785976641244,-0.569462159568935,0.5728065278406074,0.4022462955189457,0.6155171064806276,-0.6194143291365914,-0.3440197554622788,0.3996561887776931,0.0099052956611335,0.6875318557739013,-0.3387020060749234,0.3877619806861062,0.9500806460350176,0.2504796070078758,-0.051785720563794,0.3751474795014299,0.616721783094477,-0.4811552289615833,-0.4724473445763372,0.3750225341719187,-0.4398378261600992,0.3564332549725009,0.4948199054532291,0.373785880862892,-0.7793014809255181,0.1307656882576276,-0.1717360365697933,0.3555645432166409,0.4124716729096755,0.8372710136672495,0.235084805890446,0.3389557252612963,0.1748298573974889,0.5657119788924667,-0.4446668935166136,0.3379070736620129,0.4862149782241051,-0.6201956544177553,-0.3671558223409885,0.3293571605738328,-0.2876111361374511,0.5336396841940222,-0.3174092920829106,0.3109779470153491,-0.6515001232775619,0.4295188039192872,-0.1971960263438434,0.3104183928645366,0.3486855151350756,-0.4841696008741924,0.5585955272982652,0.2964480242027223,-0.939966935405441,-0.0208999292436082,0.0304742861710881,0.2693566156997183,0.5192437259529828,-0.4470692145799085,-0.5632857062953668,0.2644175561144812,-0.706164592572259,0.3323674841197102,0.4459844937489096,0.258505726133493,0.2454945037071082,0.9142040809234264,0.1812027155241934,0.2522671598805835,-0.8658242458534926,0.2255007421133902,0.2260460475833285,0.2358831763940726,0,0,0,0,0,0,0,0,0,0,0,1,0,0,0,0,0,0,0,0,0,0,0,0,0,1,0,0,0,0,0,0,0,0,0,0,0,0,0,0,0,0,0,0,0,1,0,0,0,0,0,0,0,0,1,0,0,0,0,0,0,0,0,0,0,0,0,0,0,0,0,0,0,0,0,0,0,0,0,1,0,0,0,0,0,0,0,0,0,0,0,1,0,0,0,0,0,0,0,0,0,0,0,0,0,0,0,1,0,0,0,0,0,0,0,0,0,0,0,1,0,0,0,0,0,0,0,0,0,0,0,0,0,1,0,0,0,0,0,0,0,0,0,0,0,0,0,0,0,0,0,0,0,0,1,0,0,0,0,0,0,1,0,0,0,0,0,0,0,0,0,0,1,0,0,0,0,0,0,0,0,0,0,0,0,0,1,0,0,0,0,0,0,0,0,0,0,0,0,0,0,0,0,0,0,0,0,0,0,0,1,0,0,0,0,0,0,0,0,1,0,0,0,0,0,0,0,0,0,0,0,0,0,0,0,0,0,0,1,0,0,0,1,0,0,0,0,0,0,0,0,0,0,0,0,0,0,0,0,1,0,0,0,0,0,0,0,0,0,0,0,0,0,0,0,0,0,0,0,0,1,0,0,0,0,0,0,0,0,0,0,0,0,0,1,0,0,0,0,0,0,1,0,0,0,0,0,0,0,0,0,0,0,0,0,0,0,1,0,0,0,0,0,0,0,0,0,0,0,1,0,0,0,0,0,0,0,0,0,0,0,0,0,1,0,0,0,0,0,0,0,0,0,0,0,0,0,1,0,0,0,0,0,0,0,0,0,0,1,0,0,0,0,0,0,0,0,0,0,0,0,0,0,0,0,1,0,0,0,0,0,0,0,0,0,0,0,0,0,0,0,1,0,0,0,0,0,0,0,0
119.596,29,1.0,1.2110053072577406e-17,-1.8349163252502308e-17,1.0104337430785666,0.7221065914056843,-0.4954185156242602,-0.3501601060005272,0.5824465989709584,0.9202703323072694,0.3848184051575207,-1.5863575429813586e-17,0.5514338590492034,0.3281876597390752,-0.8733858797111413,-0.0774709413621499,0.4661306752729722,0.5805037958976142,0.7124472344910227,0.2674384408979007,0.4525571160317913,0.3967914791854718,-0.3105580345223787,-0.7527095868988687,0.4502710253986717,0.3480814620198112,0.5996522149860516,0.5113388593372801,0.4408147068137256,0.134718479312228,0.5980347383975803,0.49981311602189,0.4117416580696925,0.1859248419304149,-0.2017237682595108,-0.8113816714726209,0.4027375998027501,0.1227835193809162,0.640688128213,0.3230989357658121,0.3988137963473532,0.2737270661605454,-0.2421867693222449,-0.774072509934384,0.3782867908238269,0.9310880840057398,0.3065371816597406,-0.1491501853766427,0.3684052328674,0.3803367849860838,-0.7670640476856667,0.3261952887663029,0.3674076269897168,-0.2093688761064831,-0.1518740493513747,0.3923867751821527,0.3436764154918892,0.5322102252358117,0.6721324192920297,0.1893359762083904,0.3231002666118236,-0.0769574298460376,0.4023751478743861,0.5549526114413056,0.3098476289128842,-0.0875412605824467,0.2315580019469653,0.6429100819014943,0.2957288488228921,-0.1452411091526985,-0.0100569084009085,0.5499239289176214,0.2823312614452039,0.598855140416565,-0.6325229369151879,0.2457776254137003,0.2737867243557553,0.3239995765891838,0.7495532917017126,0.2826897789714632,0.2512846419155634,0.2127164807122521,-0.0283099763361734,0.5928670657817621,0.2388367893361169,0.1584219067308158,0.8224125637109492,0.2902824434561546,0.2162630258520536,-0.0940083835574991,0.4610547592536739,0.5347530691702741,0.2104058871969853,0.0164578856375675,0.3346873700256587,0.6415422024005337,0.2053806944940697,0.0618823906222665,-0.0197582968771352,0.6445226339831958,0.1995199343558147,0,0,0,0,0,0,0,0,0,0,0,1,0,0,0,0,0,0,0,0,0,0,0,0,0,1,0,0,0,0,0,0,0,0,0,0,0,0,0,0,0,0,0,0,0,1,0,0,0,0,0,0,0,0,0,0,0,1,0,0,0,0,0,0,0,0,0,0,0,0,0,0,0,0,0,0,0,0,0,1,0,0,0,0,0,0,0,0,1,0,0,0,0,0,0,0,0,0,0,0,0,0,0,0,0,1,0,0,0,0,0,0,0,0,0,0,0,0,0,1,0,0,0,0,0,0,0,0,0,0,1,0,0,0,0,0,0,0,0,0,0,0,0,0,0,0,0,0,0,1,0,0,0,0,0,0,0,0,1,0,0,0,0,0,0,0,0,0,0,0,0,0,0,0,0,0,0,0,0,0,0,0,1,0,0,0,0,0,0,0,0,0,0,0,0,0,1,0,0,0,0,0,0,0,0,0,0,0,0,0,1,0,0,0,0,0,0,0,0,0,0,0,0,0,1,0,0,0,0,0,0,1,0,0,0,0,0,0,0,0,0,0,0,0,0,0,0,0,0,0,0,0,1,0,0,0,0,0,0,1,0,0,0,0,0,0,0,0,0,0,0,0,0,1,0,0,0,0,0,0,0,0,0,0,0,0,0,0,0,1,0,0,0,0,0,0,0,0,1,0,0,0,0,0,0,0,0,0,0,0,0,0,0,0,0,1,0,0,0,0,0,0,0,0,0,0,0,0,0,1,0,0,0,0,0,0,0,0,0,0,0,0,0,0,0,0,0,0,0,0,1,0,0,0,0,0,0,1,0,0,0,0,0,0,0,0,0,0,0,0,0,1,0,0,0,0,0,0,0,0,0,0,0,0,0,0,0,0,0,0,0,0,1,0,0,0,1,0,0,0,0,0,0,0,0,0,0,0,0,0
