Residue_Index,Residue,Amide_H_Shift
1,S,nan
2,N,nan
3,A,8.386
4,K,8.3
5,N,8.32
6,Y,8.087
7,M,8.121
8,D,8.189
9,K,8.335
10,G,8.497
11,T,8.081
12,S,8.413
13,S,8.414
14,S,8.379
15,T,8.195
16,V,8.121
17,V,8.293
18,K,8.478
19,D,8.379
20,G,8.39
21,K,8.229
22,T,8.237
23,S,nan
24,S,nan
25,A,8.328
26,S,8.267
27,T,8.164
28,P,nan
29,A,8.432
30,T,8.106
31,R,8.318
32,P,nan
33,V,8.447
34,T,8.221
35,G,8.376
36,S,8.456
37,W,8.171
38,K,8.736
39,K,8.123
40,N,8.583
41,Q,8.856
42,Y,7.604
43,G,7.993
44,T,7.781
45,W,8.041
46,Y,10.329
47,K,8.923
48,P,nan
49,E,7.771
50,N,8.148
51,A,7.085
52,T,8.036
53,F,9.714
54,V,8.583
55,N,8.97
56,G,8.36
57,N,8.149
58,Q,7.702
59,P,nan
60,I,8.126
61,V,8.421
62,T,7.989
63,R,9.336
64,I,8.741
65,G,9.316
66,S,7.412
67,P,nan
68,F,6.61
69,L,8.388
70,N,7.675
71,A,7.152
72,P,nan
73,V,8.328
74,G,8.781
75,G,7.278
76,N,8.797
77,L,10.083
78,P,nan
79,A,8.585
80,G,8.004
81,A,7.363
82,T,8.181
83,I,9.627
84,V,8.059
85,Y,8.84
86,D,8.843
87,E,8.121
88,V,8.822
89,C,9.404
90,I,9.773
91,Q,8.91
92,A,9.888
93,G,9.675
94,H,8.337
95,I,8.116
96,W,9.869
97,I,8.893
98,G,9.043
99,Y,8.434
100,N,8.844
101,A,8.87
102,Y,8.72
103,N,7.49
104,G,8.02
105,N,7.703
106,R,8.635
107,V,8.668
108,Y,8.944
109,C,9.675
110,P,nan
111,V,8.382
112,R,6.735
113,T,8.898
114,C,7.936
115,Q,7.963
116,G,8.591
117,V,7.745
118,P,nan
119,P,nan
120,N,8.414
121,H,8.591
122,I,8.883
123,P,nan
124,G,8.553
125,V,8.493
126,A,8.835
127,W,8.555
128,G,7.28
129,V,8.274
130,F,8.464
131,K,9.375
