actual,predicted
8.73,8.416462
8.45,8.354781
8.41,8.343022
8.34,8.320605
8.42,8.155491
8.34,8.230394
7.59,7.874265
6.84,7.7061157
8.17,8.544685
7.89,7.7504272
9.37,8.898138
9.31,8.876146
8.38,8.625842
9.15,8.49161
8.26,8.66433
6.93,7.411656
8.32,8.603552
8.83,8.232877
8.74,8.125843
7.22,7.567976
7.79,8.47386
9.22,8.4118595
8.04,8.227597
8.24,8.20722
7.75,8.251754
8.97,8.451711
8.51,8.224075
7.32,7.6239376
8.65,8.190171
8.88,8.519699
7.27,7.977188
6.98,7.5123367
7.3,7.8350387
8.12,8.360745
8.67,8.489989
9.32,8.62216
7.62,8.332318
8.03,8.48208
8.87,8.991339
8.97,8.263976
8.52,8.347906
8.74,8.635199
9.08,8.5538225
8.59,8.133566
7.61,7.6627903
8.46,8.274999
7.61,7.9961987
8.74,8.580702
8.53,8.247435
8.9,8.108328
6.91,7.388685
8.81,8.726755
8.73,8.996426
9.06,8.590311
8.86,8.759752
9.47,9.025936
7.8,8.300385
9.53,8.901016
8.65,8.5229645
8.97,8.500971
6.92,7.607523
6.91,7.6893144
8.02,8.084305
7.46,8.028927
8.19,7.9827266
8.34,8.269722
7.76,8.150448
7.48,8.01272
8.31,8.27865
7.66,8.010748
8.6,8.481354
7.87,7.886845
7.69,8.319773
8.62,8.487188
9.52,9.242708
8.5,8.345032
7.58,7.6219997
8.58,8.292591
8.45,8.835687
8.58,8.676025
8.65,8.422358
8.89,8.793455
8.48,8.4834
9.04,8.261843
8.41,8.362922
7.85,8.303337
8.251,8.143045
8.546,8.360203
9.437,8.801495
9.382,8.8048
9.365,8.656632
8.933,8.971713
8.871,8.40231
8.928,8.340676
8.252,8.291237
8.019,8.315619
8.077,8.199533
8.439,7.976021
7.692,8.015658
9.048,8.478775
7.851,8.249367
8.286,8.33893
8.159,8.449477
8.494,8.051843
8.789,8.809656
8.611,8.384784
9.333,8.880143
8.702,8.1637
7.351,7.9268584
8.446,8.279233
7.626,7.567129
8.374,8.160514
7.831,7.740954
7.947,8.338991
7.584,7.9120355
7.896,8.112019
8.961,8.429982
8.066,8.390912
7.41,8.217742
7.541,7.977003
8.23,8.0318985
8.39,8.266607
7.466,8.2960205
8.628,8.286732
8.406,8.321664
7.807,7.945734
8.149,8.440714
5.337,6.4262366
8.282,8.234322
8.298,8.6233425
8.933,8.621517
8.654,8.379346
9.126,8.619236
7.57,8.154512
8.377,8.176159
8.578,8.579605
8.525,8.356361
8.241,8.161062
8.229,8.160447
8.34,8.371398
7.9,8.282644
9.086,8.918699
8.665,8.658829
9.228,8.639074
9.04,8.475043
9.012,8.700975
8.691,8.434843
8.485,8.466003
8.467,8.508828
8.005,8.366462
8.123,7.8886895
8.199,8.33319
8.312,8.155561
7.888,8.129698
8.512,8.407996
8.488,8.4528265
7.993,8.297084
7.691,8.21095
8.455,8.438993
8.783,8.372598
8.671,8.699352
8.842,9.011252
8.297,8.807023
8.416,9.037495
9.388,8.511925
8.498,8.353928
8.38,8.459108
8.446,8.416462
8.04,8.315901
7.994,8.423448
8.179,8.484479
8.194,8.328741
7.757,8.172088
8.145,8.16245
8.371,8.238265
7.941,8.247259
8.412,8.495736
7.158,8.061813
7.674,7.997759
8.67,8.349255
7.536,8.240571
8.722,8.33805
8.933,8.395198
8.911,8.239652
9.004,7.93704
9.176,8.532358
7.972,8.440483
6.882,8.296845
8.708,8.414303
7.524,7.842247
8.821,8.532909
8.041,8.300879
7.889,7.8566537
7.115,8.28117
8.694,8.199764
9.299,8.456799
9.591,8.715208
7.332,7.6837473
9.145,8.516673
8.374,8.364214
9.154,8.547329
8.743,8.230098
8.023,7.8006873
8.457,8.4863825
9.28,8.422339
9.463,8.816681
9.142,8.582679
9.062,8.756805
8.387,8.505598
9.021,8.402512
8.788,8.464325
8.467,8.34276
9.038,8.718245
9.243,8.939721
9.133,8.80007
10.129,9.288841
9.163,8.553153
7.854,7.830588
8.518,8.455188
8.477,8.60178
8.641,8.556266
9.317,8.737478
8.515,8.318373
7.618,7.9177265
8.685,8.350679
7.611,7.9670925
7.443,7.9698553
7.87,8.113976
7.693,8.1406555
7.36,7.573002
8.9,8.298727
7.46,7.823885
8.27,8.026931
8.07,8.428811
8.66,8.146982
8.07,8.144607
7.8,7.9769297
9.38,8.293657
8.94,8.625214
8.11,8.001439
8.05,8.083135
7.65,7.9781504
7.93,8.138613
7.98,7.659052
7.84,8.198509
8.31,8.357239
8.65,8.578169
7.31,7.4431376
8.6,8.7349205
7.96,8.323181
8.54,8.594208
8.8,8.555536
8.76,8.46726
8.17,8.2091055
7.26,8.145098
8.74,8.404644
7.54,8.035437
7.85,7.657614
9.92,9.332887
8.34,8.857393
8.66,9.091818
8.84,8.760534
8.92,8.893976
8.99,8.801703
8.87,8.475046
9.47,8.8341875
7.48,7.5544214
7.38,7.4130945
7.56,7.732025
8.75,8.874197
8.81,8.150315
7.92,8.121697
8.51,8.886135
9.32,8.389634
9.17,8.898268
8.85,8.904283
8.48,8.756371
8.55,8.647815
9.06,9.106724
7.64,8.435684
8.78,8.389019
7.97,7.9510903
7.88,7.8462663
8.92,8.471947
7.12,7.846235
7.95,8.321871
8.29,8.627244
8.3,8.918789
9.23,8.97195
9.36,9.024565
7.38,7.6680584
8.74,8.37045
8.45,8.394482
6.82,7.939581
8.44,8.441709
11.28,9.948637
7.41,8.012983
8.82,8.688931
7.88,7.9302635
8.35,8.227373
8.52,8.218493
8.34,8.456655
8.61,8.829922
7.74,8.453352
9.07,8.535997
8.11,7.900149
7.29,7.9350767
7.82,7.944579
8.49,7.9082155
7.88,7.916784
7.54,8.032666
6.96,7.477277
7.11,7.61652
7.8,8.49533
7.51,8.136531
8.03,8.219233
8.31,7.853779
8.3,7.808669
8.28,8.105776
8.57,8.32439
7.95,8.260357
7.94,8.113174
8.05,8.0799465
8.11,8.179237
7.51,8.140648
7.34,7.818123
7.31,7.5772066
7.71,8.209648
9.45,8.437001
7.98,8.194342
7.0,8.297157
8.51,8.177087
7.24,7.6159635
8.21,7.9946404
7.22,7.511682
8.22,8.030142
8.03,8.094489
8.11,8.1326885
8.28,8.285801
7.14,8.085897
8.26,8.097025
9.11,8.374542
8.7,8.469756
8.41,8.051395
7.38,7.719102
8.39,8.381374
8.67,8.341227
7.75,7.9579453
7.88,7.7967386
8.16,8.075289
8.35,8.38205
7.09,7.902283
7.26,7.8551044
8.52,8.243585
7.51,8.248527
7.6,7.9272313
7.6,7.9825783
7.02,7.5347724
7.81,7.8623047
8.06,8.082214
7.84,8.3271885
8.319,8.260424
8.228,8.427141
8.125,8.2192135
8.105,8.277565
8.134,8.42126
8.639,8.429082
8.11,8.124719
8.389,8.053241
8.514,8.2485075
7.893,8.165696
8.338,8.15691
8.28,8.253162
7.878,8.3026905
7.651,7.91907
8.277,8.276825
8.414,8.096237
8.249,8.536409
7.905,8.139212
8.337,8.1668625
8.4,8.179027
7.595,7.8243437
7.871,8.2203665
7.891,8.1712265
7.69,7.965273
7.923,8.21531
8.195,7.8175635
8.202,8.279812
8.03,7.804302
8.157,8.394946
7.624,7.691965
8.594,8.873566
10.189,9.009443
6.933,7.620593
8.436,8.220577
8.339,8.077511
8.06,8.221245
8.518,8.285875
8.219,7.9574165
8.109,7.98081
7.548,8.2263975
7.789,8.031745
7.094,7.397302
7.14,7.951072
8.114,8.38695
8.255,8.025656
7.479,7.608393
8.59,8.574111
7.556,7.711384
9.017,8.561062
8.581,8.174605
7.795,7.690648
7.859,7.950326
8.011,8.036471
7.832,7.933983
8.577,8.262211
8.652,8.1172905
7.965,7.8590913
7.895,8.166678
8.332,8.587635
8.35,7.9840093
8.019,7.884772
8.642,8.333752
8.371,8.217021
8.451,8.232619
9.163,8.708098
7.902,7.9528637
8.386,8.140312
8.248,8.469269
6.744,8.0133705
8.184,7.899781
6.991,7.6043553
9.018,9.200626
8.232,8.4383135
9.033,8.802193
8.273,8.231155
8.6,8.3112545
8.231,8.213747
8.201,8.219261
7.93,8.252143
8.238,8.158585
8.295,8.536313
8.243,8.107607
8.406,8.383485
8.437,8.451206
8.156,8.158143
8.559,8.43433
8.187,8.345819
8.167,8.339366
8.218,8.3898945
8.218,8.265767
8.172,8.303889
8.225,8.110821
8.641,8.806375
8.227,8.658687
8.756,8.201872
8.893,8.738032
8.108,8.266764
7.835,7.743825
7.677,8.342053
7.828,8.359221
8.17,8.577815
7.93,8.37045
9.044,8.423526
8.666,8.620117
8.642,8.672279
7.891,8.0233345
8.438,8.452387
8.023,8.305145
8.847,8.432271
8.562,8.49333
8.634,8.43894
8.801,8.486219
8.871,8.219664
6.801,7.2306128
7.882,7.955491
7.986,8.16456
7.53,7.8771033
7.881,8.193186
7.971,8.720704
8.485,8.439258
8.009,8.256834
8.608,8.476614
9.287,8.283123
9.114,8.764975
9.268,8.694003
9.078,8.944669
9.031,8.6354265
8.641,8.905068
8.742,8.856659
9.415,8.418098
7.741,8.192083
8.161,8.051183
7.057,7.8734856
8.883,8.569002
9.046,8.836381
8.867,8.597256
8.035,8.293734
9.72,8.799631
8.968,8.912302
9.122,8.610606
7.735,7.781885
8.454,8.44009
8.523,9.114444
8.54,8.323079
9.983,8.560163
8.488,8.358009
9.111,8.601332
10.108,9.242084
8.327,8.32093
8.325,8.10067
8.257,8.044264
8.167,8.25993
8.401,8.083625
7.58,7.835779
7.642,7.8496714
7.061,7.4347987
7.588,7.6149225
7.64,7.521858
9.173,8.645094
9.555,8.960461
8.807,8.225029
8.661,8.363617
9.008,8.502981
8.721,8.243058
8.457,8.345394
8.536,8.421488
9.006,8.712707
8.306,8.166126
7.716,8.392126
9.027,8.8701935
8.914,8.554535
9.39,8.742504
8.881,8.666637
8.921,8.839186
8.431,8.561198
9.217,8.60087
7.805,8.194431
8.089,8.276188
7.558,8.108947
8.397,8.548999
8.617,8.211859
8.483,8.553146
9.035,8.48503
7.817,8.405561
8.336,8.201678
7.563,8.115406
8.21,8.16105
8.815,8.2865715
8.3,8.405708
8.32,8.534049
8.087,8.511166
8.121,8.180621
8.189,8.147122
8.335,8.098831
8.497,8.5993395
8.081,7.987896
8.413,8.281171
8.414,8.45793
8.379,8.217603
8.195,8.484537
8.121,8.540382
8.293,8.606739
8.478,8.472123
8.379,8.402343
8.39,8.605849
8.229,8.087465
8.237,8.267158
8.328,8.209069
8.267,8.590194
8.164,8.242343
8.432,8.56731
8.106,8.392091
8.318,8.332433
8.447,8.176929
8.221,8.209564
8.376,8.51803
8.456,8.204789
8.171,8.18565
8.736,8.9900055
8.123,8.325611
8.583,8.514882
8.856,8.240319
7.604,7.893878
7.993,7.995347
7.781,8.008551
8.041,8.07105
10.329,9.282269
8.923,8.832984
7.771,8.156765
8.148,8.4077215
7.085,8.448775
8.036,8.270144
9.714,9.149026
8.583,9.030756
8.97,8.778472
8.36,8.773178
8.149,8.168817
7.702,7.91752
8.126,8.026413
8.421,8.833065
7.989,8.363003
9.336,9.097213
8.741,8.779177
9.316,8.812315
7.412,7.8155107
6.61,7.884169
8.388,8.62751
7.675,7.9893517
7.152,7.7880826
8.328,8.315874
8.781,8.936866
7.278,7.8867884
8.797,8.516945
10.083,8.868582
8.585,8.695248
8.004,8.155312
7.363,7.6502767
8.181,8.404285
9.627,9.186461
8.059,8.586721
8.84,8.662331
8.843,8.732822
8.121,7.753106
8.822,8.505556
9.404,8.971928
9.773,8.959862
8.91,8.732488
9.888,9.116617
9.675,8.973395
8.337,8.534301
8.116,8.77621
9.869,9.136208
8.893,8.628871
9.043,8.797644
8.434,8.692863
8.844,8.154759
8.87,8.811731
8.72,8.427336
7.49,8.000978
8.02,8.194448
7.703,7.912079
8.635,8.591133
8.668,8.621527
8.944,8.829227
9.675,8.990499
8.382,9.037076
6.735,7.634571
8.898,8.879638
7.936,8.097906
7.963,8.726553
8.591,8.70254
7.745,7.985466
8.414,8.17863
8.591,8.677416
8.883,8.572046
8.553,8.862251
8.493,8.726939
8.835,8.059979
8.555,8.551956
7.28,7.965768
8.274,8.517867
8.464,8.327017
9.375,9.090445
8.56,8.38
8.59,8.588954
7.84,8.154888
8.05,8.507389
8.43,8.510872
8.57,8.565853
8.39,8.759882
8.38,8.442924
9.06,8.920905
8.54,8.518908
9.25,9.101616
7.86,8.473749
9.33,9.095554
10.03,9.041494
7.8,7.788719
8.57,8.43389
8.62,8.344902
8.02,7.8003206
7.59,7.7987633
8.2,7.9629984
9.14,8.775566
7.92,8.121109
7.21,7.537063
7.18,7.895508
6.73,7.544619
6.75,7.3539805
9.13,8.531738
9.29,8.334068
7.89,7.9050684
8.73,8.419746
8.1,7.883635
7.57,7.473116
6.72,7.38261
7.71,8.320227
6.38,7.6720567
8.47,8.66808
8.55,8.619949
9.23,8.5026245
5.59,7.912882
8.32,8.462467
7.75,8.258061
9.11,8.601229
8.7,8.490463
7.99,7.8882236
8.62,8.49334
8.66,8.709212
10.98,8.922522
8.18,8.544605
8.22,8.622957
7.69,8.4214945
7.62,8.096821
7.58,7.94315
9.19,8.662196
8.66,8.810257
8.01,8.199707
8.51,8.471231
9.47,8.824477
7.6,7.7738523
8.69,8.747609
9.26,8.672712
9.24,8.537741
8.13,8.07733
8.25,8.0346575
8.6,8.883228
8.76,8.787592
9.24,9.156777
9.65,9.307008
7.97,8.665858
9.02,8.913426
9.85,9.010982
8.36,8.180998
7.57,7.9397473
7.89,8.092218
7.76,8.349646
8.86,9.057116
9.06,8.923571
8.78,8.86105
8.72,8.890452
9.34,8.9990425
8.96,8.894235
9.2,8.513823
8.53,8.440106
8.52,8.556806
8.66,8.560174
9.04,8.658343
7.0,7.553546
8.86,8.51544
9.51,9.482651
9.62,9.044114
8.93,8.839811
8.9,8.681488
8.66,8.7745495
9.27,8.988775
9.48,8.587694
8.67,8.492104
8.05,7.9664054
9.04,8.4104185
8.15,8.286024
9.52,8.517669
8.01,7.960533
8.93,8.624727
8.29,8.515777
8.83,8.063055
7.49,7.7823377
8.15,8.040354
8.53,8.379888
8.65,8.622671
9.1,8.580307
6.94,7.3238873
7.73,7.9747725
8.86,8.401741
7.67,7.9097786
7.98,8.158276
9.04,8.334507
8.89,7.970562
7.6,7.932577
8.21,8.28788
9.06,8.313968
7.83,7.9465756
7.35,7.6760406
8.5,8.1331625
8.77,8.101444
8.22,8.488012
8.11,8.681534
7.79,7.8190236
9.23,8.376011
6.69,7.9761667
7.04,7.910045
7.45,7.968203
7.99,8.161627
7.96,8.22551
7.51,8.361786
8.387,8.245664
8.155,8.351827
7.907,8.36198
8.258,8.767656
9.284,8.54994
8.403,8.37538
8.021,7.983162
6.884,7.4097414
8.552,8.185877
7.514,7.64092
8.312,8.327246
8.873,8.615515
7.384,7.863949
8.757,8.653415
8.42,8.263243
8.44,8.491301
8.621,8.441556
6.993,8.065468
6.319,7.519682
7.28,7.970902
8.44,8.343674
8.08,7.9959598
8.028,8.095697
7.791,8.361195
8.255,8.176955
7.5,7.616209
8.144,8.523612
8.493,8.46417
8.377,8.343022
8.067,8.246094
8.257,8.341682
8.036,8.251008
8.207,8.366338
8.189,8.488024
8.141,8.404644
7.887,8.211333
7.966,8.402722
8.002,8.168745
8.772,8.798241
8.773,8.555058
7.393,8.4447365
8.564,8.540105
8.851,8.286741
7.832,7.908601
7.92,8.1938715
7.309,8.287711
8.294,8.19997
7.732,7.8509383
8.689,8.493888
9.021,8.752624
8.829,8.952138
7.928,8.669915
8.228,8.477737
8.221,8.2948
8.692,8.378856
8.503,8.2396755
7.635,8.248323
7.029,7.95399
7.317,8.137189
8.444,8.3539715
8.717,8.387957
6.604,7.2012577
8.973,8.475977
8.703,8.817909
9.331,8.84774
9.425,9.321827
8.702,8.790149
8.381,8.544078
6.593,8.397422
7.705,8.308695
8.19,7.658588
9.029,8.616304
9.003,8.405059
8.103,8.209017
8.372,8.473033
8.747,8.62114
8.879,8.548878
9.195,8.748531
7.655,7.998308
7.344,8.2855425
8.637,8.446313
8.853,8.531847
8.412,7.9887586
7.701,8.104568
6.401,7.3031898
8.498,8.625611
8.653,8.432414
9.27,9.144009
8.183,8.340023
8.341,8.550707
7.876,8.072395
8.714,8.405992
8.596,8.390155
8.676,7.917838
8.117,7.949835
8.424,8.420969
9.315,8.935467
8.58,8.486451
9.242,9.120982
8.782,8.875124
8.584,8.495954
8.649,8.813651
8.734,8.816194
8.113,8.407085
9.14,8.792146
8.098,8.3280115
7.759,8.071721
7.807,7.8048725
8.078,8.404377
9.164,8.708836
8.315,8.242588
9.122,8.56962
8.372,8.415792
8.758,8.401208
9.301,9.170695
8.336,8.276032
9.328,9.077249
8.617,8.529238
9.172,8.617996
8.292,8.438399
8.624,8.393304
8.149,8.421841
8.061,8.315854
8.283,8.276012
8.066,8.279786
8.32,8.285112
8.319,8.288996
7.412,8.003186
8.748,8.236409
9.058,8.933067
8.945,8.895594
8.445,8.466471
9.486,8.774588
8.698,8.873124
8.673,8.86693
8.898,8.767088
8.018,8.544213
8.54,8.328017
8.307,8.241519
7.347,7.774024
7.682,7.9307203
6.757,7.71504
9.048,8.899372
9.021,8.695043
9.073,8.98451
9.486,8.799183
8.831,8.7962265
8.365,8.572138
7.706,8.431078
9.195,8.734374
9.118,8.5109625
8.453,8.581373
7.951,8.090003
8.128,8.336438
8.035,8.544122
8.4,8.480177
8.492,8.270232
8.668,8.447515
8.008,8.045563
7.476,7.605114
7.257,7.8586454
8.698,8.363514
8.703,8.723419
9.415,8.700754
8.845,8.78807
8.254,8.607355
9.137,8.507025
8.945,9.170341
8.467,8.151761
8.329,8.36467
8.099,8.003651
7.447,8.232861
7.81,8.428284
8.49,8.262615
8.309,8.683449
8.775,8.330509
9.787,8.379993
8.12,8.281538
8.55,8.799361
8.211,8.536685
9.608,8.944231
8.47,8.129714
8.257,8.393712
8.306,8.471034
7.926,8.501104
8.15,8.89508
8.92,8.462261
7.931,8.049005
8.174,8.445454
9.04,8.861586
7.763,8.156071
8.983,8.981419
9.063,8.848332
7.546,8.252302
8.626,8.498854
8.509,8.23336
7.411,7.7083187
7.311,7.613964
7.86,7.5302744
7.396,7.9061007
7.888,8.002085
8.248,8.48723
8.43,8.820147
8.771,8.939709
7.503,8.9339
8.755,9.080803
8.813,8.799057
9.067,9.007278
8.7,8.719988
9.54,8.540798
7.812,8.145475
8.264,8.562692
6.889,7.2927547
8.027,8.276382
8.264,8.088627
8.35,8.3539715
8.812,8.516377
8.075,8.436039
9.219,8.708115
7.241,7.6618543
9.499,8.834158
8.525,8.938093
7.8047,8.399955
9.276,8.854687
8.716,8.72068
8.342,8.441956
7.5216,7.4403634
6.96,7.7357864
8.341,8.365583
8.391,8.4689045
8.953,8.654675
7.51,7.688735
8.46,8.431084
8.55,8.333989
8.382,8.425083
8.057,8.40687
8.212,8.38707
9.012,8.9496765
8.226,8.310395
8.436,8.563156
9.02,8.816438
8.543,8.739439
8.64,8.396001
8.204,8.4179735
7.884,8.366627
8.246,8.308857
8.598,8.4879265
8.347,8.409284
8.022,8.279169
8.005,8.201849
8.118,8.660444
8.202,8.312595
7.529,8.211679
9.05,9.067215
9.256,9.062869
8.896,9.002225
8.904,8.632603
8.985,8.890083
8.936,8.192545
9.679,9.30861
8.644,8.671905
9.413,8.788412
7.679,7.897633
8.368,8.353617
7.086,7.537888
10.02,8.675089
8.858,8.731662
7.738,8.277748
8.506,8.447782
9.355,8.612524
9.053,9.048244
8.611,8.95147
9.068,9.140403
9.46,8.73374
8.065,8.025258
7.342,7.5567303
8.279,8.254841
8.392,8.5247755
8.519,8.463724
8.363,8.378958
7.758,8.186976
8.656,8.578295
8.099,8.002923
7.721,8.205299
5.717,6.5767775
7.521,8.184559
9.197,8.1147995
8.465,8.034679
7.585,7.8203216
9.009,8.698772
9.082,8.46624
9.52,8.80209
8.713,8.503913
8.409,8.313222
8.057,8.341214
7.594,8.278433
9.089,8.821434
8.631,8.712292
8.228,8.246879
9.058,8.6646185
8.439,8.261914
9.289,8.771716
9.227,8.849258
9.565,8.980855
8.831,9.18692
8.367,8.792705
8.317,8.648447
8.373,8.434651
9.44,8.703799
8.745,8.453204
9.378,8.549998
8.036,8.076588
7.455,7.564353
7.121,7.668618
7.787,7.8019648
8.086,7.897882
7.349,8.022459
7.443,7.9397926
7.733,7.483559
7.189,7.7819037
8.761,8.174234
7.847,7.874178
7.183,8.093129
8.554,8.43549
7.806,8.203414
8.617,8.993163
7.885,8.349727
8.681,8.780344
8.482,8.620045
8.471,8.545217
8.976,8.530558
9.446,8.865744
9.171,8.606002
8.802,8.319782
7.661,8.016378
8.921,8.919117
8.966,8.901893
9.469,9.073744
8.737,8.753267
8.926,8.497969
8.96,8.783815
8.798,8.8381605
8.538,8.471404
7.633,8.111214
8.946,8.729458
8.562,8.304855
7.425,7.7156734
8.348,8.073617
7.338,7.560679
8.066,8.600555
8.764,8.372728
8.521,8.709013
8.917,8.984768
9.026,8.8518305
9.67,9.104373
8.77,8.612257
9.313,9.265444
7.234,7.2449837
8.19,8.472107
8.153,8.384298
9.06,8.5319805
7.277,7.7542305
8.391,8.339321
8.258,8.392519
8.936,8.262351
8.152,8.573462
8.461,8.394106
8.199,8.559545
8.38,8.319431
8.514,8.415987
7.489,7.793391
9.061,8.838592
8.729,8.710369
9.737,8.896961
8.607,8.375058
8.421,8.650026
8.478,8.423033
7.569,8.609729
6.866,7.545018
8.86,8.522137
8.861,8.96077
8.426,8.369175
8.34,8.59688
8.587,8.72734
9.026,8.892832
8.379,8.120361
8.749,8.857855
7.795,8.138607
8.574,8.5750885
8.254,8.364746
8.175,8.220427
8.539,8.385169
7.733,7.800123
7.902,8.339826
7.981,8.280418
8.464,8.342123
8.42,8.572241
8.145,8.170088
8.163,8.340023
8.347,8.359236
8.307,8.366936
8.21,8.266706
8.338,8.130128
8.269,8.424364
8.197,8.390085
8.401,8.396207
8.282,8.2313595
8.278,8.3700695
7.729,8.34556
7.827,8.323746
8.164,8.142387
8.435,8.368607
8.12,8.283391
8.382,8.385844
8.04,8.252182
8.518,8.3539715
8.423,8.364635
8.397,8.428558
8.422,8.310421
8.127,8.265401
8.173,8.337969
8.402,8.403995
8.322,8.314793
8.584,8.198209
7.981,7.6121793
9.442,8.92903
9.434,8.828073
8.379,8.601453
9.474,8.94095
6.964,7.5158463
8.181,8.411297
8.951,8.919501
7.915,8.197873
8.275,8.227282
7.939,8.3537245
8.115,8.221946
8.673,8.395911
8.601,8.294441
7.726,7.6424127
8.233,8.477169
8.124,8.340719
9.0,8.530558
9.017,8.672956
8.91,8.485144
8.969,8.690468
8.522,8.128357
8.333,8.23442
9.18,8.932142
8.278,8.63895
8.56,8.654727
9.247,8.931395
6.98,7.7304983
8.635,8.377194
9.034,8.681683
6.666,7.4827957
7.593,7.8580246
8.337,7.8224897
8.303,7.874897
9.751,8.712613
8.357,8.64765
8.959,8.7948
8.781,8.730618
9.074,8.880307
8.88,8.342508
8.242,8.02767
7.484,8.0348425
8.222,8.302626
8.71,8.355631
8.743,8.341688
9.769,8.825976
8.445,8.74603
8.375,8.308982
7.994,7.74339
7.412,7.8318796
8.679,8.760249
8.038,8.353034
8.438,8.527412
8.044,8.2047205
8.223,8.373171
7.993,7.9034014
7.419,7.588624
7.532,7.971454
6.419,7.5975266
7.615,7.612615
8.912,8.792048
5.73,7.391792
7.982,8.579661
8.586,8.56397
8.961,8.560425
8.498,8.264394
8.139,7.8500357
8.635,8.310427
7.949,8.158579
7.817,7.9967847
8.52,8.449749
7.569,8.034376
7.548,7.6973667
7.471,8.071369
7.805,8.040058
8.204,8.471836
8.664,8.619689
9.306,8.942571
8.762,8.070715
8.734,8.514391
9.059,8.489932
9.215,8.873148
9.215,8.901463
8.004,8.737127
8.323,8.123746
9.293,8.75395
8.355,8.3976555
7.725,8.060985
9.178,8.967973
8.127,8.09914
9.131,8.70782
9.1,8.771618
9.476,9.311419
9.072,8.928438
9.333,8.99939
9.185,9.076927
9.459,9.099921
9.332,8.666845
8.376,8.440612
7.798,7.844553
8.225,8.535107
9.383,8.750437
8.309,8.337681
9.689,9.04892
8.733,8.563145
8.439,8.640117
8.682,8.897617
8.302,8.224716
9.658,9.328798
7.819,8.221231
8.148,8.1498375
7.533,7.6233788
9.182,9.040423
8.715,8.737017
10.164,9.037685
9.182,8.400696
8.804,8.436577
8.422,8.131824
7.801,7.772662
7.613,8.216457
9.155,8.960459
9.578,8.947368
7.41,7.438983
9.115,8.726068
8.92,8.3683405
7.621,7.6613636
7.281,7.5485163
8.194,8.096731
7.996,8.241137
7.971,8.202841
7.743,7.7560515
7.564,7.794674
7.338,7.434834
7.573,8.356539
8.278,8.243147
8.388,8.172624
8.21,8.295231
7.22,7.724684
7.079,7.611208
6.753,7.3285136
7.261,7.9907413
7.579,8.056068
8.404,8.540293
8.093,8.23105
8.694,8.59828
8.142,8.386929
7.941,8.198307
8.44,8.326244
7.54,7.6401596
7.73,7.8525867
8.39,8.118653
8.29,8.301795
8.3,7.9021516
8.9,8.360254
8.33,8.011876
7.61,7.583387
7.27,7.766823
8.17,8.165602
7.58,7.6707015
7.47,7.7428255
7.64,8.090118
7.38,7.680161
8.2,8.482473
8.31,8.2608795
8.43,8.350429
7.73,7.78584
7.83,7.8795567
8.37,8.010801
7.74,8.04948
7.98,8.229714
8.73,8.439306
7.8,8.101299
7.61,7.713383
8.18,7.9974117
7.7,7.6818447
7.07,8.02091
8.17,7.850745
8.34,8.120212
8.22,8.02857
7.17,8.087592
8.12,8.271701
8.05,7.8162193
8.88,8.058161
8.82,8.020946
9.59,8.747967
9.46,9.118953
8.02,8.267125
6.91,7.4246674
9.11,8.275984
8.92,8.513584
8.32,8.1554365
6.92,7.393755
8.14,8.216904
9.3,8.72939
7.84,8.216402
7.31,8.136427
8.23,8.274904
9.11,8.081813
8.24,8.074474
8.35,7.967748
8.08,7.8691626
7.19,7.626622
7.14,7.3646116
7.45,7.6341615
8.83,8.471079
8.84,8.34748
8.67,8.316246
7.77,7.8373156
8.59,8.173995
8.75,8.273716
7.33,7.8245325
8.28,8.044469
9.13,8.564434
8.33,8.715485
7.96,8.099126
8.41,8.366156
8.95,8.461289
7.3,7.7443037
6.89,7.533667
7.27,7.385131
8.5,8.325882
7.94,8.070152
8.51,8.251738
8.58,8.422175
9.58,8.984095
7.62,7.9315157
7.66,7.83462
8.75,8.477755
6.93,7.8190126
8.98,8.797222
7.48,8.193058
9.04,8.366338
6.33,7.3887134
7.08,7.5239143
8.76,8.654583
7.24,7.433512
9.12,8.699905
8.52,8.397782
8.46,8.349532
8.31,8.331617
8.47,8.340925
8.27,8.333991
8.41,8.353859
8.21,8.202195
8.47,8.28061
8.23,8.311341
8.27,8.352092
8.27,8.306751
8.09,8.414789
8.1,8.159502
8.39,8.372551
8.44,8.367006
8.29,8.307556
8.38,8.407845
8.19,8.365526
8.45,8.22035
8.37,8.496124
8.62,8.60251
8.1,8.310989
9.48,8.422145
8.51,8.287453
8.18,8.268877
8.82,8.436976
8.81,8.727201
8.2,8.720827
8.13,8.347944
8.75,8.413116
7.66,7.846795
7.51,8.095501
8.89,8.298839
8.33,7.9011774
7.74,8.419986
7.69,8.149832
7.03,7.8811765
8.35,8.348769
6.81,7.906281
8.75,8.353998
7.72,8.199129
9.75,8.556029
7.86,7.919982
8.14,8.888945
9.65,9.233879
9.39,8.938446
9.45,9.054263
9.28,8.869364
8.75,8.860216
8.25,8.028041
7.99,7.968437
8.0,7.97228
7.51,7.645279
7.34,7.6528606
7.12,7.5182233
8.15,8.179092
8.28,8.23708
7.17,7.7383776
7.65,8.220275
8.47,8.086579
7.37,8.074799
7.96,7.9435267
7.97,8.16665
7.1,7.5524254
8.62,8.438446
8.03,8.045458
7.92,7.995311
8.69,8.77341
8.76,8.570015
9.06,9.184758
6.78,7.716374
7.59,7.6179166
9.04,8.356292
10.27,8.958223
8.13,7.9402823
9.24,8.446208
8.01,7.9544277
8.21,8.143813
7.78,7.8268003
7.66,7.9546475
8.57,8.580631
8.46,8.43013
7.87,7.8536906
8.42,8.354761
9.3,9.042931
9.1,8.814548
8.11,8.919996
9.97,9.241995
8.64,8.933037
10.18,9.118744
9.84,8.507427
7.84,7.838985
8.87,8.629137
9.3,8.67036
7.26,7.8928185
8.25,8.348005
9.26,9.341837
8.99,8.57405
8.42,8.624267
8.4,8.312772
7.6,8.118009
8.56,8.287757
8.33,8.022549
7.5,7.712973
7.62,7.8674946
8.4,8.5558405
7.93,8.189953
8.0,8.219219
8.35,8.297233
8.24,8.495142
7.95,7.8692684
7.71,8.107005
7.52,8.01132
7.95,8.423636
8.11,8.1605015
8.4,8.401325
8.3,8.367506
8.35,8.359044
8.36,8.176327
8.18,8.243626
8.42,8.357649
8.36,8.537082
8.63,8.404369
8.17,8.242372
8.43,8.276684
8.49,8.439875
8.22,8.179646
8.45,8.281894
8.58,8.362089
8.51,8.273762
8.5,8.391394
7.93,8.362378
9.01,8.604399
8.25,8.482991
9.32,8.899507
9.07,8.902755
8.1,8.313068
8.76,8.519209
9.88,9.048768
8.59,8.780288
8.81,8.489286
8.94,8.209571
7.87,8.213604
9.06,8.691011
8.04,8.179462
8.15,7.941125
7.67,7.9297957
7.44,8.12633
7.97,8.235722
8.85,8.065725
7.81,8.120558
7.41,8.014408
7.75,8.166549
8.16,8.326215
8.13,8.632968
8.4,8.187744
8.82,8.725391
8.64,8.51216
9.5,8.798864
8.59,8.401218
8.18,8.479107
9.27,8.595449
7.8,7.911766
7.95,8.027882
8.24,8.154018
8.51,8.640159
9.07,8.924218
7.1,8.109693
6.65,7.540049
9.36,8.797532
8.76,8.997759
8.63,8.495428
8.87,8.495803
9.39,8.446364
7.32,7.794731
8.44,8.398268
8.86,8.301923
7.39,7.774546
8.27,8.167105
8.82,8.466182
7.82,8.026336
7.7,7.916136
7.88,8.336743
6.86,7.464261
7.67,8.022744
8.02,8.332294
6.23,7.5029306
7.96,7.6361566
8.38,8.564875
8.93,8.519917
9.41,8.762981
7.44,7.8965836
8.54,8.459919
9.3,9.007379
8.68,8.471784
8.51,8.953594
9.01,8.5000305
7.93,8.321561
8.04,8.384661
8.31,8.320477
9.19,8.352091
8.53,8.462069
7.38,8.0979185
8.51,8.510362
7.8,8.09017
9.52,8.415299
7.99,8.186125
8.93,8.722195
8.83,8.794757
8.56,8.336058
8.192,8.506114
8.002,8.515863
8.558,8.253642
7.57,8.206524
8.784,8.660383
8.068,8.302183
9.286,8.507518
8.561,8.409323
8.624,8.760465
9.198,8.529726
8.18,7.9854174
8.402,8.447497
7.203,7.697238
7.585,7.9092007
8.512,8.549145
9.273,8.9026575
9.37,8.690277
9.086,8.928148
7.533,8.32669
8.621,8.70123
8.997,8.576822
8.012,8.025558
8.185,8.376757
8.16,8.238401
7.67,8.427716
8.593,8.366338
8.58,8.50015
6.547,7.1296177
7.963,8.515798
8.965,8.884474
8.436,9.092459
9.045,8.623494
8.982,9.164618
9.768,8.719037
8.805,8.6511755
7.649,8.298764
9.388,8.375064
6.965,7.836629
8.537,8.1261425
7.765,7.9342833
8.897,8.470711
8.983,8.760073
8.624,8.49552
8.808,8.585995
8.32,8.435065
8.378,8.44994
8.267,8.395677
8.619,8.568784
7.567,8.090256
6.759,7.72006
9.541,8.480485
7.544,8.36825
8.954,8.737389
8.199,8.219713
8.906,8.607737
8.302,8.3176155
8.064,8.271189
8.041,8.495623
7.948,8.097685
8.675,8.509829
8.112,8.513522
9.359,8.798044
9.32,8.857425
9.632,8.995401
8.688,8.961665
8.45,8.207548
8.365,8.841247
9.25,8.573345
8.018,8.52976
8.424,8.57951
8.519,8.371417
7.89,7.8309546
7.944,8.098331
8.77,8.723491
7.379,8.148851
8.799,8.384287
8.641,8.826873
8.504,8.462069
8.414,8.38068
8.752,8.894041
8.565,8.565016
9.189,9.044092
8.382,8.323473
8.8,8.490866
7.039,8.067147
8.008,8.271436
8.245,8.408318
8.329,8.169499
8.289,8.287574
8.517,8.30419
8.204,8.445578
8.224,8.326545
8.176,8.255336
8.135,8.246049
8.197,8.319655
7.999,8.058311
8.103,8.325636
8.264,8.31213
8.15,8.212566
7.991,8.193413
8.172,8.275205
8.013,8.20791
8.128,8.207727
8.274,8.165742
8.156,8.047062
8.134,8.202599
8.277,8.102098
8.017,8.069951
8.163,8.115395
8.205,8.041963
8.175,8.124694
8.122,8.0943165
8.446,8.274489
8.128,8.258989
8.33,8.234602
8.105,8.229097
8.238,8.342891
8.172,8.231825
8.115,8.240475
8.372,8.339789
8.106,8.366493
8.192,8.166377
8.211,8.302162
8.163,8.266558
8.239,8.270177
8.279,8.242004
8.245,8.189135
8.254,8.27001
7.938,8.279957
8.125,8.25951
8.204,8.344231
8.452,8.239096
8.082,8.37045
8.315,8.359221
8.122,8.262695
8.193,8.373607
8.062,8.386034
8.571,8.426628
8.33,8.678118
7.744,8.165491
8.375,8.4299135
9.193,8.515397
7.935,7.767584
9.106,8.489555
7.958,8.144882
8.716,8.066679
8.529,8.305185
8.197,8.063232
8.51,8.507445
8.071,8.374452
7.891,8.339327
7.795,8.214054
7.698,7.861784
8.11,8.495495
7.638,8.280092
7.785,8.018021
8.01,8.061367
8.054,8.368351
7.88,7.9449325
7.863,7.7737265
7.949,7.822451
8.409,8.471924
7.685,8.076326
8.697,8.347126
7.991,8.333681
8.763,8.710464
8.92,8.488251
7.888,8.56119
7.825,8.417916
8.744,8.493805
9.17,8.348024
8.024,7.772657
7.808,8.346551
8.397,8.398075
9.136,8.546528
8.421,8.803026
8.825,8.546095
8.915,8.834891
8.738,8.358166
8.436,8.705032
8.658,8.804447
8.393,8.792114
8.999,8.90265
8.457,8.163533
8.054,8.065192
8.631,8.707993
8.832,8.897914
8.299,8.483445
8.933,8.974022
8.999,8.687735
8.877,8.872103
7.984,8.452284
7.966,8.323027
6.696,7.548459
8.208,7.9901466
7.884,7.93497
7.153,7.923971
8.375,8.278088
7.952,8.308386
7.72,7.643529
7.589,7.6587
7.406,7.5589204
7.685,8.013997
8.075,8.053778
9.064,8.351234
7.98,8.181782
8.368,8.058045
8.798,8.383848
7.972,8.170704
7.946,8.249837
7.47,7.830683
7.837,8.008527
7.869,8.009345
8.637,8.7172
8.425,8.535857
8.463,8.572322
8.371,8.441556
8.682,8.372728
8.775,8.714488
8.402,8.335911
7.88,8.121407
8.327,8.280191
8.133,8.180916
8.213,8.135107
7.954,8.257272
8.088,7.789764
8.402,7.983769
8.382,8.360432
8.359,8.20759
8.282,8.00845
8.245,8.089912
8.266,8.204174
8.327,8.275055
8.296,8.3556385
7.917,8.385818
8.354,8.418407
8.055,8.317439
8.173,8.226601
7.701,8.101766
8.296,8.368149
7.867,8.146465
8.069,8.385412
7.942,8.34318
8.502,8.631797
8.57,8.602779
8.315,8.420433
7.598,7.9026275
8.116,8.221014
8.534,8.401779
8.436,8.021299
7.822,8.112107
8.036,7.971291
8.064,8.123737
7.432,7.902692
7.819,8.152807
9.325,8.840841
8.031,8.4238205
7.898,7.986934
8.846,8.297294
8.199,8.542118
8.123,8.007187
8.488,8.368897
8.552,8.461393
8.058,8.116211
8.278,8.049103
8.826,8.2740965
7.955,8.232914
8.167,8.117478
8.368,8.440001
8.349,8.338897
8.651,8.429278
8.046,8.05712
7.285,7.5187693
8.07,8.035277
7.65,7.727362
8.575,8.44063
8.067,8.394495
7.675,8.031081
7.582,8.095833
7.791,7.9422626
7.853,8.27276
7.893,8.223339
7.896,8.184238
8.165,8.2074585
8.141,8.340212
7.41,7.580714
7.846,7.9135084
7.461,7.798101
8.354,8.388308
7.989,8.424803
8.744,8.672764
7.503,7.7957563
8.461,8.314178
8.255,8.380873
8.572,8.192582
7.885,7.885979
8.039,7.9495316
7.292,7.6347632
7.207,7.6801085
8.979,8.488497
8.146,7.957181
7.941,7.788586
8.302,8.463445
8.348,8.340373
8.075,8.038215
7.89,8.427068
7.87,7.7054524
7.841,7.87524
8.426,8.143
8.37,7.994117
8.097,8.343128
8.93,8.408436
7.838,7.973482
7.7,7.712138
7.249,7.6311345
9.208,8.319423
7.74,7.9398108
7.742,8.06499
8.145,8.349392
8.833,8.177073
7.68,8.110007
7.555,7.9627485
8.949,8.301317
8.466,8.25233
8.275,7.9779787
7.364,7.772215
7.463,7.662075
8.612,8.323388
8.66,8.609807
7.772,7.7875924
8.427,8.58425
8.092,8.090268
7.201,7.773942
7.831,8.275107
8.462,8.328239
7.154,7.8521667
8.296,8.290369
8.281,8.220109
7.472,7.9192696
8.944,8.343353
8.439,8.248093
7.675,8.161666
9.011,8.675004
8.493,8.237141
7.144,7.715934
7.644,8.010422
8.796,8.377065
8.468,8.392553
7.932,8.171084
7.976,8.114621
8.753,8.2295065
8.673,8.263226
7.598,8.023692
7.865,8.137911
8.703,8.242677
7.788,8.0885
7.42,7.8716946
7.98,7.827544
8.577,8.111427
9.137,8.400353
7.922,8.270822
8.307,8.413628
8.387,8.522917
8.369,8.264227
8.332,8.401953
8.021,8.30167
7.379,8.220288
8.875,8.501218
7.886,8.057102
7.651,7.683148
7.238,7.916641
6.96,7.8145275
8.294,8.48316
7.826,8.364988
8.751,8.633974
8.569,7.9633102
8.015,7.8788166
8.332,8.023514
8.817,8.70669
7.998,8.197363
7.845,8.065835
8.468,8.472328
8.718,8.414922
8.489,8.420649
8.039,8.448351
8.51,8.084671
8.943,8.367969
8.599,8.627583
8.634,8.311369
7.834,8.156653
7.805,7.7607336
8.95,8.457273
8.59,8.220152
7.7,8.00852
7.658,7.8733363
8.034,7.7773924
7.292,8.0873
7.798,7.9145637
9.028,8.1436825
8.827,8.400866
7.674,7.8168793
8.612,8.257009
8.511,8.535804
8.56,8.398604
8.27,8.380848
8.46,8.39193
8.5,8.480354
8.24,8.264199
8.56,8.197782
8.41,8.227958
8.5,8.342743
8.4,8.3352375
8.46,8.455978
8.45,8.323092
8.25,8.209984
7.91,8.322754
5.64,7.592025
6.69,7.430047
8.48,8.577785
8.29,8.274282
9.46,8.486263
9.71,8.513619
8.62,8.408757
9.02,8.3915205
8.21,8.054293
8.62,8.573366
8.63,8.56374
8.25,8.184198
7.96,8.260266
8.38,8.471929
8.06,8.036056
9.01,8.579929
7.86,8.459784
8.8,8.636105
8.9,8.471454
9.31,8.379959
8.71,8.5824585
9.21,8.663458
8.93,8.544718
9.11,8.4685
7.84,8.09059
7.71,7.7163987
8.92,8.739296
8.44,8.76226
9.38,8.428013
9.12,8.548502
8.83,8.823191
8.66,8.6233425
8.46,8.416995
9.11,8.564845
8.98,8.536959
7.79,7.7667394
8.16,8.274073
8.53,8.35611
9.29,8.620907
8.62,8.389648
8.63,8.30601
8.06,8.25435
8.71,8.35411
9.03,8.412454
8.0,8.504328
9.02,8.781466
9.12,8.528501
9.24,8.577278
7.87,8.200867
8.4,8.281889
8.71,8.553289
8.79,8.482939
8.08,8.126776
8.04,8.358484
8.14,8.145903
9.18,8.668658
8.63,8.859109
9.16,8.877401
9.06,9.062199
8.73,8.774885
7.89,8.497704
8.93,8.28701
7.12,7.7359166
7.38,8.341543
8.55,8.511407
8.06,8.442796
8.55,8.991975
8.59,8.58043
9.19,8.898053
8.89,8.537303
8.3,8.353262
8.1,8.55932
8.31,8.483793
9.4,8.398009
8.52,8.474826
7.14,7.304101
8.62,8.338905
9.06,8.949052
9.12,9.086
9.37,8.525852
8.17,8.428647
9.92,9.145071
8.81,8.734697
7.71,7.6299963
8.78,8.503477
8.78,8.763657
8.73,8.655379
9.35,8.563093
8.14,8.301277
9.28,8.604062
8.34,8.401605
8.51,8.536867
8.39,8.326545
8.53,8.476214
8.28,8.280891
8.51,8.42975
8.2,8.061853
8.6,8.367276
8.46,8.3277235
8.34,8.232979
8.32,8.14767
8.43,8.408165
8.35,8.25412
8.18,8.276684
8.18,8.194084
8.17,8.288017
8.16,8.239549
8.16,8.321664
8.234,8.238263
7.487,7.6508026
7.545,7.7802587
9.175,8.940488
6.194,7.1555347
7.481,7.848217
8.732,8.775869
7.494,8.356218
8.417,8.495019
7.56,7.5841255
8.182,8.552275
9.044,8.5085945
8.475,8.218648
7.683,8.175139
8.666,8.258656
8.392,8.161035
7.578,7.761108
8.189,8.225468
8.182,8.039339
8.985,8.280968
8.245,8.2097
7.386,8.023446
7.186,8.246607
6.25,7.4033813
8.795,8.728838
9.05,8.629745
8.651,8.242132
9.026,8.508875
8.818,8.478263
9.422,8.846025
9.613,9.074064
9.029,8.580413
8.205,8.285055
8.973,8.3021965
8.133,8.329841
8.599,8.597996
7.466,7.6292257
9.675,8.595991
9.378,8.9911175
9.513,8.9252
9.129,8.95268
9.103,8.832582
9.087,8.9155445
8.526,8.398395
10.254,8.603584
8.804,8.490223
8.887,8.377515
8.224,7.8605223
7.786,8.099397
7.43,8.251696
8.167,8.257643
8.313,8.346701
8.303,8.5096245
8.743,8.933149
8.248,8.361565
9.835,8.862498
9.125,8.479591
8.856,8.782144
8.802,8.968167
8.013,8.433554
8.686,8.300048
8.468,8.384661
7.261,7.768013
8.23,8.369646
8.196,8.359657
7.415,8.701769
8.933,8.980966
8.965,8.760923
10.031,9.127055
9.44,8.575841
8.86,8.504598
7.865,8.018577
7.944,7.8902035
7.246,8.478146
9.413,9.011466
9.267,8.566309
7.737,7.9653406
9.047,8.583384
7.339,7.3340445
7.264,8.032718
8.014,8.171362
7.88,8.287987
7.684,8.02653
7.761,7.7502813
7.869,8.055206
6.98,7.387881
7.71,7.7666473
8.778,8.315313
8.245,8.143062
8.352,8.167589
7.728,8.129471
7.532,7.8895826
7.097,7.823344
7.399,8.381941
7.503,8.416708
8.405,8.6181965
7.73,7.7566366
8.31,8.553836
8.324,8.438751
8.611,8.453479
8.091,8.088852
8.461,8.384443
7.832,8.287141
8.42,8.380913
8.214,8.285036
8.025,8.381723
8.306,8.212369
8.083,8.193413
8.077,8.307742
8.246,8.325711
9.412,8.885721
9.037,8.763407
8.138,8.25676
8.141,8.221717
8.782,9.011208
9.285,8.95339
8.148,8.272334
8.095,8.04254
8.135,8.427849
8.387,8.42853
9.191,9.114216
9.212,8.993703
8.141,8.249294
8.376,8.246039
7.688,7.7539973
8.273,8.490017
8.259,8.34478
8.641,8.37578
8.947,8.305321
8.159,8.0680685
7.49,7.6670938
7.566,7.8175497
8.494,7.87953
8.521,8.192858
7.428,8.074703
8.482,8.402727
8.836,8.413863
8.041,8.13638
8.066,8.292093
8.398,8.150399
8.981,8.3520355
7.848,8.132858
7.086,7.831924
7.539,7.7919364
7.659,8.239418
8.873,8.584967
7.807,7.643488
7.407,7.5775814
8.672,8.655216
7.725,7.721156
8.586,8.753166
8.676,8.443071
8.827,8.79917
8.347,8.633945
10.054,8.563135
8.28,8.291647
8.296,8.322705
8.997,8.487971
8.773,8.389097
7.51,7.650444
8.515,8.411897
8.784,8.784782
8.938,8.882126
8.667,8.979404
9.139,8.545228
8.431,8.645025
8.758,8.468992
8.777,8.562779
8.423,8.616656
8.406,8.419201
8.284,8.220316
8.22,8.342779
8.209,7.94106
8.06,8.111473
8.041,7.827871
7.565,7.8975043
7.804,7.7874537
8.147,8.123813
8.077,8.148807
7.587,7.829348
7.446,7.452648
8.99,8.935821
8.888,8.4957485
8.466,8.334386
6.853,7.5437775
8.571,8.259773
8.317,8.094223
7.47,7.866635
8.302,8.144764
8.308,8.319666
8.298,8.001455
8.513,8.49373
8.044,7.9627953
7.875,7.9399605
8.371,8.474037
8.396,8.555151
8.286,8.371124
8.166,8.390893
8.26,8.548641
8.487,8.549028
8.966,8.792152
8.79,8.122611
7.229,8.016748
8.145,8.300135
8.769,8.239883
7.836,8.1096325
7.815,7.798011
8.716,8.327612
8.863,8.401876
8.126,7.979583
7.745,8.131298
7.363,8.14397
7.593,8.019084
7.932,7.89106
7.646,7.7424726
8.508,8.150187
8.881,8.419201
8.193,8.031782
7.827,7.7645617
8.309,8.042442
8.234,7.841971
7.811,8.400386
8.17,7.9431524
7.408,7.835685
8.275,8.158318
8.415,8.360245
8.637,8.470452
8.1,7.9868774
7.469,7.8715763
7.323,8.021162
7.469,7.966377
8.375,8.346922
7.924,8.335028
7.924,8.035288
8.26,7.7718096
8.503,8.040605
7.789,7.8976345
8.258,8.018259
8.568,8.143287
8.484,8.0661335
8.05,7.908102
8.478,8.530124
8.799,8.329068
7.695,7.866801
7.757,8.16941
8.041,7.867111
8.128,7.982088
7.914,8.029758
7.917,8.065432
8.281,8.024626
8.668,8.501708
8.139,8.322351
8.51,8.317335
8.087,8.143005
8.373,8.291234
7.958,8.123019
7.373,7.9407573
8.34,8.334821
8.21,7.753297
7.45,7.8287363
8.139,8.087649
7.78,8.469631
7.302,7.6188455
7.458,7.5947247
8.178,8.299423
6.485,7.7760468
9.232,8.6288395
8.816,8.199725
7.711,7.9988027
8.215,7.870287
8.354,7.9456987
7.61,7.6244993
8.13,8.273863
7.661,7.777692
9.053,8.410931
7.651,7.946626
8.364,8.178652
8.223,8.136015
7.931,8.134189
7.851,8.380125
8.157,8.150979
7.803,8.01971
7.475,8.081751
7.584,7.7698836
8.471,8.380432
8.27,7.8492746
9.17,8.657571
8.528,7.9312844
7.763,8.189474
8.551,8.5072155
8.307,8.104313
7.777,8.258417
8.669,8.166375
8.304,8.370014
7.883,8.196029
7.902,7.964364
7.634,7.993143
7.965,8.095612
7.84,7.807027
8.599,8.13603
8.435,8.110478
7.463,7.8592706
7.526,7.5906844
7.583,8.150387
8.132,8.084089
8.007,8.286752
7.828,8.394551
8.355,8.36601
8.281,7.8424377
8.096,8.222857
8.017,8.11101
7.913,8.117937
7.825,8.07139
7.725,7.8167996
8.123,7.8422933
7.834,8.006977
8.142,7.889616
7.68,7.9449344
7.815,7.880409
7.558,7.8929143
7.613,7.91743
8.196,8.0389595
7.832,8.112084
8.045,8.27948
8.294,8.4300585
7.85,8.171185
8.484,8.509914
8.916,8.391525
7.263,7.3463435
8.157,8.476735
8.917,8.418995
8.42,8.350252
9.227,8.805207
9.006,8.719719
9.299,8.533263
9.032,8.460312
9.122,8.596741
7.89,8.17428
7.312,8.055977
7.919,7.7015567
7.621,7.7924423
8.847,8.730931
7.851,8.573568
8.865,9.079817
8.614,8.38854
8.989,8.686665
8.302,8.354734
8.426,8.718103
8.504,8.76212
8.235,8.412254
7.854,8.107147
8.117,8.413305
8.466,8.84002
8.485,8.442508
8.725,9.016779
7.859,8.347295
8.885,9.027903
8.646,8.621357
8.133,8.263171
8.659,8.45043
8.371,8.30629
8.355,8.088478
8.011,8.116038
8.304,8.275863
8.28,8.362378
8.778,8.352388
8.388,8.335911
9.063,8.60378
8.238,8.608456
9.286,8.916841
7.992,8.717238
8.703,8.773342
9.813,9.147749
8.804,8.591577
8.58,8.790132
8.426,8.319003
8.481,7.6478047
8.465,8.301995
8.369,7.9346066
8.254,8.156112
8.294,8.461785
8.227,8.279741
8.379,8.336004
8.008,8.138216
8.441,8.441556
8.231,8.293948
8.097,8.237253
8.485,8.494262
8.792,8.526492
9.089,9.068046
10.046,8.453757
8.519,8.837295
10.195,8.844532
8.596,8.778414
6.796,7.7968535
7.638,8.033657
8.255,8.257049
7.88,7.8668404
8.718,8.748371
8.738,8.486217
9.563,9.045555
8.544,8.404728
8.846,8.611833
8.638,8.487497
8.196,7.864571
6.917,7.824842
7.738,8.070088
8.415,8.216768
8.251,8.458989
8.904,8.789974
8.237,8.352388
8.294,8.865433
8.582,8.37045
8.695,8.239954
8.251,8.42059
8.195,8.210762
8.384,8.398005
8.605,8.547581
8.33,8.235197
7.763,8.120368
7.291,7.7469425
9.089,8.476569
10.389,9.17868
8.568,8.289533
9.07,8.919867
9.018,8.508137
8.314,8.449357
7.453,8.262842
8.912,8.362178
7.532,7.8070455
9.617,8.431703
8.578,8.871169
10.612,9.305297
9.509,9.107479
9.405,8.70718
7.533,8.252644
8.02,8.127493
6.456,7.243064
10.553,9.279025
7.846,7.510433
9.293,8.981995
8.555,8.475094
9.225,8.869552
8.177,8.528275
8.752,8.719908
9.321,8.899134
8.603,8.313276
8.112,7.850064
8.553,8.433881
9.357,8.558818
7.287,8.329605
9.676,8.826506
8.665,8.506297
8.757,8.407565
8.595,8.464386
8.296,8.186775
8.512,8.210579
8.145,8.168365
8.145,8.307188
7.953,8.189132
8.141,8.311994
7.892,8.01008
8.547,8.362468
8.14,8.236677
6.885,7.905155
7.162,7.539938
9.292,8.89859
9.195,8.5613785
8.769,8.391927
8.462,8.325338
9.008,8.441898
7.805,8.290177
8.5626,8.330628
8.2486,8.260106
8.521,8.378074
8.2664,8.37023
8.1781,8.283193
8.2085,8.31907
8.3517,8.332087
8.3996,8.236492
8.3516,8.378224
8.4914,8.321853
8.4233,8.329017
8.5168,8.242296
7.963,8.052806
8.2011,8.073275
8.0679,8.12236
8.0796,7.9063935
8.1584,8.21878
8.3898,8.080696
8.4159,8.299298
7.8851,8.10026
8.2211,7.9371715
8.4048,8.292058
7.856,7.9441013
7.6304,7.763528
7.666,7.928342
8.2028,8.218279
8.1887,8.09357
8.4298,8.522143
8.191,8.432458
8.266,8.104494
8.2793,7.806159
8.3965,8.055074
8.432,8.011821
8.0494,7.8456674
8.1648,8.0321665
8.3914,8.128657
7.9795,7.736841
7.6999,7.7768044
8.1719,7.969875
8.3402,8.31242
8.5281,8.228453
8.1015,8.186359
7.756,8.080906
7.8672,8.020088
7.9973,8.001379
8.6794,8.0335455
8.325,8.122884
7.9738,8.034752
8.2155,8.082094
8.1112,7.7098956
8.3526,8.143949
8.2869,8.330036
7.9131,8.213976
8.27,8.167429
8.599,8.575284
8.283,8.527849
8.933,8.703139
8.866,8.659161
8.69,8.314686
7.86,7.8446574
8.38,8.064785
8.073,8.121098
7.605,8.330272
8.531,8.204159
8.354,8.125522
7.402,7.8971853
8.011,8.002781
8.412,8.185623
8.135,8.080477
8.353,8.313033
8.075,8.103384
8.114,8.222702
7.283,7.907584
7.901,8.079716
7.802,8.053004
8.613,8.212311
7.743,8.513393
8.828,8.590995
7.997,8.4662
9.074,8.444808
6.757,7.3408175
7.777,8.126293
8.619,8.009878
7.565,7.82121
7.923,8.0945
8.424,8.35789
8.374,8.536573
7.633,8.255358
8.166,8.057861
7.694,8.059017
7.514,8.01063
7.477,7.8481545
8.247,8.231961
6.294,7.20448
7.206,7.530551
8.537,8.479934
8.204,8.124903
7.918,8.311777
8.612,8.403812
8.46,8.450199
8.748,8.422145
9.03,8.540496
8.553,8.233127
8.108,8.159837
9.233,8.6630125
9.063,8.400769
7.381,7.6556435
8.211,8.214981
7.426,7.7026987
7.852,7.786581
7.96,8.268773
8.619,8.553515
8.085,8.180204
8.221,8.041296
8.886,8.191402
8.97,8.488356
8.774,8.188707
7.947,8.088972
8.519,8.155148
7.786,8.071414
8.642,8.303882
7.468,7.7319083
7.227,7.648635
8.562,8.434992
7.38,7.6299458
7.585,7.985978
7.53,7.8902225
8.017,8.293725
8.221,8.03727
8.463,8.245166
8.445,8.260178
8.033,7.7767477
7.824,7.74464
7.837,8.17429
7.742,7.994985
7.283,8.180668
7.578,7.910792
8.09,8.114196
7.822,8.15601
8.186,8.124273
8.404,8.322366
8.092,7.9274335
8.486,7.9329524
8.309,8.128228
8.025,7.799902
7.899,8.363613
