h_shift,res_index,dx_n_2,dy_n_2,dz_n_2,metric_n_2,dx_n_3,dy_n_3,dz_n_3,metric_n_3,dx_n_4,dy_n_4,dz_n_4,metric_n_4,dx_n_5,dy_n_5,dz_n_5,metric_n_5,dx_n_6,dy_n_6,dz_n_6,metric_n_6,dx_n_7,dy_n_7,dz_n_7,metric_n_7,dx_n_8,dy_n_8,dz_n_8,metric_n_8,dx_n_9,dy_n_9,dz_n_9,metric_n_9,dx_n_10,dy_n_10,dz_n_10,metric_n_10,dx_n_11,dy_n_11,dz_n_11,metric_n_11,dx_n_12,dy_n_12,dz_n_12,metric_n_12,dx_n_13,dy_n_13,dz_n_13,metric_n_13,dx_n_14,dy_n_14,dz_n_14,metric_n_14,dx_n_15,dy_n_15,dz_n_15,metric_n_15,dx_n_16,dy_n_16,dz_n_16,metric_n_16,dx_n_17,dy_n_17,dz_n_17,metric_n_17,dx_n_18,dy_n_18,dz_n_18,metric_n_18,dx_n_19,dy_n_19,dz_n_19,metric_n_19,dx_n_20,dy_n_20,dz_n_20,metric_n_20,dx_n_21,dy_n_21,dz_n_21,metric_n_21,dx_n_22,dy_n_22,dz_n_22,metric_n_22,dx_n_23,dy_n_23,dz_n_23,metric_n_23,dx_n_24,dy_n_24,dz_n_24,metric_n_24,dx_n_25,dy_n_25,dz_n_25,metric_n_25,is_C_n_2,is_CA_n_2,is_CR_n_2,is_CT_n_2,is_CW_n_2,is_H_n_2,is_H1_n_2,is_HA_n_2,is_HC_n_2,is_HO_n_2,is_HS_n_2,is_N_n_2,is_N3_n_2,is_NB_n_2,is_NH1_n_2,is_NH2_n_2,is_O_n_2,is_OH_n_2,is_S_n_2,is_SH_n_2,is_C_n_3,is_CA_n_3,is_CR_n_3,is_CT_n_3,is_CW_n_3,is_H_n_3,is_H1_n_3,is_HA_n_3,is_HC_n_3,is_HO_n_3,is_HS_n_3,is_N_n_3,is_N3_n_3,is_NB_n_3,is_NH1_n_3,is_NH2_n_3,is_O_n_3,is_OH_n_3,is_S_n_3,is_SH_n_3,is_C_n_4,is_CA_n_4,is_CR_n_4,is_CT_n_4,is_CW_n_4,is_H_n_4,is_H1_n_4,is_HA_n_4,is_HC_n_4,is_HO_n_4,is_HS_n_4,is_N_n_4,is_N3_n_4,is_NB_n_4,is_NH1_n_4,is_NH2_n_4,is_O_n_4,is_OH_n_4,is_S_n_4,is_SH_n_4,is_C_n_5,is_CA_n_5,is_CR_n_5,is_CT_n_5,is_CW_n_5,is_H_n_5,is_H1_n_5,is_HA_n_5,is_HC_n_5,is_HO_n_5,is_HS_n_5,is_N_n_5,is_N3_n_5,is_NB_n_5,is_NH1_n_5,is_NH2_n_5,is_O_n_5,is_OH_n_5,is_S_n_5,is_SH_n_5,is_C_n_6,is_CA_n_6,is_CR_n_6,is_CT_n_6,is_CW_n_6,is_H_n_6,is_H1_n_6,is_HA_n_6,is_HC_n_6,is_HO_n_6,is_HS_n_6,is_N_n_6,is_N3_n_6,is_NB_n_6,is_NH1_n_6,is_NH2_n_6,is_O_n_6,is_OH_n_6,is_S_n_6,is_SH_n_6,is_C_n_7,is_CA_n_7,is_CR_n_7,is_CT_n_7,is_CW_n_7,is_H_n_7,is_H1_n_7,is_HA_n_7,is_HC_n_7,is_HO_n_7,is_HS_n_7,is_N_n_7,is_N3_n_7,is_NB_n_7,is_NH1_n_7,is_NH2_n_7,is_O_n_7,is_OH_n_7,is_S_n_7,is_SH_n_7,is_C_n_8,is_CA_n_8,is_CR_n_8,is_CT_n_8,is_CW_n_8,is_H_n_8,is_H1_n_8,is_HA_n_8,is_HC_n_8,is_HO_n_8,is_HS_n_8,is_N_n_8,is_N3_n_8,is_NB_n_8,is_NH1_n_8,is_NH2_n_8,is_O_n_8,is_OH_n_8,is_S_n_8,is_SH_n_8,is_C_n_9,is_CA_n_9,is_CR_n_9,is_CT_n_9,is_CW_n_9,is_H_n_9,is_H1_n_9,is_HA_n_9,is_HC_n_9,is_HO_n_9,is_HS_n_9,is_N_n_9,is_N3_n_9,is_NB_n_9,is_NH1_n_9,is_NH2_n_9,is_O_n_9,is_OH_n_9,is_S_n_9,is_SH_n_9,is_C_n_10,is_CA_n_10,is_CR_n_10,is_CT_n_10,is_CW_n_10,is_H_n_10,is_H1_n_10,is_HA_n_10,is_HC_n_10,is_HO_n_10,is_HS_n_10,is_N_n_10,is_N3_n_10,is_NB_n_10,is_NH1_n_10,is_NH2_n_10,is_O_n_10,is_OH_n_10,is_S_n_10,is_SH_n_10,is_C_n_11,is_CA_n_11,is_CR_n_11,is_CT_n_11,is_CW_n_11,is_H_n_11,is_H1_n_11,is_HA_n_11,is_HC_n_11,is_HO_n_11,is_HS_n_11,is_N_n_11,is_N3_n_11,is_NB_n_11,is_NH1_n_11,is_NH2_n_11,is_O_n_11,is_OH_n_11,is_S_n_11,is_SH_n_11,is_C_n_12,is_CA_n_12,is_CR_n_12,is_CT_n_12,is_CW_n_12,is_H_n_12,is_H1_n_12,is_HA_n_12,is_HC_n_12,is_HO_n_12,is_HS_n_12,is_N_n_12,is_N3_n_12,is_NB_n_12,is_NH1_n_12,is_NH2_n_12,is_O_n_12,is_OH_n_12,is_S_n_12,is_SH_n_12,is_C_n_13,is_CA_n_13,is_CR_n_13,is_CT_n_13,is_CW_n_13,is_H_n_13,is_H1_n_13,is_HA_n_13,is_HC_n_13,is_HO_n_13,is_HS_n_13,is_N_n_13,is_N3_n_13,is_NB_n_13,is_NH1_n_13,is_NH2_n_13,is_O_n_13,is_OH_n_13,is_S_n_13,is_SH_n_13,is_C_n_14,is_CA_n_14,is_CR_n_14,is_CT_n_14,is_CW_n_14,is_H_n_14,is_H1_n_14,is_HA_n_14,is_HC_n_14,is_HO_n_14,is_HS_n_14,is_N_n_14,is_N3_n_14,is_NB_n_14,is_NH1_n_14,is_NH2_n_14,is_O_n_14,is_OH_n_14,is_S_n_14,is_SH_n_14,is_C_n_15,is_CA_n_15,is_CR_n_15,is_CT_n_15,is_CW_n_15,is_H_n_15,is_H1_n_15,is_HA_n_15,is_HC_n_15,is_HO_n_15,is_HS_n_15,is_N_n_15,is_N3_n_15,is_NB_n_15,is_NH1_n_15,is_NH2_n_15,is_O_n_15,is_OH_n_15,is_S_n_15,is_SH_n_15,is_C_n_16,is_CA_n_16,is_CR_n_16,is_CT_n_16,is_CW_n_16,is_H_n_16,is_H1_n_16,is_HA_n_16,is_HC_n_16,is_HO_n_16,is_HS_n_16,is_N_n_16,is_N3_n_16,is_NB_n_16,is_NH1_n_16,is_NH2_n_16,is_O_n_16,is_OH_n_16,is_S_n_16,is_SH_n_16,is_C_n_17,is_CA_n_17,is_CR_n_17,is_CT_n_17,is_CW_n_17,is_H_n_17,is_H1_n_17,is_HA_n_17,is_HC_n_17,is_HO_n_17,is_HS_n_17,is_N_n_17,is_N3_n_17,is_NB_n_17,is_NH1_n_17,is_NH2_n_17,is_O_n_17,is_OH_n_17,is_S_n_17,is_SH_n_17,is_C_n_18,is_CA_n_18,is_CR_n_18,is_CT_n_18,is_CW_n_18,is_H_n_18,is_H1_n_18,is_HA_n_18,is_HC_n_18,is_HO_n_18,is_HS_n_18,is_N_n_18,is_N3_n_18,is_NB_n_18,is_NH1_n_18,is_NH2_n_18,is_O_n_18,is_OH_n_18,is_S_n_18,is_SH_n_18,is_C_n_19,is_CA_n_19,is_CR_n_19,is_CT_n_19,is_CW_n_19,is_H_n_19,is_H1_n_19,is_HA_n_19,is_HC_n_19,is_HO_n_19,is_HS_n_19,is_N_n_19,is_N3_n_19,is_NB_n_19,is_NH1_n_19,is_NH2_n_19,is_O_n_19,is_OH_n_19,is_S_n_19,is_SH_n_19,is_C_n_20,is_CA_n_20,is_CR_n_20,is_CT_n_20,is_CW_n_20,is_H_n_20,is_H1_n_20,is_HA_n_20,is_HC_n_20,is_HO_n_20,is_HS_n_20,is_N_n_20,is_N3_n_20,is_NB_n_20,is_NH1_n_20,is_NH2_n_20,is_O_n_20,is_OH_n_20,is_S_n_20,is_SH_n_20,is_C_n_21,is_CA_n_21,is_CR_n_21,is_CT_n_21,is_CW_n_21,is_H_n_21,is_H1_n_21,is_HA_n_21,is_HC_n_21,is_HO_n_21,is_HS_n_21,is_N_n_21,is_N3_n_21,is_NB_n_21,is_NH1_n_21,is_NH2_n_21,is_O_n_21,is_OH_n_21,is_S_n_21,is_SH_n_21,is_C_n_22,is_CA_n_22,is_CR_n_22,is_CT_n_22,is_CW_n_22,is_H_n_22,is_H1_n_22,is_HA_n_22,is_HC_n_22,is_HO_n_22,is_HS_n_22,is_N_n_22,is_N3_n_22,is_NB_n_22,is_NH1_n_22,is_NH2_n_22,is_O_n_22,is_OH_n_22,is_S_n_22,is_SH_n_22,is_C_n_23,is_CA_n_23,is_CR_n_23,is_CT_n_23,is_CW_n_23,is_H_n_23,is_H1_n_23,is_HA_n_23,is_HC_n_23,is_HO_n_23,is_HS_n_23,is_N_n_23,is_N3_n_23,is_NB_n_23,is_NH1_n_23,is_NH2_n_23,is_O_n_23,is_OH_n_23,is_S_n_23,is_SH_n_23,is_C_n_24,is_CA_n_24,is_CR_n_24,is_CT_n_24,is_CW_n_24,is_H_n_24,is_H1_n_24,is_HA_n_24,is_HC_n_24,is_HO_n_24,is_HS_n_24,is_N_n_24,is_N3_n_24,is_NB_n_24,is_NH1_n_24,is_NH2_n_24,is_O_n_24,is_OH_n_24,is_S_n_24,is_SH_n_24,is_C_n_25,is_CA_n_25,is_CR_n_25,is_CT_n_25,is_CW_n_25,is_H_n_25,is_H1_n_25,is_HA_n_25,is_HC_n_25,is_HO_n_25,is_HS_n_25,is_N_n_25,is_N3_n_25,is_NB_n_25,is_NH1_n_25,is_NH2_n_25,is_O_n_25,is_OH_n_25,is_S_n_25,is_SH_n_25
8.118,0,0.7449457869385455,-0.4215407721631324,0.0200225911559217,0.6704695110862197,0.7796787655086999,-0.3081424980849534,0.0638068494403537,0.6438237036805139,0.8124769364660498,0.5204331888927121,0.0504088374048485,0.5326812604811679,0.6846233418178082,0.4302329929679339,0.2515633013386341,0.4365201116087479,0.534212627940439,0.7679124326471793,1.3607914976435385e-18,0.4207079030902673,0.3323943705452778,0.7318240170215468,-0.1233608507618316,0.4166838301386457,0.7544387147765663,0.4558678570357543,-0.1116420983311742,0.3731895945710199,0.635944837041675,0.0121814017244846,-0.2090671142618161,0.344121989023424,0.6546715899955848,0.4478381858737803,-0.1771213903858957,0.3390232069145956,0.7234323224821309,0.2060880644831576,-0.1317694461585553,0.3219065602653603,0.4575881030822269,0.8036364720895488,0.0643557029015086,0.314369102505528,0.6734187755106994,0.5322366282653099,-0.0978008540692287,0.3116513456272135,0.720674559994818,0.1181047159294111,-0.0325780127412776,0.3036027156646521,0.4875863237727086,0.7558723818352688,0.1158638404685474,0.2831401801863586,0.1892435799347444,0.7753145164529147,0.0361016481849855,0.2542706255923628,0.2977513223329538,0.8250908703414496,0.0407597105559288,0.2468953695598163,0.5247248974423834,0.2852295031990066,-0.230864360355395,0.1700857377854432,0.5018463165009919,0.3277339498002353,-0.2302268718725773,0.1586824523548381,-0.0337689610099653,0.7025591345661232,0.1990399907228738,0.1458602189214338,0.1637092790666174,0.9012235144001028,-0.0397868834401964,0.1287058968932559,-0.0473721617696835,0.6524953153134241,-0.1179328630936358,0.1240729825922989,0.0205039681484824,0.717863509690462,0.1241087368317205,0.1192301466669797,0.3419914548134796,0.3953592109538883,-0.3839405057547799,0.116153078144262,0.2628653188019115,0.5023466944489156,0.0059332124934485,0.1130435527895764,0,0,0,0,0,1,0,0,0,0,0,0,0,0,0,0,0,0,0,0,0,0,0,0,0,1,0,0,0,0,0,0,0,0,0,0,0,0,0,0,0,0,0,1,0,0,0,0,0,0,0,0,0,0,0,0,0,0,0,0,0,0,0,0,0,0,1,0,0,0,0,0,0,0,0,0,0,0,0,0,1,0,0,0,0,0,0,0,0,0,0,0,0,0,0,0,0,0,0,0,0,0,0,0,0,0,0,0,0,0,0,0,0,0,0,0,1,0,0,0,0,0,0,1,0,0,0,0,0,0,0,0,0,0,0,0,0,0,0,0,0,0,0,0,0,0,0,0,1,0,0,0,0,0,0,0,0,0,0,0,0,0,0,0,0,0,0,0,1,0,0,0,0,0,0,0,0,0,0,0,0,0,0,1,0,0,0,0,0,0,0,0,0,0,0,0,0,0,0,0,0,0,0,0,0,0,0,0,0,0,0,1,0,0,0,0,0,0,0,0,0,0,0,0,0,0,0,0,1,0,0,0,0,0,0,0,0,0,0,0,0,0,0,0,0,0,0,0,1,0,0,0,0,0,0,0,0,0,0,0,0,0,0,0,0,1,0,0,0,0,0,0,0,0,0,0,0,0,0,0,0,0,0,0,0,0,1,0,0,0,0,0,0,0,0,0,0,0,0,0,0,0,0,1,0,0,0,0,0,0,0,0,0,0,0,0,0,0,0,0,0,0,0,1,0,0,0,0,0,0,0,0,0,0,0,0,0,0,0,0,0,0,0,0,0,0,0,0,1,0,0,0,0,0,0,0,0,0,0,0,0,0,0,0,0,0,0,0,1,0,0,0,0,0,0,0,0,0,0,0,1,0,0,0,0,0,0,0,0,0,0,0,0,0,0,0,0,0,0,0,0,0,0,0,0,0,0,0,1,0,0,0,0,0,0,0,0,0,0,0,0,0,0,1,0,0,0,0,0,0,0,0,0,0,0,0,0,0,0,0,0,0,0,0,0,0,0,0,1,0,0,0,0,0,0,0,0,0,0,0,0,0,0,0,0,0,0,0,1,0,0,0,0,0,0,0,0,0,0,0
8.488,1,0.8863803850983109,0.4571589898680372,6.36057330033304e-18,0.5499477529155359,0.7981972967675329,-0.5943276383113281,-0.0026242843819109,0.5403599795948019,0.2517723022094493,0.8535646287566057,0.3845294763695357,0.4553539214075293,0.3756130699842278,-0.8646076162665199,0.3086918883835584,0.4546749061866409,0.0421820230512209,-0.9463639925818296,0.1950205831083719,0.4503973948861747,0.4803816251845159,0.86726655073325,0.0824628306137561,0.4460087104504414,0.0010552562972259,0.7988156203109735,-0.4867897296757776,0.4091591714818199,0.6197443719820017,-0.6159587791940053,-0.4546168590551825,0.3987477421437736,0.185501269348346,0.910102002307449,-0.2785861873962261,0.3987315137877592,0.2891197043629517,-0.6108131290641704,0.7072643387706006,0.3821110106394262,0.8959741272519643,-0.3933659735905426,0.1273504532284989,0.379463625915354,0.1822095070959083,-0.4754879513717568,0.777207450907308,0.3747784206333154,0.1281646760977433,-0.4886749563818191,0.791618259145707,0.3703703815132617,0.9421476609097612,0.2911836200813314,-0.1211596225025134,0.3692840745374792,0.4205326046922568,-0.5960044107361812,-0.5666712459885364,0.3644782234148142,0.0921885358881864,0.8042879787087586,-0.514402298264068,0.3552913286227827,0.2793429500644874,-0.9198258900397008,0.1865175347377013,0.3552622030047325,0.5825262918980053,-0.4889176788152365,-0.4873228372949608,0.3387202993512774,0.599210653982329,-0.5550716388239609,-0.5295399931897323,0.3268695151336344,0.519754035171637,0.8154378838459705,0.1461060503491043,0.3059758217663458,0.3883685209017831,-0.5282219815204805,0.6973288745936839,0.2795161649782183,-0.0293195776853133,0.936577110153142,-0.2098428391295438,0.2632837660035417,0.5690975031863603,0.6664908050183888,0.2697414823253973,0.2104866295335545,-0.100586467003484,0.8829803152665903,-0.0220210632411417,0.203154957571541,1,0,0,0,0,0,0,0,0,0,0,0,0,0,0,0,0,0,0,0,0,0,0,1,0,0,0,0,0,0,0,0,0,0,0,0,0,0,0,0,0,0,0,0,0,0,1,0,0,0,0,0,0,0,0,0,0,0,0,0,0,0,0,1,0,0,0,0,0,0,0,0,0,0,0,0,0,0,0,0,0,0,0,0,0,0,0,0,1,0,0,0,0,0,0,0,0,0,0,0,0,0,0,1,0,0,0,0,0,0,0,0,0,0,0,0,0,0,0,0,0,0,0,0,0,0,0,0,1,0,0,0,0,0,0,0,0,0,0,0,1,0,0,0,0,0,0,0,0,0,0,0,0,0,0,0,0,0,0,0,0,0,0,1,0,0,0,0,0,0,0,0,0,0,0,0,0,0,0,0,0,0,0,1,0,0,0,0,0,0,0,0,0,0,0,0,0,0,0,0,0,0,0,0,0,0,1,0,0,0,0,0,0,0,0,0,0,0,0,0,0,0,0,0,0,0,0,0,1,0,0,0,0,0,0,0,0,0,0,0,0,0,0,0,0,0,0,0,1,0,0,0,0,0,0,0,0,0,0,0,0,0,0,0,0,0,0,0,0,0,0,0,0,0,0,0,1,0,0,0,0,0,0,0,0,0,0,0,0,0,0,0,0,0,0,0,1,0,0,0,0,0,0,0,0,0,0,0,1,0,0,0,0,0,0,0,0,0,0,0,0,0,0,0,0,0,0,0,1,0,0,0,0,0,0,0,0,0,0,0,0,0,0,0,0,1,0,0,0,0,0,0,0,0,0,0,0,0,0,0,0,0,0,0,0,0,0,0,0,0,0,1,0,0,0,0,0,0,0,0,0,0,0,0,0,0,0,0,0,0,0,1,0,0,0,0,0,0,0,0,0,0,0,1,0,0,0,0,0,0,0,0,0,0,0,0,0,0,0,0,0,0,0,1,0,0,0,0,0,0,0,0,0,0,0,0,0,0,0,0,0,0,0,0,0,1,0,0,0,0,0,0,0,0,0,0,0,0,0,0,0,0,0,0,0,0,0,0,1,0,0,0,0,0,0,0,0,0,0,0
7.886,2,0.8838186389705255,0.4635509484989731,7.640009585184476e-18,0.5582604699329019,0.775913721791926,-0.5992844834533837,0.0250495062121016,0.5518098952405465,0.3588937965476194,-0.8418422260923144,0.3332665750931569,0.4588960073906347,0.4676159155863165,0.8651828829741124,-0.0110591013297393,0.4556692264179701,0.2905810352983621,0.8546787348359564,0.086063750988605,0.4446424022934528,0.1026897213563836,-0.9077176521193634,0.2314528458893171,0.4167798729705533,0.5771816013557133,-0.635123883427932,-0.4047618325383691,0.4086964207538535,0.2736036999667486,-0.5784078644331583,0.6940106092511009,0.3856843159284326,0.8552609460037282,-0.4159531231035343,0.1232958592161803,0.3850220836686605,0.3039506890238327,0.8289179617919729,0.0042196969236037,0.3846674954089389,0.1152718943457773,-0.4515131668732958,0.7962119893513079,0.3783556315401238,0.2109356494050485,-0.889339771406284,0.2506367248728668,0.3781392787393844,0.944455382354209,0.3027864155613493,-0.0452116505741772,0.3684807106367667,0.1306268890427589,-0.4344941354233962,0.804867983232102,0.3670388327536558,0.2856147539041583,0.8824655523190703,-0.1380074823821356,0.3622988781970743,0.1858520753670151,-0.6423275051909199,-0.6508852940839627,0.3338899795378637,0.3393693866290471,0.7652917487653412,-0.1091805115548285,0.326902592064584,0.2456205656652502,0.7122898939665119,0.0182914474902187,0.3251636738070879,0.3031410294689166,0.5703178167708636,0.1075823308055843,0.3188309012850608,0.5904263305026204,-0.5704275439785869,-0.5035796885098376,0.3164573490930235,0.0879919139449505,0.773436519678268,-0.5095966411261103,0.2910784551181661,0.1394648900363492,0.783000183436918,-0.0093377045080948,0.2885840432361111,0.4207105752338778,-0.5015672640503313,0.5944329653580626,0.2831295624450444,0.6480787170012013,-0.5358581070093735,-0.4454271822109052,0.2733940960842335,1,0,0,0,0,0,0,0,0,0,0,0,0,0,0,0,0,0,0,0,0,0,0,1,0,0,0,0,0,0,0,0,0,0,0,0,0,0,0,0,0,0,0,1,0,0,0,0,0,0,0,0,0,0,0,0,0,0,0,0,0,0,0,1,0,0,0,0,0,0,0,0,0,0,0,0,0,0,0,0,0,0,0,0,0,0,1,0,0,0,0,0,0,0,0,0,0,0,0,0,0,0,0,0,0,0,0,0,1,0,0,0,0,0,0,0,0,0,0,0,1,0,0,0,0,0,0,0,0,0,0,0,0,0,0,0,0,0,0,0,0,0,0,1,0,0,0,0,0,0,0,0,0,0,0,0,0,0,0,0,0,0,0,0,0,0,1,0,0,0,0,0,0,0,0,0,0,0,0,0,0,0,0,0,0,0,0,0,0,0,0,1,0,0,0,0,0,0,0,0,0,0,0,0,0,0,0,0,1,0,0,0,0,0,0,0,0,0,0,0,0,0,0,0,0,0,0,0,1,0,0,0,0,0,0,0,0,0,0,0,0,0,0,0,0,0,0,0,0,0,0,0,0,0,0,0,1,0,0,0,0,0,0,0,0,0,0,0,1,0,0,0,0,0,0,0,0,0,0,0,0,0,0,1,0,0,0,0,0,0,0,0,0,0,0,0,0,0,0,0,0,0,0,0,0,0,0,0,0,0,0,0,0,0,0,0,1,0,0,0,0,0,0,0,0,0,0,0,1,0,0,0,0,0,0,0,0,0,0,0,1,0,0,0,0,0,0,0,0,0,0,0,0,0,0,0,0,0,0,0,0,0,0,0,0,0,0,0,0,0,0,0,0,0,0,0,1,0,0,0,0,0,0,0,0,0,0,0,0,0,0,1,0,0,0,0,0,0,0,0,0,0,0,0,0,0,0,0,1,0,0,0,0,0,0,0,0,0,0,0,0,0,0,0,0,1,0,0,0,0,0,0,0,0,0,0,0,0,0,0,0,0,0,1,0,0,0,0,0,0,0,0,0,0,0,0,0,0,0,0,0,0,0,0,0,1,0,0,0,0,0,0,0,0,0,0,0,0,0,0
7.725,3,0.8539136917341639,0.5182349718266959,-2.9424031145588904e-17,0.5686816164000884,0.7866434237924506,-0.5909263514121686,-0.0202653050632561,0.5468168687124244,0.1775930549480337,0.9137245547427592,0.1506130900730586,0.4663353579715248,0.428610516549737,0.8808905134122149,0.0533368535032349,0.448316602250655,0.4387939233088694,-0.8186569401082899,0.1521422668017,0.4404456091048515,0.789826249322306,-0.4442723674622873,0.1170565970534897,0.4136126572160493,0.2088118239604711,-0.8856872328139984,0.1296263273351097,0.4090629853883271,0.6351402200819083,-0.5771830378478895,-0.3339960121545487,0.3968891787436066,0.2606790644108238,-0.3776129889974292,0.395622485593197,0.3933773220806438,0.9175674696482032,0.3551004626171111,-0.0729442672762252,0.3789607054739041,0.3430312596345807,-0.8278815247565217,0.0488052880684585,0.3730951448047329,0.3266064247812311,-0.4948503198238019,-0.3988891237407654,0.3615817075181377,0.3266944905890061,-0.6397355385644958,0.3446568018545645,0.35969127603056,0.3567493685727735,0.7921925918753514,0.1528588208040265,0.3584094480416191,0.5227268301731905,-0.4995036010651817,-0.4367894923748826,0.3559833767316212,0.279309223547774,0.8758738792633587,-0.1262335559953757,0.3510670422214669,0.2553673255484192,0.7765784189242306,-0.2904810846705816,0.3109768237202455,0.1437819945883314,0.6017361995024726,0.3294212963682562,0.2975559255417712,0.485208745702315,-0.5469888986933671,-0.4126409155877577,0.2777884905153586,0.1665067900313523,0.7791410757287356,-0.3617222041294674,0.2513667703921777,0.3542961322783494,0.723117381089452,0.0671955296520486,0.247757561874579,0.1482407878801912,0.6692335951823066,0.2014597619451457,0.2367767866600877,-0.3530942378151843,0.8400372699397325,-0.1343796248696949,0.1977018604177906,0.3362546317270091,-0.5371781019267071,0.3207306382493644,0.1801377431469548,1,0,0,0,0,0,0,0,0,0,0,0,0,0,0,0,0,0,0,0,0,0,0,1,0,0,0,0,0,0,0,0,0,0,0,0,0,0,0,0,0,0,0,0,0,0,1,0,0,0,0,0,0,0,0,0,0,0,0,0,0,0,0,1,0,0,0,0,0,0,0,0,0,0,0,0,0,0,0,0,0,0,0,1,0,0,0,0,0,0,0,0,0,0,0,0,0,0,0,0,0,0,0,0,0,0,1,0,0,0,0,0,0,0,0,0,0,0,0,0,0,0,0,0,0,0,0,0,1,0,0,0,0,0,0,0,0,0,0,0,1,0,0,0,0,0,0,0,0,0,0,0,0,0,0,0,0,0,0,0,0,0,0,0,0,0,0,0,1,0,0,0,0,0,0,0,0,0,0,0,0,0,0,0,0,0,0,0,0,0,0,0,0,0,0,0,1,0,0,0,0,0,0,0,0,0,0,0,1,0,0,0,0,0,0,0,0,0,0,0,0,0,0,0,0,1,0,0,0,0,0,0,0,0,0,0,0,0,0,0,0,0,0,1,0,0,0,0,0,0,0,0,0,0,0,0,0,0,0,0,0,0,0,0,0,0,0,0,0,0,0,1,0,0,0,0,0,0,0,0,0,0,0,0,0,0,0,0,0,0,0,1,0,0,0,0,0,0,0,0,0,0,0,1,0,0,0,0,0,0,0,0,0,0,0,0,0,0,0,0,0,0,0,0,0,0,0,0,1,0,0,0,0,0,0,0,0,0,0,0,0,0,0,0,0,0,0,0,0,0,0,0,0,0,0,0,1,0,0,0,0,0,0,0,0,0,0,0,0,0,0,0,0,0,0,0,1,0,0,0,0,0,0,0,0,0,0,0,1,0,0,0,0,0,0,0,0,0,0,0,0,0,0,0,0,1,0,0,0,0,0,0,0,0,0,0,0,0,0,0,1,0,0,0,0,0,0,0,0,0,0,0,0,0,0,0,0,0,0,0,0,0,0,0,0,0,0,0,1,0,0,0,0,0,0,0,0,0,0,0,0,0,0,1,0,0,0,0,0,0,0,0,0,0,0,0,0,0,0,0
7.986,4,0.7757243910373126,-0.5923643870009137,0.098470943069772,0.5523217548830746,0.8855538070506647,0.4622452075252014,3.0378626585889e-18,0.5509889123105245,0.3056919472568206,-0.8886346676991235,0.2791712305229104,0.4731308531761316,0.4797100288121537,0.8528695414062735,-0.0820871437902864,0.4513399408417886,0.0367787787481212,-0.8778192312110358,0.2811566019227714,0.443758007196056,0.1044298629551098,-0.8452056643970248,0.2892069482818517,0.4268191736514867,0.3339205567540516,0.8772758479272911,-0.0908875359216877,0.4235492475753836,0.7884422572349947,-0.4067599177961861,0.3325972193817196,0.4055731289911056,0.2836553120043458,0.7716809101043637,-0.0990209270781038,0.4009666040515027,0.6832404631098327,-0.5889525001650829,-0.2939896044927504,0.3869542926529042,0.543049316889691,-0.3944376627523349,-0.6021703831600094,0.3682871799003442,0.941870959462865,0.3093277064329264,0.0205944222761246,0.3653196564636196,0.0216776275411384,0.7269311631174371,-0.1548182844126514,0.3615817075181378,0.3034520496693462,0.8774139247650071,-0.0711465139855722,0.3558657321828761,0.2628207465501052,0.7657751547610118,-0.0409145263164853,0.3535597272460451,0.6398781579476596,-0.4547598976330037,-0.5292890432325466,0.3424044149513973,0.2601252952933262,-0.8372719245906353,0.3423744980671758,0.3313672981143406,0.2478296158554543,0.6429452620565186,-0.0842931992675783,0.321127744677132,0.2626113189088528,0.800110444727667,-0.1137674831662921,0.3158108840932021,0.3340815612367558,0.5438851020867154,-0.0546493617520741,0.3115401059492937,0.5286502997125597,-0.621455580389064,-0.3612600880248466,0.234644018009915,0.3067633788899063,-0.6847984764463311,0.4574072137305576,0.1818237551978996,0.0885268828981284,-0.7500520641424283,0.3249088082680494,0.1710633623816088,0.0972850201217998,0.9191480806147094,-0.1185589143821751,0.1650493625311235,0,0,0,1,0,0,0,0,0,0,0,0,0,0,0,0,0,0,0,0,1,0,0,0,0,0,0,0,0,0,0,0,0,0,0,0,0,0,0,0,0,0,0,1,0,0,0,0,0,0,0,0,0,0,0,0,0,0,0,0,0,0,0,1,0,0,0,0,0,0,0,0,0,0,0,0,0,0,0,0,0,0,0,0,0,0,0,0,1,0,0,0,0,0,0,0,0,0,0,0,0,0,0,0,0,0,0,0,1,0,0,0,0,0,0,0,0,0,0,0,0,0,0,0,0,0,1,0,0,0,0,0,0,0,0,0,0,0,0,0,0,0,0,0,0,0,1,0,0,0,0,0,0,0,0,0,0,0,0,0,0,0,0,0,0,0,0,0,0,0,0,1,0,0,0,0,0,0,0,0,1,0,0,0,0,0,0,0,0,0,0,0,0,0,0,0,0,0,0,0,0,0,0,0,0,1,0,0,0,0,0,0,0,0,0,0,0,0,0,0,0,0,0,0,0,0,0,0,0,0,0,0,0,0,0,0,1,0,0,0,0,0,0,0,0,1,0,0,0,0,0,0,0,0,0,0,0,0,0,0,0,0,0,1,0,0,0,0,0,0,0,0,0,0,0,0,0,0,0,0,0,0,0,0,0,0,0,0,1,0,0,0,0,0,0,0,0,0,0,0,0,0,0,0,0,0,0,0,0,0,0,1,0,0,0,0,0,0,0,0,0,0,0,0,1,0,0,0,0,0,0,0,0,0,0,0,0,0,0,0,1,0,0,0,0,0,0,0,0,0,0,0,0,0,0,0,0,0,0,0,0,0,0,0,0,0,0,0,1,0,0,0,0,0,0,0,0,0,0,0,0,0,0,0,0,0,0,0,0,0,0,0,0,0,0,0,1,0,0,0,0,0,0,0,0,0,0,0,0,0,0,0,0,0,0,0,1,0,0,0,0,0,0,0,0,0,0,0,0,0,0,0,0,0,0,0,0,0,0,0,0,0,0,0,1,0,0,0,0,0,0,0,0,0,0,0,0,0,0,0,0,0,0,1,0,0,0,0,0,0,0,0,0,0,0,0,0,0,0,0
7.864,5,0.8493118901644671,0.5178862370793385,1.715351299555862e-17,0.5591532616105617,0.7737869061109218,-0.5787159146201825,0.1592825885669749,0.5538375443920593,0.3223499940872368,-0.879541911570386,0.2775837994586951,0.4676505709142368,0.4390698672537347,0.8659308223326437,-0.1259526786599809,0.4443254356113682,0.1265621623535424,-0.8566081723099392,0.2037729958141055,0.4288234681100754,0.2199821108033311,0.7759638826696731,-0.2587032034850717,0.4165825950084413,0.7435760814124028,-0.4018105248876176,0.3939364830074227,0.4155630624976389,0.1625023979242465,-0.9291014669172778,0.1707814325597112,0.3866997004878043,0.7230942835721581,-0.5513971712810433,-0.1910434501988103,0.3805684590044885,0.172206757681519,-0.7358795561522304,0.5065991455453751,0.3746246292683106,0.9201069258411424,0.3503845916142525,0.0092593979617087,0.3719284790430427,0.2293305011618222,0.9050079231468428,-0.0229099517312816,0.3550972993467193,0.1896972683479431,0.619922664728968,-0.3294319291069753,0.3528163399898652,0.5457209743100241,-0.3844148332314165,-0.4964164511515279,0.3468193749164376,0.6859055367650997,-0.4338352325333524,-0.399090340921587,0.3403534090812037,0.2838454486395351,0.5311271996259574,-0.3071904149628489,0.329844188397478,-0.0757751464268286,0.7313574851320845,-0.2624947624112516,0.3168517765531539,0.3019841496413052,0.8724185515237041,-0.1308341262469436,0.3144053864565833,-0.3552590796183386,-0.5561596590960752,0.4171248686876262,0.2658485745310737,-0.257899169720002,-0.5261704810672415,0.5362126384680249,0.265368224521981,-0.0758437709491605,0.8704189548769765,0.0849942239622369,0.2302633614911985,0.0586141214349506,0.8720929662695812,-0.0206008686278364,0.2035584003748853,-0.220648816294722,-0.3550738655606303,-0.5390113502507622,0.2014295290660186,-0.3477478705076619,0.2111763321672613,-0.6204572976957213,0.1903330537408612,1,0,0,0,0,0,0,0,0,0,0,0,0,0,0,0,0,0,0,0,0,0,0,1,0,0,0,0,0,0,0,0,0,0,0,0,0,0,0,0,0,0,0,1,0,0,0,0,0,0,0,0,0,0,0,0,0,0,0,0,0,0,0,1,0,0,0,0,0,0,0,0,0,0,0,0,0,0,0,0,0,0,0,0,0,0,0,0,1,0,0,0,0,0,0,0,0,0,0,0,0,0,0,0,0,0,0,0,0,0,0,1,0,0,0,0,0,0,0,0,0,0,0,0,0,0,1,0,0,0,0,0,0,0,0,0,0,0,0,0,0,0,0,0,0,0,0,0,1,0,0,0,0,0,0,0,0,0,0,0,1,0,0,0,0,0,0,0,0,0,0,0,0,0,0,0,0,0,0,0,0,1,0,0,0,0,0,0,0,0,0,0,0,0,0,0,0,0,0,0,0,0,0,0,0,0,0,0,0,0,0,0,0,0,0,0,1,0,0,0,0,0,0,1,0,0,0,0,0,0,0,0,0,0,0,0,0,0,0,0,1,0,0,0,0,0,0,0,0,0,0,0,0,0,0,0,0,0,0,0,0,0,0,0,0,1,0,0,0,0,0,0,0,0,0,0,0,0,0,0,0,0,0,0,0,0,0,0,0,0,0,1,0,0,0,0,0,0,0,0,0,0,0,0,0,0,0,0,0,0,0,0,0,0,0,0,1,0,0,0,0,0,0,0,0,1,0,0,0,0,0,0,0,0,0,0,0,0,0,0,0,0,0,0,0,0,1,0,0,0,0,0,0,0,0,0,0,0,0,0,0,0,0,0,0,0,0,1,0,0,0,0,0,0,0,0,0,0,0,0,0,1,0,0,0,0,0,0,0,0,0,0,0,0,0,0,0,0,0,0,0,0,0,0,0,0,0,0,1,0,0,0,0,0,0,0,0,0,0,0,0,0,0,0,0,0,0,0,1,0,0,0,0,0,0,0,0,0,0,0,0,0,0,0,0,0,0,0,0,0,0,0,0,0,0,0,1,0,0,0,0,0,0,0,0,0,0,0,0,0,0,1,0,0,0,0,0,0,0,0
8.176,6,0.8473216501341325,0.5247117451726969,-1.455576800077355e-17,0.5719270656944325,0.7703387792867653,-0.5708442288009958,0.1942291390986132,0.5551848802318468,0.2453779944681438,-0.8984182246035142,0.2704567436384879,0.4873660934038756,0.425069674020505,0.8644948584411966,-0.1056326085562411,0.4550899160374105,0.1867655311595916,0.7581296460735145,-0.2602721111612881,0.4342988509949288,0.7516678382319791,-0.3755563467153869,0.4691604285211788,0.4111599920309011,-0.0093832340374245,-0.6987713484926286,0.6214693842390232,0.4107447044247125,0.5305748127857985,-0.429190511551592,-0.6459473813641161,0.4052071516725523,0.1203391332395731,-0.923190539835688,0.1486169279016447,0.4012944851761555,0.1035454320813448,-0.9122302147989926,0.0899284003552783,0.394384705901966,0.3739524254690115,0.8129580906291626,-0.1272752841757899,0.3785604381641969,0.9118066713213416,0.3697644852547471,0.0285688980980571,0.3765542751099546,-0.1847973288428578,-0.5763528520675051,0.6607721829185575,0.3755054479263625,0.7815154986790318,-0.5385593885065981,-0.1633712557838411,0.3671664772803553,0.1834728755120713,0.9440836673247748,0.0204481394804466,0.3627454684670436,0.7288917965940633,-0.4285506213694906,-0.4599115849097177,0.3509176823697605,0.2060219477189175,0.5330307399571756,-0.3480853375060643,0.3501684011030556,-0.0994807340689021,0.7748050536917642,-0.2339429276584364,0.3468193749164375,-0.179181478897678,-0.5490396986358792,0.6960556095032855,0.3456911368670795,-0.3304308270323356,-0.2893944487432415,-0.3961389470697465,0.3284170050594378,0.3610666489484481,0.4101972843264077,-0.2766392039542795,0.3002795389265285,-0.4846752711808091,-0.0799097467150882,-0.3675768609497857,0.2852548124364949,0.151941833357875,0.9058872955838916,0.1306453912199226,0.2729269205845451,-0.1786888687687194,0.8843600412451548,-0.1325404695863574,0.2464726490493226,1,0,0,0,0,0,0,0,0,0,0,0,0,0,0,0,0,0,0,0,0,0,0,1,0,0,0,0,0,0,0,0,0,0,0,0,0,0,0,0,0,0,0,1,0,0,0,0,0,0,0,0,0,0,0,0,0,0,0,0,0,0,0,1,0,0,0,0,0,0,0,0,0,0,0,0,0,0,0,0,0,0,0,0,0,0,0,0,0,0,0,1,0,0,0,0,0,0,0,0,0,0,0,0,0,0,1,0,0,0,0,0,0,0,0,0,0,0,0,0,0,0,0,1,0,0,0,0,0,0,0,0,0,0,0,0,0,0,0,0,0,0,0,0,0,1,0,0,0,0,0,0,0,0,0,0,0,0,0,0,0,0,0,0,0,0,0,0,1,0,0,0,0,0,0,0,0,0,0,0,0,0,0,0,0,0,0,0,1,0,0,0,0,0,0,0,0,0,0,0,0,0,0,0,0,0,1,0,0,0,0,0,0,0,0,0,0,0,0,0,0,0,0,0,0,0,0,0,0,0,0,0,0,0,0,0,1,0,0,0,0,0,0,0,0,0,0,0,1,0,0,0,0,0,0,0,0,0,0,0,1,0,0,0,0,0,0,0,0,0,0,0,0,0,0,0,0,0,0,0,0,0,0,1,0,0,0,0,0,0,0,0,0,0,0,0,0,0,0,0,0,0,0,0,0,0,0,0,0,0,0,1,0,0,0,0,0,0,0,0,1,0,0,0,0,0,0,0,0,0,0,0,0,0,0,0,0,0,0,0,0,0,0,0,0,1,0,0,0,0,0,0,0,0,0,0,0,0,0,0,0,0,0,0,0,0,0,0,1,0,0,0,0,0,0,0,0,0,0,0,0,0,0,0,0,0,0,0,0,0,0,0,0,0,0,0,1,0,0,0,0,0,0,0,0,0,0,0,0,0,0,0,0,0,0,0,1,0,0,0,1,0,0,0,0,0,0,0,0,0,0,0,0,0,0,0,0,0,0,0,0,0,0,0,0,0,0,0,1,0,0,0,0,0,0,0,0,0,0,0,0,0,0,0,0,0,0,0,1,0,0,0,0,0,0,0,0,0,0,0
8.102,7,0.8643773935759851,0.4989809903786181,9.319428651438789e-18,0.5541073519463573,0.787820729383234,-0.5298074147045695,0.2952335769155525,0.546354204114359,0.2505748123144876,-0.8330711745944714,0.4795462425117211,0.4857916603738156,0.1605833450180601,0.7033773633384921,-0.6117095744598021,0.463818893147511,0.4532977527332086,0.8458048381402282,-0.2541427498252367,0.4553324255811689,-0.0615891055005283,-0.5676493719907246,0.7518644303683447,0.4367534399409551,0.4299974401246804,-0.5875448500647045,-0.6392643644397635,0.4365763967565598,0.019591896947135,-0.906254394619209,0.325716765617165,0.4223968148787273,-0.4577521916966913,-0.4432084991412843,0.6552519177925388,0.4070370001607408,0.7910123195757554,-0.2930415165370413,0.5200940596251229,0.3962006094050009,-0.2367833230575936,0.7649147176975822,-0.5757781869286055,0.3796426978836724,0.1535076871481185,0.9701685742455984,0.015038747138478,0.3771626510345202,0.6581127664879143,-0.5925228459244499,-0.436951839602369,0.3670444004530992,0.790476780806605,-0.5909051978675646,-0.0906447150503222,0.3653789552036044,0.9334538630456828,0.3432700365345019,0.0655348433301079,0.3648467611738007,0.2261004070200734,0.4261267632209679,-0.7490598438796828,0.3643065891965759,0.2401230071140835,-0.8502533569811688,0.4031461033063571,0.3477122524738374,-0.0313162691251602,0.9061514682942402,0.1594708617954041,0.3453201447347246,0.0420111262834524,-0.360276385188418,0.8197884396494338,0.3325400798287604,-0.6499417238351893,-0.5382639519805575,0.5162343199077105,0.328714399585154,0.4983936597107054,0.7824579687448723,-0.2569732160973464,0.3076407361254821,-0.9296393125218576,0.3205028271944163,-0.038253755363625,0.3021442551575478,-0.3532602628622159,-0.4295486759519328,-0.7533311665079131,0.2947692316584428,0.126528220590167,0.8991670922228304,0.1902680867019498,0.2868398540842201,1,0,0,0,0,0,0,0,0,0,0,0,0,0,0,0,0,0,0,0,0,0,0,1,0,0,0,0,0,0,0,0,0,0,0,0,0,0,0,0,0,0,0,1,0,0,0,0,0,0,0,0,0,0,0,0,0,0,0,0,0,0,0,0,0,0,0,0,0,0,0,1,0,0,0,0,0,0,0,0,0,0,0,1,0,0,0,0,0,0,0,0,0,0,0,0,0,0,0,0,0,1,0,0,0,0,0,0,0,0,0,0,0,0,0,0,0,0,0,0,0,0,0,0,0,1,0,0,0,0,0,0,0,0,0,0,0,0,0,0,0,0,0,0,0,0,0,0,1,0,0,0,0,0,0,0,0,0,0,0,0,1,0,0,0,0,0,0,0,0,0,0,0,0,0,0,0,0,0,0,0,0,0,0,0,0,1,0,0,0,0,0,0,0,0,0,0,0,0,0,0,0,0,0,0,1,0,0,0,0,0,0,0,0,0,0,0,0,0,0,0,0,0,1,0,0,0,0,0,0,0,0,0,0,0,0,0,0,0,0,0,0,0,0,0,0,0,0,0,0,0,1,0,0,0,0,0,0,0,0,1,0,0,0,0,0,0,0,0,0,0,0,0,0,0,0,0,0,0,0,0,0,0,0,0,0,0,0,0,0,0,0,0,0,0,0,1,0,0,0,1,0,0,0,0,0,0,0,0,0,0,0,0,0,0,0,0,0,0,0,0,0,0,0,0,0,0,0,1,0,0,0,0,0,0,0,0,0,0,0,0,0,0,0,0,0,0,0,1,0,0,0,0,0,0,0,0,0,0,0,0,1,0,0,0,0,0,0,0,0,0,0,0,0,0,0,0,0,0,0,0,0,0,0,0,0,0,1,0,0,0,0,0,0,0,0,0,0,0,0,0,0,0,0,0,0,1,0,0,0,0,0,0,0,0,0,0,0,0,0,0,0,0,0,0,0,0,0,0,0,0,0,0,0,0,0,1,0,0,0,0,0,0,0,0,0,0,0,0,0,0,0,0,0,0,0,1,0,0,0,0,0,0,0,0,0,0,0,1,0,0,0,0,0,0,0,0,0,0,0
8.013,8,0.8782090817826553,0.4737905554721051,1.3692682015001212e-17,0.5593310794089967,0.7828917710528364,-0.5609492519891294,0.0944354050871719,0.5487615643622952,0.0951781852078551,0.7790793385009203,-0.4212613563088522,0.4838625321288673,0.2718120337665039,-0.9206144255419634,0.1916247251868775,0.4745769193242474,0.4686957198884981,0.8426385705146938,-0.0972791589378092,0.460923951869683,-0.0262926964189583,-0.9767581718856816,-0.0940569185348531,0.4547720786409662,-0.0100943399721112,-0.7525128708172192,0.6097219757271393,0.4373757157498948,-0.2586170817883745,0.756304350548722,-0.2580013554068459,0.4365763967565598,0.7953091278663441,-0.3827582969536496,0.3556091168010433,0.3988935438008647,0.2113248225066978,0.8668555087079426,0.2726719818501305,0.388426352615072,0.3458035121422483,-0.4641372540901886,-0.7093496205608935,0.3837738197347835,-0.2348194572143296,-0.2238461401891303,-0.7422536344917559,0.3728597641949739,0.7638148587433061,-0.4766688132029104,-0.290795234511391,0.3727532741825509,-0.1502827206934462,-0.5539810341402351,0.711468445265448,0.372080412391553,0.6100483962613458,-0.3669695411272037,-0.6175498252570815,0.3700556852225344,0.9228047631818436,0.3445139429488475,0.019773614887151,0.3683824385572399,0.0403684769147053,0.7376413400526739,0.4598361052838823,0.3640536193502158,0.1388143181594195,0.6258602484221713,-0.6320617485517949,0.3595024302337785,-0.0506267850375007,-0.5915279348249466,0.7123132949826426,0.3486492345627804,-0.4797228408664319,-0.0766059357024498,-0.6342419025456477,0.3326175655929158,0.533037054471982,0.8144630494752979,-0.1497923011028205,0.3228401128068737,-0.7657273008668581,0.0127435114755226,0.1938039411978992,0.3170694132708518,-0.2503527732367119,-0.6203512838556935,0.6827460934530587,0.3170539907631398,-0.4976687386566115,0.2920487392496357,-0.5599212222048848,0.2731785121753406,1,0,0,0,0,0,0,0,0,0,0,0,0,0,0,0,0,0,0,0,0,0,0,1,0,0,0,0,0,0,0,0,0,0,0,0,0,0,0,0,0,0,0,0,0,0,0,0,0,0,0,1,0,0,0,0,0,0,0,0,0,0,0,1,0,0,0,0,0,0,0,0,0,0,0,0,0,0,0,0,0,0,0,1,0,0,0,0,0,0,0,0,0,0,0,0,0,0,0,0,0,0,0,0,0,0,0,0,1,0,0,0,0,0,0,0,0,0,0,0,0,0,0,1,0,0,0,0,0,0,0,0,0,0,0,0,0,0,0,0,0,0,0,0,0,1,0,0,0,0,0,0,0,0,0,0,0,0,0,0,0,0,0,0,0,0,1,0,0,0,0,0,0,0,0,0,0,0,0,0,0,0,0,1,0,0,0,0,0,0,0,0,0,0,0,0,0,0,0,0,0,0,0,0,0,1,0,0,0,0,0,0,0,0,0,0,0,0,0,0,0,0,0,0,0,0,0,0,0,0,0,0,0,0,0,0,1,0,0,0,1,0,0,0,0,0,0,0,0,0,0,0,0,0,0,0,0,0,0,0,0,0,0,0,0,0,0,0,1,0,0,0,0,0,0,0,0,0,0,0,0,0,0,0,0,0,0,0,0,0,0,1,0,0,0,0,0,0,0,0,0,0,0,0,0,0,0,0,0,0,0,0,0,0,0,0,1,0,0,0,0,0,0,0,0,0,0,0,1,0,0,0,0,0,0,0,0,0,0,0,1,0,0,0,0,0,0,0,0,0,0,0,0,0,0,0,0,0,0,0,0,0,0,0,0,0,0,0,1,0,0,0,0,0,0,0,0,0,0,0,1,0,0,0,0,0,0,0,0,0,0,0,0,0,0,0,0,0,0,0,0,0,0,0,0,0,1,0,0,0,0,0,0,0,0,0,0,0,0,0,0,0,0,0,0,0,0,0,0,0,0,0,0,0,0,0,1,0,0,0,0,0,0,0,0,0,0,0,1,0,0,0,0,0,0,0,0,0,0,0,0,0,0,0,0,0,0,0,0,0,0,1,0,0,0,0,0,0,0,0
7.977,9,0.7065972737360086,-0.4999129257334038,0.3438689135960669,0.5927880071441549,0.8282994771062757,0.5458055616313637,-8.963445303117187e-18,0.5712081101206476,0.486723359323664,-0.4129323799419171,0.5155780663096461,0.4778951844884423,0.4390977322675217,-0.681702352176982,0.4020948158633838,0.4758312056894603,-0.4003027813761531,-0.341058172131566,-0.3206460693222144,0.4747007213615664,-0.2052533946425762,0.70471018724586,-0.1405566631343904,0.4535886629361676,0.5200819955448885,0.7428517896987069,-0.3021094591774867,0.4329270646129479,0.3985430686556094,0.5198712052918778,-0.5827688688612163,0.4104909194680242,0.1194598475315939,0.8374775053103249,-0.1653464647272744,0.3914156552254358,0.8236571368491286,0.4697835482720883,0.1748476859407871,0.3859499110791045,0.0975398465853293,0.4613201637256529,-0.6279794811659392,0.3837738197347835,0.7117980799613057,-0.4494471680060382,0.1313239449503147,0.3787906045720891,0.5362815461813456,-0.4996614240501792,-0.3194200926614597,0.3735634288283486,0.6955042249592367,-0.3922126342650102,-0.1567369278046146,0.351833336619427,0.5179557270091962,0.3731972906382271,-0.6184208757354808,0.3335763365211136,-0.4705111672568917,-0.2628659182742932,-0.401254061359223,0.3179500790736579,0.5805274964090574,0.7543948947638344,-0.2503383166643113,0.3115733940408869,-0.0257231595046163,0.969937712001908,0.0664628308300563,0.2771058306717703,0.1750296057397048,-0.3629950890796967,-0.6168290261607647,0.2743041448858415,-0.0227697180878622,-0.2712545832211581,-0.6479635253836278,0.263181875777123,-0.0569372870877279,0.8919154289078055,0.3012212236431872,0.231444649879955,-0.059886140690789,0.0581436190205586,-0.6684639927886186,0.2232118759517907,-0.3143011649359125,-0.6473387730047628,-0.3681596587093813,0.2215456856589309,-0.3555319948953712,-0.4035037280708814,-0.403662968192696,0.2143409435241587,0,0,0,1,0,0,0,0,0,0,0,0,0,0,0,0,0,0,0,0,1,0,0,0,0,0,0,0,0,0,0,0,0,0,0,0,0,0,0,0,0,0,0,0,0,0,1,0,0,0,0,0,0,0,0,0,0,0,0,0,0,0,0,0,0,0,1,0,0,0,0,0,0,0,0,0,0,0,0,0,0,0,0,0,0,0,0,0,0,0,0,0,0,0,0,0,1,0,0,0,0,0,0,0,0,0,0,0,1,0,0,0,0,0,0,0,0,0,0,0,0,0,0,1,0,0,0,0,0,0,0,0,0,0,0,0,0,0,0,0,0,0,0,0,0,0,0,0,0,0,0,1,0,0,0,0,0,0,0,0,0,0,0,1,0,0,0,0,0,0,0,0,0,0,0,0,0,0,0,0,0,0,0,0,0,0,0,0,0,0,0,0,0,0,0,0,1,0,0,0,0,0,0,0,0,1,0,0,0,0,0,0,0,0,0,0,0,0,0,0,1,0,0,0,0,0,0,0,0,0,0,0,0,0,0,0,0,0,0,0,0,0,0,0,0,1,0,0,0,0,0,0,0,0,0,0,0,0,0,0,0,0,0,0,0,0,0,0,0,0,0,1,0,0,0,0,0,0,0,0,1,0,0,0,0,0,0,0,0,0,0,0,0,0,0,0,0,0,0,0,1,0,0,0,0,0,0,0,0,0,0,0,0,0,0,0,0,0,0,0,0,0,0,0,0,0,1,0,0,0,0,0,0,0,0,0,0,0,0,0,0,0,0,1,0,0,0,0,0,0,0,0,0,0,0,0,0,0,0,0,0,0,0,0,0,0,0,0,0,0,0,0,0,0,0,0,1,0,0,0,1,0,0,0,0,0,0,0,0,0,0,0,0,0,0,0,0,0,0,0,0,0,0,0,0,0,0,0,1,0,0,0,0,0,0,0,0,0,0,0,0,0,0,0,0,0,0,0,0,0,0,1,0,0,0,0,0,0,0,0,0,0,0,0,0,0,1,0,0,0,0,0,0,0,0,0,0,0,0,0,0,0,0,0,0,0,0,0,0,0,0,1,0,0,0,0,0,0,0,0
7.864,10,0.8346439359264736,0.5390594241890531,8.049711166140939e-18,0.593222235916027,0.7476087616701064,-0.512431220081082,0.3218137153823818,0.5705758776295118,-0.5265446674429476,-0.322211433064626,-0.0637032128832647,0.5536242600096041,0.3736025669153163,-0.7019908695830673,0.4363427776358809,0.5071260350077406,0.4510379769651925,0.8056147546929783,-0.2943868345461816,0.4681191017417394,0.5969837085452109,-0.4725976167778826,0.54475323266233,0.4505661436034852,0.2584266540979085,0.6024381771012411,-0.6298614084568175,0.4353229914755377,0.3121984652523938,0.8563111324407855,-0.0971041395912895,0.3969959857599384,0.8480696173892646,0.446043891606474,0.1434684729042556,0.3878197974842138,0.3476938562345272,0.8537818469945126,-0.2113917330064271,0.382174101416904,0.0380283227815392,0.6378715572577419,-0.5679587506335023,0.3735634288283486,0.7987574394654239,-0.4546508477295308,0.0325373113401862,0.3619049040066142,0.6120573244758549,-0.4144754466903538,-0.4339438462706722,0.3547899162355254,-0.6541557945538299,-0.3250629902748273,-0.2627909814545556,0.3540090674282199,0.7589049412128188,-0.3919607675795734,-0.2595316338853631,0.3359472176062145,0.3696844455240436,0.4214869032666321,-0.7298039928322291,0.3330840921645931,0.2359310979612976,-0.4128341112692799,-0.7137608171890111,0.3219327712973506,-0.0482981215183803,-0.323717401014252,-0.7585346658086901,0.3155749549062061,-0.746497359806814,0.0889275323769247,0.0088999266260633,0.3033756550863359,0.5708548582704932,0.3740442927555593,-0.6599012318037022,0.2932305281039261,-0.5373495569128277,-0.3425909205905805,-0.4756351347552758,0.2879366545551285,-0.1001287401919806,-0.0391520269108432,-0.8245068226913712,0.2844667469217783,-0.7561717341930349,-0.0838799483343696,-0.1506615620733122,0.2745906975449684,-0.2861449843813206,-0.7276910194766124,-0.3458649249155693,0.2711278533525158,1,0,0,0,0,0,0,0,0,0,0,0,0,0,0,0,0,0,0,0,0,0,0,1,0,0,0,0,0,0,0,0,0,0,0,0,0,0,0,0,0,0,0,0,0,0,0,0,0,0,0,0,0,0,0,0,1,0,0,0,0,0,0,0,0,0,1,0,0,0,0,0,0,0,0,0,0,0,0,0,0,0,0,1,0,0,0,0,0,0,0,0,0,0,0,0,0,0,0,0,0,0,0,0,0,0,1,0,0,0,0,0,0,0,0,0,0,0,0,0,0,0,0,0,0,0,0,0,0,0,0,1,0,0,0,0,0,0,0,0,0,0,0,0,0,0,1,0,0,0,0,0,0,0,0,0,0,0,0,0,0,0,0,0,0,0,0,0,0,0,0,0,0,0,0,0,1,0,0,0,0,0,0,0,0,0,1,0,0,0,0,0,0,0,0,0,0,0,0,0,0,0,0,0,0,1,0,0,0,0,0,0,0,0,0,0,0,0,0,0,1,0,0,0,0,0,0,0,0,0,0,0,0,0,0,0,0,0,0,0,0,0,0,0,0,1,0,0,0,0,0,0,0,0,0,0,0,0,0,0,1,0,0,0,0,0,0,0,0,0,0,0,0,0,0,0,0,0,0,0,0,0,0,0,0,0,0,0,0,0,0,1,0,0,0,0,0,0,0,0,1,0,0,0,0,0,0,0,0,0,0,0,0,0,0,0,0,0,0,0,0,0,0,0,0,0,0,0,0,0,0,0,0,0,0,0,1,0,0,0,1,0,0,0,0,0,0,0,0,0,0,0,0,0,0,0,0,0,0,0,0,0,0,0,0,0,1,0,0,0,0,0,0,0,0,0,0,0,0,0,0,0,0,0,0,0,0,0,0,0,0,0,0,0,0,0,1,0,0,0,0,0,0,0,0,0,0,0,0,0,0,1,0,0,0,0,0,0,0,0,0,0,0,0,0,0,0,0,0,0,0,1,0,0,0,0,0,0,0,0,0,0,0,1,0,0,0,0,0,0,0,0,0,0,0,0,0,0,0,0,0,0,0,0,0,0,1,0,0,0,0,0,0,0,0,0,0,0,0,0
8.095,11,0.7173235771579285,-0.5825460640847908,0.2710387624718318,0.5863672314274412,0.8725071895775607,0.479001408124429,-6.11767029636081e-18,0.5535873648417933,0.400313404402017,-0.6818944685099068,0.4003367036321165,0.5027742685836687,-0.4555778417750101,0.0386683949889075,-0.0729947275073457,0.475725388853666,0.5064160522440113,-0.5764158889577387,0.5098830182891237,0.462491631331278,0.529564596822468,0.7821664244956541,-0.2371295870415525,0.4324376174964744,0.2793261297260337,0.6743623939232957,-0.5531876821012821,0.4202511877856497,0.3845384165683245,0.8402165592791064,-0.0560236848237943,0.378537212370282,0.4541268234386244,-0.5656660851615521,-0.5618218397245,0.3770675085095799,0.9099004741619814,0.3366951267651669,0.1116641633055769,0.3725312361341871,0.7442150997938183,-0.5589489031351992,-0.0566727740770869,0.37189123095762,-0.210438102281841,-0.3079079570911098,-0.7513667997311967,0.3600347741178885,0.6991078658052614,-0.4572827054646432,-0.3887749187606963,0.3552755861417067,0.058318931773361,0.7141559987745578,-0.4889882618241095,0.3547899162355254,0.3392753205104467,0.4743666004206534,-0.6808883099375558,0.3459773738298475,0.4738247062995491,0.8231420246990812,-0.1519637142119705,0.3362309910544054,-0.5497310828469903,0.140715820767927,-0.2037762281544981,0.3272847516976733,-0.3669452193573152,-0.0896253395328417,-0.7206735438505487,0.3188746399269661,0.5487274991899573,0.3526608614504608,-0.626381395370015,0.3065830357057492,-0.4592830560063028,0.3812229475409838,0.0519148082570988,0.2901809546690351,-0.2601416318929493,0.1912894089887717,-0.7473801104011372,0.284061096677198,0.752446386885427,-0.5236686016008877,0.0819107367484559,0.2782753077461166,-0.6766273319942433,0.0649663620886049,-0.3066518972618579,0.247433318374761,-0.2720147097716062,0.6666336434525927,-0.2619561965165557,0.2408351637866902,0,0,0,1,0,0,0,0,0,0,0,0,0,0,0,0,0,0,0,0,1,0,0,0,0,0,0,0,0,0,0,0,0,0,0,0,0,0,0,0,0,0,0,0,0,0,1,0,0,0,0,0,0,0,0,0,0,0,0,0,0,0,0,0,0,0,0,0,0,0,0,0,0,0,0,0,1,0,0,0,0,0,0,0,0,0,1,0,0,0,0,0,0,0,0,0,0,0,0,0,0,0,0,1,0,0,0,0,0,0,0,0,0,0,0,0,0,0,0,0,0,0,0,0,0,0,0,0,0,0,0,1,0,0,0,0,0,0,0,0,0,0,0,0,0,0,1,0,0,0,0,0,0,0,0,0,0,0,0,0,0,0,0,0,0,1,0,0,0,0,0,0,0,0,0,0,0,0,0,0,0,0,0,0,0,0,0,0,0,0,0,0,0,0,0,0,1,0,0,0,1,0,0,0,0,0,0,0,0,0,0,0,0,0,0,0,0,0,0,0,0,0,0,0,0,0,0,0,0,0,0,0,0,0,0,0,1,0,0,0,0,0,0,0,0,0,0,0,0,0,0,1,0,0,0,0,0,0,0,0,0,0,0,0,0,1,0,0,0,0,0,0,0,0,0,0,0,0,0,0,1,0,0,0,0,0,0,0,0,0,0,0,0,0,0,0,0,0,0,0,0,0,0,0,0,0,1,0,0,0,0,0,0,0,0,0,0,0,0,0,1,0,0,0,0,0,0,0,0,0,0,0,0,0,0,0,0,0,0,0,1,0,0,0,0,0,0,0,0,0,0,0,0,0,0,0,0,0,0,0,0,0,0,0,0,0,0,0,0,0,0,0,0,0,0,0,1,0,0,0,0,0,0,0,0,0,1,0,0,0,0,0,0,0,0,0,0,0,0,0,0,0,0,0,0,0,0,0,0,0,0,1,0,0,0,0,0,0,0,0,0,0,0,0,0,0,0,0,0,0,0,0,0,0,0,0,1,0,0,0,0,0,0,0,0,0,0,0,0,0,0,1,0,0,0,0,0,0,0,0,0,0,0,0,0,0,0,0,0,0,0,0,0,0,0,0,1,0,0,0
8.152,12,0.8233040682105989,0.5646563036303576,1.0257791853209689e-17,0.5839312456060967,0.7328923472569924,-0.4845706112713704,0.4301356061276496,0.5774121871350042,0.421365617238663,-0.664336611309089,0.5158121262143237,0.4908347440823908,0.4598713041339608,-0.4040288729011082,0.6651378737557104,0.4826555251033825,0.478923320482956,0.7691144411099178,-0.3870989824703688,0.4472012949356193,-0.6558611654988311,-0.1172185236020738,-0.4292712470735945,0.4301909585627372,0.317563454028314,0.4944647898578782,-0.7479672347780993,0.4228516677615303,0.8467934317070632,0.469130333291642,0.2007186738069301,0.3860579454849208,0.2834240476400269,0.8900174015932236,-0.2611689064932825,0.3823834379161503,0.009915620856988,0.5501603543557299,-0.7554907543270639,0.3770675085095799,0.618178806481397,-0.6130427306428686,-0.3355432079836259,0.3660297849117166,0.820637836879331,-0.4707735253707851,0.1627212953275578,0.3571674783385506,0.4085637130021157,0.8189313202297901,-0.2666789219066124,0.3528085411435794,0.827679087829544,-0.4359861013060637,-0.1803100543226197,0.3398399404375728,0.4600742308010219,0.258686807857629,-0.7929928454971847,0.3325049567024306,0.1557467409521722,-0.512340739596677,-0.7319956067086864,0.3251874937529475,-0.6447018792933235,-0.1145940743855061,-0.523846950541032,0.3007584662668031,0.6839682482031083,0.2127350936500597,-0.6476366077831858,0.2948020955888394,-0.0520773797067153,-0.3414368687667691,-0.8247196426886666,0.2916085038378129,0.0038926836404597,-0.1098341531295721,-0.8990477342291088,0.2892742180004407,0.8030925175514898,-0.4043588799639488,0.3137016124819297,0.2729874319111272,-0.519258341010186,-0.2338010678702787,-0.6602809412423262,0.252332300576599,-0.5930137463966011,0.1046625920839967,-0.2533245799162742,0.2331561247486073,-0.4030018299510324,-0.3864188394138904,-0.7053587190401629,0.2324841616220056,1,0,0,0,0,0,0,0,0,0,0,0,0,0,0,0,0,0,0,0,0,0,0,1,0,0,0,0,0,0,0,0,0,0,0,0,0,0,0,0,0,0,0,0,0,0,1,0,0,0,0,0,0,0,0,0,0,0,0,0,0,0,0,0,0,0,1,0,0,0,0,0,0,0,0,0,0,0,0,0,0,0,0,1,0,0,0,0,0,0,0,0,0,0,0,0,0,0,0,0,0,0,0,0,0,0,0,0,0,0,0,0,0,0,0,0,1,0,0,0,0,0,0,0,0,0,0,0,0,0,0,1,0,0,0,0,0,0,0,0,0,0,0,0,0,0,0,0,0,0,0,0,0,0,0,0,1,0,0,0,0,0,0,0,0,0,1,0,0,0,0,0,0,0,0,0,0,0,0,0,0,0,0,0,0,1,0,0,0,0,0,0,0,0,0,0,0,0,0,0,0,0,0,0,0,1,0,0,0,0,0,0,0,0,0,0,0,0,0,0,1,0,0,0,0,0,0,0,0,0,0,0,0,0,0,0,0,0,0,0,0,0,0,0,0,0,1,0,0,0,0,0,0,0,0,0,0,0,0,0,0,0,0,0,0,0,0,0,0,0,0,1,0,0,0,0,0,0,0,0,1,0,0,0,0,0,0,0,0,0,0,0,0,0,0,0,0,0,0,0,0,0,0,0,0,0,0,0,0,0,0,0,0,0,0,0,1,0,0,0,1,0,0,0,0,0,0,0,0,0,0,0,0,0,0,0,0,0,0,0,0,0,0,0,0,0,0,0,0,0,0,0,0,0,0,0,1,0,0,0,1,0,0,0,0,0,0,0,0,0,0,0,0,0,0,0,0,0,0,0,0,0,0,0,0,0,0,0,0,0,0,1,0,0,0,0,0,0,0,0,0,0,0,0,0,0,0,0,0,0,0,0,0,0,0,0,1,0,0,0,0,0,0,0,0,0,0,0,0,0,0,1,0,0,0,0,0,0,0,0,0,0,0,0,0,0,1,0,0,0,0,0,0,0,0,0,0,0,0,0,0,0,0,1,0,0,0,0,0,0,0,0,0,0,0,0,0,0,0,0
7.65,13,0.7986605579245663,0.59875178609079,-2.5479127937401432e-18,0.603761807083818,0.7523340212555031,-0.4241940857173733,0.4837800096862147,0.5651121036078653,-0.6951548690579265,-0.3877084425306203,-0.4830587715876185,0.5109368505994805,0.2908958063934542,-0.848703775381941,0.4333108578660877,0.4752702413865839,0.4199115553245678,0.7805975404010594,-0.447636037578721,0.473484267743526,0.5439001035242768,-0.1597013408393173,0.8028465722616349,0.4682225706202468,0.0073641841710566,-0.8099946364241368,0.4678077100802419,0.4582559476697977,0.0365503216814228,-0.9390830534404062,0.2078216902960951,0.4406364575212415,0.2959613532592687,0.4419067465676736,-0.8219810511500452,0.4383852925806408,0.1645028491274703,0.89719097060878,-0.2984561750067033,0.4188744953100647,0.8073315714517456,0.5332290755067391,0.2078309148753483,0.3907917522529044,-0.0178515386366442,0.5199325177568527,-0.8190269097484932,0.3660297849117166,0.3286117206483548,0.8478332722701001,-0.3514616423231858,0.3658692622849012,0.7838916845657201,-0.4441539194460445,-0.3563145743003889,0.3562095009710868,0.8732005585112026,-0.372478477217505,0.2363058227197981,0.3504649256653224,0.3079259871654398,-0.5844324069712619,-0.6602372881478656,0.3496438439726079,-0.6766000731954539,-0.3494979799034942,-0.5374663673674658,0.348493909801966,0.4663563404375897,0.2364437315151754,-0.8309648084115441,0.331974032782084,0.0408113012427998,-0.4812125740663697,-0.7923583596783415,0.3286614951702654,0.8900488969824837,-0.3851836846231437,-0.099582878508606,0.3182327163970161,0.2845057429516499,-0.7917618157293755,0.5264273959631444,0.3016762884436267,0.033302337208893,-0.2006653586235703,-0.9222258533787776,0.298452451378013,-0.520451565444826,-0.4331383607535867,-0.6268804091450482,0.2942079088212413,0.6896123507920475,0.2347820302504716,-0.6669870720957513,0.2913621075217691,1,0,0,0,0,0,0,0,0,0,0,0,0,0,0,0,0,0,0,0,0,0,0,1,0,0,0,0,0,0,0,0,0,0,0,0,0,0,0,0,0,0,0,0,0,0,0,0,0,0,0,0,0,0,0,0,1,0,0,0,0,0,0,1,0,0,0,0,0,0,0,0,0,0,0,0,0,0,0,0,0,0,0,1,0,0,0,0,0,0,0,0,0,0,0,0,0,0,0,0,0,0,0,0,0,0,1,0,0,0,0,0,0,0,0,0,0,0,0,0,0,0,0,0,0,0,0,0,1,0,0,0,0,0,0,0,0,0,0,0,0,0,0,0,0,0,0,0,1,0,0,0,0,0,0,0,0,0,0,0,0,0,0,0,0,0,0,0,0,0,0,1,0,0,0,0,0,0,0,0,0,0,0,0,0,0,1,0,0,0,0,0,0,0,0,0,0,0,0,0,0,0,0,0,0,0,0,0,0,0,0,0,0,0,0,0,1,0,0,0,0,0,0,0,0,1,0,0,0,0,0,0,0,0,0,0,0,0,0,0,0,0,0,0,0,0,1,0,0,0,0,0,0,0,0,0,0,0,0,0,0,0,0,0,0,1,0,0,0,0,0,0,0,0,0,0,0,0,0,0,1,0,0,0,0,0,0,0,0,0,0,0,0,0,0,0,0,0,0,0,0,0,0,0,0,0,0,0,0,0,0,0,0,0,0,0,1,0,0,0,1,0,0,0,0,0,0,0,0,0,0,0,0,0,0,0,0,0,0,0,1,0,0,0,0,0,0,0,0,0,0,0,0,0,0,0,0,0,0,0,1,0,0,0,0,0,0,0,0,0,0,0,0,0,0,0,0,0,0,0,0,0,0,0,0,0,0,0,0,0,0,1,0,0,0,0,0,0,0,0,0,1,0,0,0,0,0,0,0,0,0,0,0,0,0,0,0,0,0,0,0,0,0,0,0,0,0,0,0,0,0,1,0,0,0,0,0,0,0,0,0,0,0,0,0,0,0,0,0,0,0,1,0,0,0,0,0,0,0,0,0,0,0,0,0,0,0,0,0,0,0,0,0,0,0,0,1,0,0,0
7.493,14,-0.8213192243209285,0.0419774410669486,0.2412223446432503,0.5696778052661573,0.8488246594807232,0.5262804152262295,1.0665402025386979e-17,0.562404491837532,0.7935622020285893,-0.5662588554797089,0.0813464450061157,0.5438026575774837,0.0368807408990272,0.828764275799643,-0.4289012921823498,0.4717170072510509,0.2906044662935313,-0.92905960470503,0.1787002844547828,0.4695673742054154,-0.0492542465783389,-0.988448140701008,-0.0877508820658725,0.4640585014214086,0.4110596013538495,0.8860515686212758,-0.0834003577104456,0.454665414826041,0.0288261309032674,-0.7667324376926052,0.6068422202929966,0.4249126309580489,0.3520972579208509,-0.3886666807542213,-0.7832764274210505,0.4230403492854582,-0.3076176799300161,-0.2527752311947655,-0.8058295365421225,0.4107519927291399,0.8000084756206662,-0.3889264993472691,0.3770687704017943,0.4051959129135348,0.1549667863733659,0.8896617499966345,0.3056254195660255,0.3846900778258921,-0.0049709885918409,-0.5819241849200416,0.7489808705806832,0.3805411926023246,-0.5629050825177849,-0.0493933593840227,-0.6789296599438811,0.376891915006073,0.1160376811603509,0.6363654962394029,-0.682729691185008,0.3715271079018167,0.7740038539312455,-0.4783033681568023,-0.3094673336746709,0.3710794579191975,0.9190058942601568,0.3697624741731716,-0.0073833444142799,0.3709881003710183,-0.8574533714780126,0.1088908376600577,0.0946947231365982,0.370752920622399,0.6219802320892134,-0.355038777434388,-0.6295694282783273,0.3562454716692772,-0.1787444579379699,0.8533043700321269,-0.2985648172703548,0.3562095009710868,-0.5656466095943253,0.332186732714691,-0.622297471096564,0.3094038101374979,-0.1638833159648411,-0.6603196882634962,0.6358447431829808,0.3056032218160623,-0.1593347760182482,-0.6403756999666635,0.6754427865861761,0.3053359870663396,-0.8330613876128409,-0.1944312527749107,-0.3476026780402724,0.2982455398224647,0,0,0,0,0,0,0,0,0,0,0,0,0,0,0,0,1,0,0,0,1,0,0,0,0,0,0,0,0,0,0,0,0,0,0,0,0,0,0,0,0,0,0,1,0,0,0,0,0,0,0,0,0,0,0,0,0,0,0,0,0,0,0,0,0,0,0,0,0,0,0,1,0,0,0,0,0,0,0,0,0,0,0,1,0,0,0,0,0,0,0,0,0,0,0,0,0,0,0,0,0,0,0,0,0,0,0,0,1,0,0,0,0,0,0,0,0,0,0,0,0,0,0,1,0,0,0,0,0,0,0,0,0,0,0,0,0,0,0,0,0,0,0,1,0,0,0,0,0,0,0,0,0,0,0,0,0,0,0,0,0,0,0,0,0,1,0,0,0,0,0,0,0,0,0,0,0,0,0,0,0,0,0,0,0,0,0,0,0,0,0,0,0,0,0,0,1,0,0,0,0,0,0,0,0,0,1,0,0,0,0,0,0,0,0,0,0,0,0,0,0,0,0,1,0,0,0,0,0,0,0,0,0,0,0,0,0,0,0,0,0,0,0,0,0,0,0,0,1,0,0,0,0,0,0,0,0,0,0,0,1,0,0,0,0,0,0,0,0,0,0,0,0,0,0,0,0,0,0,0,1,0,0,0,0,0,0,0,0,0,0,0,0,0,0,0,0,0,0,0,1,0,0,0,0,0,0,0,0,0,0,0,0,0,0,0,0,0,0,0,0,0,0,0,0,0,0,0,0,0,0,0,0,0,0,0,1,0,0,0,1,0,0,0,0,0,0,0,0,0,0,0,0,0,0,0,0,0,0,0,0,0,0,0,0,0,0,0,0,0,0,1,0,0,0,0,0,0,0,0,0,0,0,0,0,1,0,0,0,0,0,0,0,0,0,0,0,0,0,0,0,0,0,0,0,0,0,0,0,0,0,1,0,0,0,0,0,0,0,0,0,0,0,0,0,0,0,0,1,0,0,0,0,0,0,0,0,0,0,0,0,0,0,0,0,0,0,0,1,0,0,0,0,0,0,0,0,0,0,0,0,0,0,1,0,0,0,0,0,0,0,0,0,0,0,0,0,0,0,0
7.517,15,0.8267119956248072,0.5608811887663963,1.8170552504976226e-18,0.5717159001746859,-0.8977328148891844,-0.0868864742095864,-0.0750907331230389,0.5689291558187691,0.7920230434795398,-0.5556434896581736,0.2232286642303914,0.5445652177528857,0.278985868592776,-0.9253264252211024,0.2431648992207037,0.4784893408793841,0.1058412853346004,0.7412076180946869,-0.6268879391030688,0.44950790727162,0.0636782214560005,-0.9191993225738644,0.0938130562592738,0.4491799137777663,0.3920144565683892,0.8858159386884006,-0.215804655339784,0.4486184469652293,0.0572924798362559,-0.9194422947470648,0.1874240427444138,0.4428618333985237,-0.2770827762943508,0.8652906530217106,0.2879465784913633,0.4290354586950649,0.743403357292343,-0.3399150575813071,0.5496038815735688,0.4250644169435386,-0.2734150042296844,0.732984992974627,-0.5532012525066922,0.4230403492854581,0.5694411960387276,-0.3867258274626132,-0.6756233482370819,0.3972329702835838,0.0560394449926338,0.9658449282288928,0.1397845990871488,0.3863908644389372,-0.0131168636602231,-0.3741299284546771,-0.8791269819453331,0.3803294367869047,0.9066839236104892,0.396833992905456,0.09567467750377,0.3764304339083592,-0.896937783724321,-0.0096607708472571,-0.2278364159341886,0.3697276208265431,0.8427750423392955,-0.4966489508910194,-0.1197280847979563,0.3561432207084233,-0.3167934527059137,-0.1991955296847786,-0.870007580515464,0.3553079339574559,0.227172224087214,0.4930894757683203,-0.812120374382834,0.3534627959523241,0.7578750241128601,-0.4083910483317926,-0.4726928816902375,0.3426077880503567,0.4691354021799849,0.8452557232471142,-0.2430467196277605,0.3147815601808399,0.1740159996120125,-0.8495477736365357,0.4351284565026536,0.3040538623296651,-0.3831646179579119,0.1707354008935049,-0.870938620349722,0.2923092899279317,0.4810543316736771,0.4064942528622637,-0.7598164620166776,0.2831368464981423,1,0,0,0,0,0,0,0,0,0,0,0,0,0,0,0,0,0,0,0,0,0,0,0,0,0,0,0,0,0,0,0,0,0,0,0,1,0,0,0,0,0,0,1,0,0,0,0,0,0,0,0,0,0,0,0,0,0,0,0,0,0,0,1,0,0,0,0,0,0,0,0,0,0,0,0,0,0,0,0,0,0,0,0,0,0,0,0,0,0,0,1,0,0,0,0,0,0,0,0,0,0,0,0,0,0,0,0,1,0,0,0,0,0,0,0,0,0,0,0,0,0,0,1,0,0,0,0,0,0,0,0,0,0,0,0,0,0,0,0,0,0,0,0,0,0,0,0,1,0,0,0,0,0,0,0,0,0,0,0,0,0,0,0,0,0,0,0,1,0,0,0,0,0,0,0,0,0,0,0,0,0,0,0,0,0,1,0,0,0,0,0,0,0,0,0,0,0,0,0,0,0,0,0,0,1,0,0,0,0,0,0,0,0,0,0,0,0,0,0,0,0,0,0,0,1,0,0,0,0,0,0,0,0,0,0,0,0,0,0,0,0,0,1,0,0,0,0,0,0,0,0,0,0,0,0,0,0,0,0,0,0,0,0,0,0,0,0,0,0,0,0,0,0,0,0,1,0,0,0,0,0,0,0,0,0,0,0,0,0,0,0,0,0,0,0,1,0,0,0,1,0,0,0,0,0,0,0,0,0,0,0,0,0,0,0,0,0,0,0,1,0,0,0,0,0,0,0,0,0,0,0,0,0,0,0,0,0,0,0,1,0,0,0,0,0,0,0,0,0,0,0,0,0,0,0,0,0,0,0,1,0,0,0,0,0,0,0,0,0,0,0,0,0,0,0,0,0,0,0,0,0,0,0,0,0,0,0,0,0,0,1,0,0,0,0,0,0,0,0,0,0,0,0,0,0,1,0,0,0,0,0,0,0,0,0,0,0,0,0,0,0,0,1,0,0,0,0,0,0,0,0,0,0,0,0,0,0,0,0,0,0,0,0,0,0,0,0,0,0,0,1,0,0,0,0,0,0,0,0,0,0,0,0,0,0,0,0,0,0,0,0,0,0,0,0,1,0,0,0
7.771,16,-0.6862344246420029,-0.1604027781614408,0.2320428472207253,0.5813755838859191,0.8415319266723451,0.5328487307004943,1.5088513017540657e-17,0.5616981531498625,0.7776157142600507,-0.5479658067949662,0.1385089339628172,0.5526376268477364,0.2890663232747878,-0.9180481429862736,0.2210358955680418,0.4758064063438155,0.0885107690682735,0.7928381379077782,-0.4360229551033481,0.471516413614485,0.4300163120566053,0.8630654801192085,-0.1206141376797166,0.4516294951104328,0.0779078949912896,-0.9200094210161882,0.1674129504578941,0.4441180958703071,0.0667057011481011,-0.918691590664018,0.1487103366180991,0.4367602442914946,-0.2314310959107375,-0.3148899288783063,-0.7501607522498489,0.4296408819332534,0.754410677262832,-0.3469424522651633,0.4320125061194785,0.4223859153097821,-0.2252984559078838,0.7748457606103571,-0.2961675310236089,0.3972329702835838,-0.4947318490430861,-0.1393766944144815,-0.6352525792760514,0.3834703954551336,0.1634304234082897,0.8666160408156924,0.2148455400589252,0.3817984110212545,0.3710130096727154,-0.5450721197978139,-0.6139784525828084,0.381115786228639,-0.7681366629379796,-0.0602967694254897,0.0867052484861103,0.3794200791837634,0.1182842127838389,0.5817175024289667,-0.6859503198354918,0.3747713163618278,0.8925932058990067,0.3953631265703149,0.011435181822332,0.3727055220821974,0.7653257124512223,-0.4667026487851049,-0.226409970476079,0.3706564233956818,0.6431514573320458,-0.3586126293764025,-0.5386592857526136,0.3705657479329628,0.4711440550955776,0.8478365131879306,-0.1946654293922375,0.3193188724560867,-0.0883300612653582,0.7219385953952514,0.262253630258464,0.3082745403234957,-0.6962235849242071,-0.5656616289222296,-0.1980807041034274,0.3015409773392687,0.1946849686537293,-0.8423493398223404,0.3625833554796915,0.3005364911133601,0.0606819939591286,0.7682403475079941,0.2843648222373013,0.2939390758300314,0,0,0,0,0,0,0,0,0,0,0,0,0,0,0,0,1,0,0,0,1,0,0,0,0,0,0,0,0,0,0,0,0,0,0,0,0,0,0,0,0,0,0,1,0,0,0,0,0,0,0,0,0,0,0,0,0,0,0,0,0,0,0,1,0,0,0,0,0,0,0,0,0,0,0,0,0,0,0,0,0,0,0,0,0,0,0,0,0,0,0,1,0,0,0,0,0,0,0,0,0,0,0,1,0,0,0,0,0,0,0,0,0,0,0,0,0,0,0,0,0,0,0,0,0,0,0,0,1,0,0,0,0,0,0,0,0,0,0,0,0,0,0,0,0,0,0,0,1,0,0,0,0,0,0,0,0,0,0,0,0,0,0,0,0,0,0,0,0,0,0,0,0,0,0,0,1,0,0,0,0,0,0,0,0,0,1,0,0,0,0,0,0,0,0,0,0,0,0,0,0,0,0,0,0,1,0,0,0,0,0,0,0,0,0,0,0,0,0,0,1,0,0,0,0,0,0,0,0,0,0,0,0,0,0,0,0,0,0,0,0,0,0,1,0,0,0,0,0,0,0,0,0,0,0,0,0,0,0,0,0,0,0,0,0,1,0,0,0,0,0,0,0,0,0,0,0,0,0,0,1,0,0,0,0,0,0,0,0,0,0,0,0,0,0,0,0,0,0,0,1,0,0,0,0,0,0,0,0,0,0,0,0,0,0,0,0,0,0,0,0,0,0,0,0,0,0,0,0,0,0,0,0,0,0,0,1,0,0,0,1,0,0,0,0,0,0,0,0,0,0,0,0,0,0,0,0,0,0,0,0,0,0,0,0,0,0,0,0,0,0,1,0,0,0,0,0,0,0,0,0,0,0,0,0,0,1,0,0,0,0,0,0,0,0,0,0,0,0,0,0,0,0,0,0,0,0,0,1,0,0,0,0,0,0,0,0,0,0,0,0,0,0,0,0,0,1,0,0,0,0,0,0,0,0,0,0,0,0,0,0,0,0,1,0,0,0,0,0,0,0,0,0,0,0,0,0,0,0,0,0,0,0,0,0,0,0,0,1,0,0,0,0,0,0,0,0,0,0,0
8.111,17,0.8079840707542096,0.5853376132618041,8.456927275564003e-18,0.6027935475849591,0.7050877817501779,-0.4369384205858848,0.5511033035811633,0.5920417983462274,-0.5197908841113399,-0.3528332027598631,-0.6603681878828553,0.5338580032818874,0.4556543427061424,-0.1532779183095647,0.8661857154067221,0.4881594533621275,0.2464346126597523,-0.8766370905325737,0.4109075223880007,0.4869558882837543,-0.0688756172370758,-0.856621021842412,0.3868651968966913,0.4647638230826052,0.4925526141925548,0.7288524294090648,-0.4709636955724678,0.4506778215397772,0.0506058329919283,-0.9398790389341148,0.1561010112472178,0.4404266608525864,-0.0020923068091674,0.8968933830896955,-0.4019512377648325,0.4166459737393736,-0.1790702143980069,0.8052315359228004,-0.3915329862588901,0.4106803585594935,0.4430323905494142,0.375468102109058,-0.7972885811824836,0.4078359493668678,-0.1990763648198901,0.8133537876890513,-0.4077628820175799,0.4053356123792741,0.7783573951825755,0.5481860581671336,0.2768305649243295,0.4002415188257179,0.1325304227180458,0.3379705129647477,-0.8911371342194789,0.381115786228639,0.8497124629994518,-0.3617790088387461,0.3542365193864153,0.3545748911487301,-0.5228629057757226,-0.3013172273249185,-0.7170678247135807,0.3482644899330239,0.8191165248794281,-0.4941146362763797,-0.2143461872392061,0.3292675169248166,0.4551308764680771,-0.6036519917176977,-0.6107908430034005,0.3263385757186529,0.5493415254652946,0.7336675518546947,-0.3970239290776577,0.3164374041554049,0.6205780352847932,0.1749694595326634,-0.744570944300449,0.3136914967090337,0.91495182360837,-0.3644112888889793,0.0269078847309212,0.3104280239104933,0.2230106200060391,-0.8126585095500376,0.5342811249141018,0.3078841619952954,-0.1115470761081506,0.9607883155242096,-0.1554875384578274,0.2937083524041312,0.2015769753394977,-0.5098377295076513,-0.7888312070054531,0.2779536459518603,1,0,0,0,0,0,0,0,0,0,0,0,0,0,0,0,0,0,0,0,0,0,0,1,0,0,0,0,0,0,0,0,0,0,0,0,0,0,0,0,0,0,0,0,0,0,0,0,0,0,0,0,0,0,0,0,1,0,0,0,0,0,0,0,0,0,1,0,0,0,0,0,0,0,0,0,0,0,0,0,0,0,0,1,0,0,0,0,0,0,0,0,0,0,0,0,0,0,0,0,0,0,0,0,0,0,0,0,1,0,0,0,0,0,0,0,0,0,0,0,0,0,0,1,0,0,0,0,0,0,0,0,0,0,0,0,0,0,0,0,0,0,0,0,0,0,0,0,1,0,0,0,0,0,0,0,0,0,0,0,0,0,0,1,0,0,0,0,0,0,0,0,0,0,0,0,0,0,0,0,0,0,0,0,0,0,0,0,1,0,0,0,0,0,0,0,0,0,0,0,0,0,0,0,0,0,0,0,0,0,0,1,0,0,0,0,0,0,0,0,0,0,0,0,0,0,0,0,1,0,0,0,0,0,0,0,0,0,0,0,0,0,0,0,0,0,0,0,0,0,0,0,0,0,0,0,1,0,0,0,0,0,0,0,0,1,0,0,0,0,0,0,0,0,0,0,0,0,0,0,1,0,0,0,0,0,0,0,0,0,0,0,0,0,0,0,0,0,0,0,1,0,0,0,0,0,0,0,0,0,0,0,0,0,0,0,0,0,0,0,0,0,0,0,0,1,0,0,0,0,0,0,0,0,0,0,0,0,0,0,0,0,0,0,0,0,0,0,0,0,0,0,0,0,0,0,1,0,0,0,0,0,0,0,0,0,1,0,0,0,0,0,0,0,0,0,0,0,0,0,1,0,0,0,0,0,0,0,0,0,0,0,0,0,0,0,0,0,0,0,0,0,0,0,0,0,0,0,0,0,0,1,0,0,0,0,0,0,0,0,0,1,0,0,0,0,0,0,0,0,0,0,0,0,0,0,0,0,0,0,0,0,0,1,0,0,0,0,0,0,0,0,0,0,0,0,0,0,0,0,1,0,0,0,0,0,0,0,0,0,0,0,0,0,0,0,0,0,0,0
8.297,18,-0.8767261210407516,0.0831705053874244,-0.1304609569941453,0.5712254109602591,0.8335638575660939,0.55070176557554,1.721156283019607e-17,0.5641002737996315,0.7737064803097102,-0.5541186712469092,0.2702036398349841,0.5542072624466506,0.2443318606010936,-0.9201521235024812,0.292612755229778,0.4870652163921424,0.420561661304664,0.8665185063830869,-0.231198477319044,0.4436616676809174,0.1628277280213004,0.7130635332163858,-0.637147513176769,0.4362309416872517,0.7259773780331472,-0.3320917296774708,0.573549964640046,0.419164544155617,-0.0183569879233128,-0.3934257143803371,-0.8651396633178313,0.4036515136343435,0.0806882959562287,-0.9601244261686416,0.0703899945424641,0.4034142155936647,0.5936596502103245,-0.3950000075838123,-0.6391724926253741,0.3944625712156588,0.0640699154824293,0.963179124269912,0.0939801317992814,0.3915354474858451,0.1610713454167973,-0.9118920057257046,0.2446147329263307,0.3880002732757345,0.9069117262789174,0.39161657435545,0.1019548995328519,0.3737989636218035,-0.0769062674977901,-0.7447331536914269,0.6026470639159585,0.3721744127805493,-0.8699160335476639,0.1180442255638966,-0.2573392926350952,0.367272559890442,-0.3105879152707789,-0.1897807502625841,-0.8668215232602627,0.3631381400562651,0.8316350159578899,-0.511969854286485,-0.0666157404684229,0.3585050782586317,0.3044128239355269,0.47711620154491,-0.7892003081079179,0.3495163858678153,0.7609295413420697,-0.4473389353682322,-0.4154072098916409,0.3452684253944341,-0.6246295057098414,-0.5615660759161589,-0.4546985326479077,0.3385455335409653,-0.0258419526719341,0.800563365320232,-0.5395888288891428,0.3292675169248166,-0.5367214979139423,-0.6257913081237578,0.5377330724527947,0.3086088473685096,-0.1635143361206702,0.5310364818644804,0.7737441142114159,0.3046821010614359,-0.2930181863246771,0.8982065426293503,0.2243273992466175,0.2956132299113007,0,0,0,0,0,0,0,0,0,0,0,0,0,0,0,0,1,0,0,0,1,0,0,0,0,0,0,0,0,0,0,0,0,0,0,0,0,0,0,0,0,0,0,1,0,0,0,0,0,0,0,0,0,0,0,0,0,0,0,0,0,0,0,1,0,0,0,0,0,0,0,0,0,0,0,0,0,0,0,0,0,0,0,1,0,0,0,0,0,0,0,0,0,0,0,0,0,0,0,0,0,0,0,0,0,0,0,0,0,0,0,1,0,0,0,0,0,0,0,0,0,0,0,0,0,0,1,0,0,0,0,0,0,0,0,0,0,0,0,0,0,0,0,0,0,0,0,0,0,0,0,0,0,0,0,0,1,0,0,0,0,0,0,0,0,0,0,0,1,0,0,0,0,0,0,0,0,0,0,0,0,0,0,0,0,1,0,0,0,0,0,0,0,0,0,0,0,0,0,0,0,0,0,1,0,0,0,0,0,0,0,0,0,0,0,0,0,0,0,0,0,0,0,0,0,0,0,0,1,0,0,0,0,0,0,0,0,0,0,0,0,0,0,0,0,0,0,0,0,0,0,0,0,0,0,0,1,0,0,0,0,1,0,0,0,0,0,0,0,0,0,0,0,0,0,0,0,0,0,0,1,0,0,0,0,0,0,0,0,0,0,0,0,0,0,0,0,0,0,0,1,0,0,0,0,0,0,0,0,0,0,0,0,0,0,0,0,0,0,0,1,0,0,0,0,0,0,0,0,0,0,0,0,0,0,0,0,0,0,0,1,0,0,0,0,0,0,0,0,0,0,0,0,0,0,0,0,0,0,0,0,0,0,0,0,0,0,0,0,0,0,1,0,0,0,0,0,0,0,0,0,0,0,0,0,0,1,0,0,0,0,0,0,0,0,0,0,0,0,0,0,0,0,0,0,1,0,0,0,0,0,0,0,0,0,0,0,0,0,0,0,1,0,0,0,0,0,0,0,0,0,0,0,0,0,0,0,0,0,0,0,0,0,0,0,0,0,1,0,0,0,0,0,0,0,0,0,0,0,0,0,0,0,0,0,0,0,0,1,0,0,0,0,0,0,0,0,0,0,0
8.765,19,-0.725479019629096,-0.0095470126027821,0.3029274653189492,0.5807520883837125,0.8685936951290764,0.4904380572134627,-3.744520664024805e-18,0.5559464958700466,0.7744745866187531,-0.5619608002625806,0.0403017529861321,0.5538758154100112,0.092100480130355,0.8280195463725993,-0.3503417612005097,0.4752990414877406,0.2742434419169304,-0.9302812752912064,0.1470612065523039,0.4736096767260234,-0.070005244944677,-0.9751294319294818,-0.089406194012954,0.4634476401184574,0.4714762392498547,0.8428695920767983,-0.0636806873461684,0.4496702990113498,-0.3055864297679302,-0.2109513952510794,-0.7706658157950643,0.4242305410623856,0.0542190219270614,-0.7951433767619324,0.560392009263954,0.4181660898739966,0.3108866621853199,-0.2187458649195885,-0.8006222896236102,0.4131966308714214,0.7921657784804006,-0.3944607940678015,0.2990630737749494,0.4025487538885516,-0.1907024468166984,0.8179498145978457,-0.1774461698799137,0.3944625712156588,0.5408858030200403,-0.3110484006214166,-0.6678838603113406,0.3870229802889303,-0.0974169285703693,-0.6736405584849452,0.6668542768068524,0.3864634873575837,0.7321654955633258,-0.4462908053045639,-0.3505972555452034,0.3791205039915036,0.085153769516935,0.6418569970859449,-0.6314568153322085,0.3774196444536808,0.2422585323182529,0.8258795478433905,0.2882678167518674,0.3769310814978014,-0.798112249658032,0.0385432277970644,0.1662732657055223,0.3748988034588264,0.9142431580855606,0.3522157220592267,-0.0169331394402557,0.3696885556168957,-0.6831132991547142,0.0235583322118819,-0.6054340297134782,0.360274869363537,-0.7189713436026016,-0.5224379207288212,-0.2123518015386872,0.3527697558022516,-0.1034871039388189,-0.6097308345322099,0.6475189287212099,0.3228158016029304,0.5257867523885255,0.8209164539599193,-0.1538241676704026,0.3200248070664081,0.0054032861241288,0.7171896022889686,0.4339367669565281,0.3122173036233452,0,0,0,0,0,0,0,0,0,0,0,0,0,0,0,0,1,0,0,0,1,0,0,0,0,0,0,0,0,0,0,0,0,0,0,0,0,0,0,0,0,0,0,1,0,0,0,0,0,0,0,0,0,0,0,0,0,0,0,0,0,0,0,0,0,0,0,0,0,0,0,1,0,0,0,0,0,0,0,0,0,0,0,1,0,0,0,0,0,0,0,0,0,0,0,0,0,0,0,0,0,0,0,0,0,0,0,0,1,0,0,0,0,0,0,0,0,0,0,0,0,0,0,1,0,0,0,0,0,0,0,0,0,0,0,0,0,0,0,0,0,0,0,0,0,0,0,0,0,0,0,0,0,0,0,0,1,0,0,0,0,0,0,1,0,0,0,0,0,0,0,0,0,0,0,0,0,0,0,0,0,0,0,0,0,1,0,0,0,0,0,0,0,0,0,0,0,0,0,0,0,0,0,0,0,0,1,0,0,0,0,0,0,0,0,0,0,0,0,0,0,0,0,0,0,1,0,0,0,0,0,0,0,0,0,0,0,0,0,0,0,0,0,0,0,0,0,0,0,0,0,1,0,0,0,0,0,0,0,0,0,0,0,0,0,0,0,0,1,0,0,0,0,0,0,0,0,0,0,0,1,0,0,0,0,0,0,0,0,0,0,0,0,0,0,0,0,0,0,0,1,0,0,0,0,0,0,0,0,0,0,0,0,0,0,0,0,0,0,0,0,0,0,1,0,0,0,0,0,0,0,0,0,0,0,0,0,0,0,0,1,0,0,0,0,0,0,0,0,0,0,0,0,0,0,0,0,0,0,0,0,0,0,0,0,0,0,0,0,0,0,0,0,0,0,0,1,0,0,0,1,0,0,0,0,0,0,0,0,0,0,0,0,0,0,0,0,0,0,0,0,0,0,0,0,0,1,0,0,0,0,0,0,0,0,0,0,0,0,0,0,0,0,0,0,0,0,0,1,0,0,0,0,0,0,0,0,0,0,0,0,0,0,0,0,0,1,0,0,0,0,0,0,0,0,0,0,0,0,0,0,0,0,0,0,0,0,0,1,0,0,0,0,0,0,0,0,0,0,0
8.288,20,0.6927686332366749,-0.5531421906724318,0.0274187550921294,0.6013251324202235,-0.4671532171168403,-0.2575298553358875,0.2359236892923267,0.5929376024366156,0.890159615770893,0.4448284650631858,-8.234344319987297e-18,0.5263045673236377,0.4602068233564268,-0.5847849560587677,0.2250273470906619,0.4782124692063177,0.45339029843521,-0.7240527593728713,0.1515555607998752,0.4780235942042974,-0.2725094559339241,-0.1199619008998586,-0.6139863997594414,0.4732665707753614,0.2929469316271578,0.7174728697359967,-0.1672203546570629,0.4360960724154925,0.596560710834086,0.7166250440101061,-0.0021200798906105,0.4151455396176337,-0.4674684625781093,-0.0102982703003968,-0.4201731162998376,0.4133133184465232,0.0310544290963318,0.6309806368234154,-0.062110212715951,0.4131966308714214,0.2806518499905702,-0.2612171418242585,-0.6633020755825445,0.3995588995520638,0.6399790934086599,-0.4078597005470269,-0.3041128320658531,0.3927688168520578,0.1498217323211977,0.5342040180518351,0.3522321682114757,0.386853251720347,-0.579525538557974,-0.132910647946251,0.1596874897050778,0.3863402731183628,0.5104360991680013,-0.2559294288510881,-0.5506551147750735,0.3689780451915058,0.2738909690770906,0.6408730720172995,-0.3886162283400339,0.365555905205867,0.9004772698673694,0.3478879292100926,-0.0230713777864205,0.3631015811536206,-0.6225224594936396,-0.5630913022188715,-0.2039303650817125,0.3606711558637209,0.3906745650818529,0.6750998773566825,0.2381581544962516,0.3525721173747266,-0.6535410946959452,-0.1496369724301894,-0.0118007284371437,0.3241443268236601,-0.4078554236564203,0.3786523143350351,-0.3067721646336453,0.3224859003726228,-0.7034649959403992,-0.2375237795353062,-0.1689057124789661,0.3157958513004399,0.6324543884047144,0.7340070557850412,-0.06709292890654,0.3030635762388222,0.6581004648180894,-0.3782180746584911,-0.281975407130873,0.259831164506248,0,0,0,1,0,0,0,0,0,0,0,0,0,0,0,0,0,0,0,0,0,0,0,0,0,0,0,0,0,0,0,0,0,0,0,0,1,0,0,0,1,0,0,0,0,0,0,0,0,0,0,0,0,0,0,0,0,0,0,0,0,0,0,0,0,0,1,0,0,0,0,0,0,0,0,0,0,0,0,0,0,0,0,0,0,0,1,0,0,0,0,0,0,0,0,0,0,0,0,0,0,0,0,0,0,0,0,0,0,0,0,0,0,0,0,0,1,0,0,0,0,0,0,0,0,0,0,0,0,0,0,1,0,0,0,0,0,0,0,0,0,0,0,1,0,0,0,0,0,0,0,0,0,0,0,0,0,0,0,0,1,0,0,0,0,0,0,0,0,0,0,0,0,0,0,0,0,0,0,0,0,0,0,0,0,1,0,0,0,0,0,0,0,0,0,0,0,0,0,0,0,0,0,0,0,1,0,0,0,0,0,0,0,0,0,0,0,0,0,0,1,0,0,0,0,0,0,0,0,0,0,0,0,0,0,0,0,0,0,0,0,0,0,0,0,0,0,0,1,0,0,0,0,0,0,0,0,0,0,0,1,0,0,0,0,0,0,0,0,0,0,0,0,0,0,0,0,0,0,0,0,0,0,0,0,0,0,0,0,0,0,1,0,0,0,0,0,0,0,0,1,0,0,0,0,0,0,0,0,0,0,0,0,0,0,0,0,0,0,0,0,0,0,0,0,0,0,0,0,0,0,0,0,0,0,0,1,0,0,0,0,0,0,0,0,0,1,0,0,0,0,0,0,0,0,0,0,0,0,0,0,0,0,1,0,0,0,0,0,0,0,0,0,0,0,0,0,0,0,0,0,0,0,0,0,0,0,0,0,0,0,1,0,0,0,0,0,0,0,0,0,0,0,0,0,0,0,0,0,0,0,1,0,0,0,0,0,0,0,0,0,0,0,1,0,0,0,0,0,0,0,0,0,0,0,0,0,0,0,0,0,0,0,0,0,0,1,0,0,0,0,0,0,0,0,0,0,0,0,0,0,0,0,0,0,0,0,0,0,0,0,0,0,0,0,0,1,0,0,0
8.0,21,0.8431933028210208,0.5260373259485098,-1.503874403859404e-17,0.5766733669611475,0.731983841513123,-0.578957093562682,0.2031955406816725,0.5766295070850889,-0.5942363553088941,0.0804206454870063,-0.1107946190285797,0.5712149053523012,0.2024668804420952,-0.9404510045088436,0.1977828796228285,0.4999173160556293,0.6256717346512504,-0.423968484313507,0.5467076952461032,0.4468585373842589,0.484842397856913,0.8178809840641239,-0.2014443631928116,0.4352373048549607,-0.2128568089493693,-0.7744970740097503,0.5544983637382235,0.4249288957361269,0.2474410670524789,0.7191144033153287,-0.5178440960565678,0.4145432762772131,0.0322709817720172,-0.9504616462290046,0.0056895877983032,0.4011140348656546,-0.0103557952541028,0.7267043602027073,-0.4287003381502729,0.3995588995520639,0.8792187739921173,0.3783451243665384,0.111065517465918,0.3877672452972119,0.4619263262380909,-0.3603508188756325,-0.6328076191567628,0.3767885028288856,0.1107549274008706,-0.9135872358692534,0.1711677901782598,0.3727046838162344,0.7681411521122146,-0.4732892212812412,-0.1175541918904352,0.3702690596658952,-0.0088397648961974,-0.1826998460139712,-0.7792673234700098,0.36980747050918,0.3899258684192112,0.8306989755126682,-0.0234007947940604,0.3656652913634181,-0.638271644592972,0.1297022978307055,-0.1950521660641339,0.3653393785280082,0.6957031580329558,-0.3368202035448508,-0.4613447524440482,0.3564907585623592,0.4017266349753144,0.8545741322196202,-0.1099538942515792,0.351119801986258,-0.2222393843570571,-0.0026508681157665,-0.7318766157672316,0.3404636581752138,0.3576802270005353,0.5260352055469181,-0.6772214046888172,0.33557777257213,-0.5005049733487186,-0.4242369852656463,-0.4167601539236186,0.3330277882208805,0.5771263794328003,0.4099007153069404,-0.6343541799833853,0.3040719764424178,-0.2656737550569035,-0.6176595782992718,0.6655982212953158,0.2960661860243965,1,0,0,0,0,0,0,0,0,0,0,0,0,0,0,0,0,0,0,0,0,0,0,1,0,0,0,0,0,0,0,0,0,0,0,0,0,0,0,0,0,0,0,0,0,0,0,0,0,0,0,0,0,0,0,0,1,0,0,0,0,0,0,1,0,0,0,0,0,0,0,0,0,0,0,0,0,0,0,0,0,0,0,0,0,0,1,0,0,0,0,0,0,0,0,0,0,0,0,0,0,0,0,1,0,0,0,0,0,0,0,0,0,0,0,0,0,0,0,0,0,0,0,0,0,0,0,0,0,0,0,0,0,0,0,0,0,0,0,1,0,0,0,0,0,0,0,0,0,0,0,1,0,0,0,0,0,0,0,0,0,0,0,0,0,0,0,0,1,0,0,0,0,0,0,0,0,0,0,0,0,0,0,0,0,1,0,0,0,0,0,0,0,0,0,0,0,0,0,0,0,0,0,0,0,0,0,0,0,0,0,0,0,0,0,0,1,0,0,0,0,0,0,0,0,1,0,0,0,0,0,0,0,0,0,0,0,0,0,0,0,0,0,0,0,0,0,0,1,0,0,0,0,0,0,0,0,0,0,0,1,0,0,0,0,0,0,0,0,0,0,0,0,0,0,0,0,0,0,0,0,0,0,0,0,0,0,0,0,0,0,0,0,0,0,0,1,0,0,0,0,0,0,0,0,0,1,0,0,0,0,0,0,0,0,0,0,0,0,0,1,0,0,0,0,0,0,0,0,0,0,0,0,0,0,0,0,0,0,0,0,0,0,0,0,0,0,0,0,0,0,1,0,0,0,0,0,0,0,0,0,0,0,0,0,0,1,0,0,0,0,0,0,0,0,0,0,0,0,0,1,0,0,0,0,0,0,0,0,0,0,0,0,0,0,0,0,0,0,0,1,0,0,0,0,0,0,0,0,0,0,0,0,0,0,0,0,0,0,0,0,0,0,0,0,0,1,0,0,0,0,0,0,0,0,0,0,0,0,0,0,0,0,0,0,0,0,0,0,0,0,0,0,0,0,0,1,0,0,0,0,0,0,0,0,0,0,0,0,0,1,0,0,0,0,0,0,0,0,0
7.933,22,0.7162800633812025,-0.5220038463746962,0.3757676049984154,0.5876403145773305,-0.7039203171416244,-0.1454207132450935,-0.3091758137425423,0.5717935577962399,0.8596582616863188,0.5021898669592695,1.7520210015281658e-17,0.5345023710955324,0.399149069065848,-0.5289144144410238,0.6112233898868551,0.505089277063409,0.4722865468996707,-0.6171704426660444,0.4736700319100396,0.4679355705976867,0.5398054023730012,0.7560514053971533,-0.2977966724449399,0.4232955125530616,0.3428685398254715,0.5685523011372211,-0.644771949804106,0.4199018075731666,0.1364692028314686,-0.5018287381710398,-0.7267042464161357,0.3990149529985571,0.183575654723763,0.9057017934473816,-0.0895917373773305,0.3795451997149658,0.0548671724909476,0.6484906075730258,-0.6153921589564467,0.3767885028288856,-0.7009889099108794,-0.0804713129630493,-0.4155724379099757,0.3709962667328415,0.6543124389378774,-0.4696523213491115,-0.4454526509119906,0.3705459556535072,0.8823910725441031,0.3966930534599363,0.1576660388395876,0.3640528275434822,0.7920327550357257,-0.4883059148793696,0.1005186278619223,0.3626178092109606,-0.1300065164455432,-0.3386416976904434,-0.7953889562439662,0.3591493629037654,0.4241714130885357,0.326561485207649,-0.7521321930300024,0.3410912665165522,0.1426783418929499,0.8778797851358652,0.1480306704483727,0.3365061059022163,-0.4511526124756649,-0.6702403767656716,-0.4433416762938434,0.3323878148844095,0.79196837489599,-0.4308949542441844,-0.2064685919722199,0.3275173025652739,-0.1642329881820264,0.9116103247183064,-0.1221932740614239,0.3184062730607911,-0.1005283598572764,-0.0245112624280515,-0.8509237494045288,0.3109839768019395,-0.6056715431190638,-0.2138795245848706,-0.5641720958274751,0.3029312095770475,-0.6615928906111892,0.3590654649477744,-0.1908769648660279,0.3017864964714576,0.5758133818454473,0.7500326185106674,-0.2793478914502506,0.3014218898782478,0,0,0,1,0,0,0,0,0,0,0,0,0,0,0,0,0,0,0,0,0,0,0,0,0,0,0,0,0,0,0,0,0,0,0,0,1,0,0,0,1,0,0,0,0,0,0,0,0,0,0,0,0,0,0,0,0,0,0,0,0,0,0,0,0,0,1,0,0,0,0,0,0,0,0,0,0,0,0,0,0,0,0,0,0,0,1,0,0,0,0,0,0,0,0,0,0,0,0,0,0,0,0,1,0,0,0,0,0,0,0,0,0,0,0,0,0,0,0,0,0,0,0,0,0,0,0,0,0,0,0,1,0,0,0,0,0,0,0,0,0,0,0,0,0,0,0,0,0,0,0,0,0,0,0,0,1,0,0,0,0,0,0,1,0,0,0,0,0,0,0,0,0,0,0,0,0,0,0,0,0,0,0,0,0,1,0,0,0,0,0,0,0,0,0,0,0,0,0,0,1,0,0,0,0,0,0,0,0,0,0,0,0,0,0,0,0,0,0,0,0,0,0,0,0,1,0,0,0,0,0,0,0,0,0,0,0,0,0,0,0,0,0,0,0,0,0,0,0,0,0,0,0,0,0,0,1,0,0,0,1,0,0,0,0,0,0,0,0,0,0,0,0,0,0,0,0,0,0,0,1,0,0,0,0,0,0,0,0,0,0,0,0,0,0,0,0,0,0,0,1,0,0,0,0,0,0,0,0,0,0,0,0,0,0,0,0,0,0,0,0,0,0,0,0,0,0,0,1,0,0,0,0,0,0,0,0,0,0,0,0,0,0,0,0,0,1,0,0,0,0,0,0,0,0,0,0,0,0,0,0,0,0,0,0,0,0,0,0,0,0,1,0,0,0,0,0,0,0,0,0,0,0,0,0,0,0,0,1,0,0,0,0,0,0,0,0,0,0,0,0,0,0,0,0,0,0,0,0,0,0,1,0,0,0,0,0,0,0,0,0,0,0,0,0,0,0,0,0,0,0,1,0,0,0,0,0,0,0,0,0,0,0,0,0,0,1,0,0,0,0,0,0,0,0,0,0,0,0,0,0,0,0,0,0,0,1,0,0,0,0,0,0,0,0,0,0,0,0,0
8.163,23,0.8313562342799508,0.5499786600967764,1.3958520030306148e-17,0.594515360009312,-0.8136162513215298,0.1586119384955041,0.0864620525048021,0.5790620665210685,0.781353427176038,-0.567624697035603,0.2109426187330448,0.5499741795089252,0.2563722661293056,-0.9090836688154867,0.309494954428193,0.4783994655014118,0.3862443145358938,0.8864538723583081,-0.1888566329201456,0.4630508924742337,0.0494829230970441,0.7711721328721308,-0.5523328912326596,0.4586767024627381,-0.0399524236868154,-0.9666419283847292,0.0529183550627345,0.4574740983517732,-0.0231218305331251,-0.7216879328848296,0.6136794621777361,0.4275109744736004,-0.2519893803833554,-0.3434708993148326,-0.8045830121826827,0.4145275720262817,0.7669633236336386,-0.3555335791672445,0.4897447702335976,0.4108647022663928,0.4768181114512921,-0.4456639240216438,-0.6893620797185138,0.4040950543361429,0.9075996882605092,0.3840921628634633,0.0652528089445367,0.3863613102940059,0.3074139192577428,0.917014844786691,-0.0015014147740479,0.3810365035484458,-0.8552556440330191,0.1540025913377051,-0.0297266212089365,0.3707810797535263,-0.187934763151935,0.8142358970359027,-0.4189112676792677,0.3705459556535072,-0.1155158435102331,-0.6094257709771866,0.6083310870717111,0.3695069953402862,-0.5076762830644069,-0.1176541208541285,-0.7263756790137333,0.3691594580987136,0.7958288946043772,-0.535736381221912,-0.1691401279893531,0.3666395031019147,0.1682573728462629,0.5160153197040583,-0.7845816993182962,0.3664407670913244,0.6856550822347647,-0.4548567492176009,-0.5047838927961452,0.3537407313693111,0.3483733174741975,0.8772756279343392,-0.0535967727987023,0.3503360058175441,-0.1308391801107193,-0.5504189268586998,0.6713464558587816,0.3235550785746338,-0.2189740226090429,-0.5935941300586136,0.6356418732445719,0.3105580510917647,-0.4813018306357464,0.2246914104678221,-0.7181035506151823,0.2644544490647681,1,0,0,0,0,0,0,0,0,0,0,0,0,0,0,0,0,0,0,0,0,0,0,0,0,0,0,0,0,0,0,0,0,0,0,0,1,0,0,0,0,0,0,1,0,0,0,0,0,0,0,0,0,0,0,0,0,0,0,0,0,0,0,1,0,0,0,0,0,0,0,0,0,0,0,0,0,0,0,0,0,0,0,1,0,0,0,0,0,0,0,0,0,0,0,0,0,0,0,0,0,0,0,0,0,0,0,0,0,0,0,1,0,0,0,0,0,0,0,0,0,0,0,0,0,0,0,0,1,0,0,0,0,0,0,0,0,0,0,0,0,0,0,1,0,0,0,0,0,0,0,0,0,0,0,0,0,0,0,0,0,0,0,0,0,0,0,0,0,0,0,0,0,0,0,0,1,0,0,0,0,0,0,0,0,0,1,0,0,0,0,0,0,0,0,0,0,0,0,0,0,0,0,0,0,1,0,0,0,0,0,0,0,0,0,0,0,0,0,0,0,0,0,0,0,0,0,0,0,0,0,0,0,0,0,0,1,0,0,0,0,0,0,0,0,0,1,0,0,0,0,0,0,0,0,0,0,0,0,0,1,0,0,0,0,0,0,0,0,0,0,0,0,0,0,0,0,0,0,0,0,0,0,0,0,1,0,0,0,0,0,0,0,0,0,0,0,0,0,0,0,0,0,0,0,0,0,0,1,0,0,0,0,0,0,0,0,0,0,0,1,0,0,0,0,0,0,0,0,0,0,0,0,0,0,0,0,0,0,0,1,0,0,0,0,0,0,0,0,0,0,0,0,0,0,0,0,0,0,0,1,0,0,0,0,0,0,0,0,0,0,0,0,0,0,0,0,0,0,0,0,0,0,0,0,0,0,0,0,0,0,1,0,0,0,0,0,0,0,0,0,0,0,0,0,0,1,0,0,0,0,0,0,0,0,0,0,0,0,0,0,0,0,0,0,0,0,0,1,0,0,0,0,0,0,0,0,0,0,0,0,0,0,0,0,0,0,0,1,0,0,0,0,0,0,0,0,0,0,0,0,0,0,0,0,0,0,0,0,0,0,1,0,0,0,0,0,0,0,0
7.949,24,0.8517324667164026,0.5204029504790556,-1.988258612514498e-18,0.5747694824450954,0.7690790236812873,-0.5449069033524687,0.190733309017386,0.5562969156167169,-0.747626546501495,-0.0541042984977278,0.0369480354892878,0.5218781593043377,0.2790760262251216,-0.9083286876024096,0.2665113885491728,0.4787777127141924,0.0057799066761512,-0.9111065024808492,0.1677212609057043,0.4625448821882473,0.142501016241362,0.719758681014728,-0.47235248116312,0.4578726468999916,0.4484573867931879,0.8407318892264444,-0.1606623343394755,0.4504126264273441,0.1020259222852528,-0.9171725758144292,0.1342390551609015,0.4291434333983371,0.7335911175066442,-0.3135606023462843,0.460181754121217,0.4260346179374649,-0.1707103006373989,0.7065863085973648,-0.3583461163881192,0.4040950543361429,-0.154799997880665,-0.3345679745993632,-0.6824785265917647,0.4039396525425797,0.1607483544168266,0.8901679044818802,0.1533747055213695,0.3808122605563032,0.903069817889434,0.3784070560129437,0.0536539145948954,0.3794945963102078,-0.1639648916265254,0.7639955029873712,0.2637050870213442,0.3755128580219389,0.7617835817537814,-0.4934376426407703,-0.1603313564191203,0.3724943884911339,-0.3914885535752176,-0.1712407515893713,-0.6231490913567417,0.3634712465093004,0.1603799887331494,0.5354533537252464,-0.655577469301496,0.3608880696966684,0.5790450394661903,-0.3915219176716095,-0.6317565959930475,0.3449873665199783,0.7063475320265701,-0.4160179441329775,-0.4668379689718664,0.3439285615684962,-0.8306269689036061,0.0100818389613284,-0.1817561853547582,0.3184291500499943,0.218103312547013,-0.802256100419656,0.49300145419798,0.3057033660696683,0.4947747731193189,0.8229876334661516,-0.2479589431776615,0.2900117563021313,-0.544467898776097,-0.648353952367432,-0.3698413817155144,0.2606600000482749,0.3510970611494153,0.5073951511472429,-0.6449069088329772,0.2601940128392057,1,0,0,0,0,0,0,0,0,0,0,0,0,0,0,0,0,0,0,0,0,0,0,1,0,0,0,0,0,0,0,0,0,0,0,0,0,0,0,0,0,0,0,0,0,0,0,0,0,0,0,0,0,0,0,0,1,0,0,0,0,0,0,1,0,0,0,0,0,0,0,0,0,0,0,0,0,0,0,0,0,0,0,0,0,0,0,0,1,0,0,0,0,0,0,0,0,0,0,0,0,0,0,0,0,0,0,0,0,0,0,1,0,0,0,0,0,0,0,0,0,0,0,1,0,0,0,0,0,0,0,0,0,0,0,0,0,0,0,0,0,0,0,0,0,0,0,0,1,0,0,0,0,0,0,0,0,0,0,0,0,0,0,0,0,0,1,0,0,0,0,0,0,0,0,0,0,0,0,0,0,0,0,0,0,1,0,0,0,0,0,0,0,0,0,0,0,0,0,0,0,0,0,0,0,0,0,0,0,0,0,0,0,0,0,0,1,0,0,0,0,0,0,1,0,0,0,0,0,0,0,0,0,0,0,0,0,0,0,0,0,0,0,0,0,0,0,0,0,0,0,0,0,0,0,0,1,0,0,0,0,0,0,0,0,0,0,0,1,0,0,0,0,0,0,0,0,0,0,0,1,0,0,0,0,0,0,0,0,0,0,0,0,0,0,0,0,0,0,0,1,0,0,0,0,0,0,0,0,0,0,0,0,0,0,0,0,0,0,0,1,0,0,0,0,0,0,0,0,0,0,0,0,0,0,0,0,0,0,0,0,0,0,0,0,1,0,0,0,0,0,0,0,0,0,0,0,0,0,0,0,0,0,0,0,0,0,0,0,0,0,1,0,0,0,0,0,0,0,0,1,0,0,0,0,0,0,0,0,0,0,0,0,0,0,0,0,0,0,0,0,0,0,1,0,0,0,0,0,0,0,0,0,0,0,0,0,0,0,0,0,0,0,0,0,0,1,0,0,0,0,0,0,0,0,0,0,0,0,0,0,0,0,0,0,0,1,0,0,0,0,0,0,0,0,0,0,0,0,0,0,0,0,0,0,0,0,0,0,0,0,0,0,0,0,0,1,0,0,0
8.367,25,0.7827302782877668,-0.5545075779124229,0.1243933488481265,0.5495961352785697,0.8574998993189235,0.5114246631098924,4.393098355847527e-18,0.549492938527031,-0.6218522125395025,-0.0249665145942755,0.2058491436465644,0.4911823663171657,0.3048752048320475,-0.9026350952789488,0.2569651998096933,0.4718479055924541,0.4599157254030679,0.8461484125869759,-0.1025374544264561,0.4426554000228535,0.1818592407346955,0.7531987033968333,-0.3164582356566786,0.4402247457682267,0.3764520666199196,-0.374021906808951,-0.7424542615168559,0.4370004563823292,0.0787683561414787,-0.9552376502273786,0.0587051146181332,0.4334099240410723,0.7932089280674244,-0.3501392827263291,0.3563981488701119,0.4046245502956547,0.2160734715100741,-0.9225326389358044,0.1544440533451666,0.3847395785769133,0.1079496452667024,-0.7409795942394553,0.5677553739294411,0.3782950101840384,0.7395975087246082,-0.5019634201940874,-0.2584072465829116,0.376070717906821,0.6296790559220273,-0.3828259051323418,-0.5541747860177898,0.3711053124487029,0.2224031829550105,0.8772859931231582,0.1174624432697885,0.3693181757673865,0.9064000383935256,0.375058492050652,0.0107596419095278,0.367926775703574,-0.2709783941689249,-0.2982451935347577,-0.6079153807837141,0.3595089673590227,-0.0795991124083381,-0.4086228333117685,0.8575510459958078,0.3587623505994726,-0.0889365706285692,0.7193452895150227,-0.2639726125226398,0.3449873665199783,0.4436229653243703,0.8438545200330945,-0.1556564934223748,0.342788167523659,0.1542272134027365,0.5539236942451885,-0.5671825701470763,0.3351510626742977,-0.7927253082820859,0.0805391121862083,-0.0007040654335182,0.294829515979496,-0.5587331979803573,-0.0536652599278872,-0.477570610063124,0.2934354968896578,0.2683456428194184,0.5586067890783291,-0.4444579106947462,0.2740790241544579,0.0654638403364528,0.7840397672057857,0.0997177100108894,0.2704574440585438,0,0,0,1,0,0,0,0,0,0,0,0,0,0,0,0,0,0,0,0,1,0,0,0,0,0,0,0,0,0,0,0,0,0,0,0,0,0,0,0,0,0,0,0,0,0,0,0,0,0,0,0,0,0,0,0,1,0,0,0,0,0,0,1,0,0,0,0,0,0,0,0,0,0,0,0,0,0,0,0,0,0,0,1,0,0,0,0,0,0,0,0,0,0,0,0,0,0,0,0,0,0,0,0,0,0,0,0,0,0,0,1,0,0,0,0,0,0,0,0,0,0,0,0,0,1,0,0,0,0,0,0,0,0,0,0,0,0,0,0,0,0,0,0,0,0,0,0,1,0,0,0,0,0,0,0,0,0,0,0,0,0,0,0,0,0,1,0,0,0,0,0,0,0,0,0,0,0,0,0,0,0,0,0,0,0,0,0,1,0,0,0,0,0,0,0,0,0,0,0,0,0,0,1,0,0,0,0,0,0,0,0,0,0,0,0,0,0,0,0,1,0,0,0,0,0,0,0,0,0,0,0,0,0,0,0,0,0,0,0,0,0,0,0,0,0,0,0,0,0,0,1,0,0,0,0,0,0,0,0,0,0,0,1,0,0,0,0,0,0,0,0,0,0,0,0,0,0,0,0,0,0,0,0,0,0,0,0,0,0,0,0,0,0,0,0,1,0,0,0,0,0,0,0,0,0,0,0,0,0,0,0,0,0,0,0,1,0,0,0,0,0,0,0,0,0,0,0,1,0,0,0,0,0,0,0,0,0,0,0,0,0,0,0,0,1,0,0,0,0,0,0,0,0,0,0,0,0,0,0,0,0,0,0,0,0,1,0,0,0,0,0,0,0,0,0,0,0,0,0,1,0,0,0,0,0,0,0,0,0,0,0,0,0,0,0,0,0,0,0,1,0,0,0,0,0,0,0,0,0,0,0,0,0,0,0,0,0,0,0,1,0,0,0,0,0,0,0,0,0,0,0,0,0,0,0,0,0,0,0,0,0,0,0,0,0,0,0,0,0,0,0,0,0,0,0,1,0,0,0,0,0,0,0,0,0,0,0,1,0,0,0,0,0,0,0,0,0,0,0
7.957,26,0.8756943263254089,0.4726676249502904,1.0296928898296874e-17,0.5747071458150435,0.7539547724915433,-0.5639988360547559,0.2956855244484181,0.5640955228891908,0.2385944700581002,-0.8339105642731116,0.4252499719305562,0.4901147353907345,0.1554772751415697,0.6986694694221434,-0.6295468630219195,0.4665745257832138,0.4897036928450465,0.8192160616781937,-0.250418371195981,0.4530939813780465,-0.901670050333192,0.0526141933267315,0.0650878729732168,0.4408175997441425,-0.2032077032590756,0.7346339863770762,-0.5173073709863399,0.4370004563823292,-0.0211747627933478,-0.6842569402379549,0.5824027473056225,0.4335647198279394,0.7159011769775548,-0.3707580721765552,0.5219152309133134,0.4133264064153934,0.0577132062275223,-0.8419630214554292,0.3410842645057523,0.4075735937632044,0.1384871464773316,-0.797222733289105,0.390502802453755,0.3939085253256638,0.5948762235721241,-0.4340605918316333,-0.5752484497482065,0.3871726779928087,0.7253002048422412,-0.6107744375461979,-0.045101759841682,0.3794768338977407,0.1928774079461909,0.9464847540527564,0.0847139831609135,0.3781323281003513,0.9303018875421324,0.3190765107202647,0.1159424079963861,0.3775216416479096,0.2459965996102275,0.4247961242693546,-0.8070146737449597,0.3604938738856051,-0.2009146721441363,-0.3557852953278347,-0.7791911682354435,0.3590186641877606,0.0495173026605833,0.8859642614050426,0.2796579817746811,0.3571396747393131,0.6930434116062015,-0.5082149964115679,-0.366312025800785,0.3475391580485572,0.5909436419037121,0.737376860488345,-0.302853641000227,0.3222223922826794,0.5053642198680297,0.3036377691901169,-0.7565089257006873,0.3138182064662885,0.0144963658412729,0.9340541845259304,0.2336595047958986,0.3100024186649033,-0.4479549990298658,-0.243317570677848,-0.7593499284475645,0.305278332795856,-0.9072266667899204,0.0886620210284157,-0.0858745292607382,0.2906912987726004,1,0,0,0,0,0,0,0,0,0,0,0,0,0,0,0,0,0,0,0,0,0,0,1,0,0,0,0,0,0,0,0,0,0,0,0,0,0,0,0,0,0,0,1,0,0,0,0,0,0,0,0,0,0,0,0,0,0,0,0,0,0,0,0,0,0,0,0,0,0,0,1,0,0,0,0,0,0,0,0,0,0,0,1,0,0,0,0,0,0,0,0,0,0,0,0,0,0,0,0,0,0,0,0,0,0,0,0,0,0,0,0,0,0,0,0,1,0,0,0,0,0,0,0,0,1,0,0,0,0,0,0,0,0,0,0,0,0,0,0,0,0,0,0,0,0,0,0,0,0,0,0,0,0,0,0,0,1,0,0,0,0,0,0,0,0,1,0,0,0,0,0,0,0,0,0,0,0,0,0,0,0,0,0,0,0,0,0,1,0,0,0,0,0,0,0,0,0,0,0,0,0,0,0,0,0,0,0,1,0,0,0,0,0,0,0,0,0,0,0,0,0,0,0,0,1,0,0,0,0,0,0,0,0,0,0,0,0,0,0,1,0,0,0,0,0,0,0,0,0,0,0,0,0,0,0,0,0,0,0,0,0,0,1,0,0,0,0,0,0,0,0,0,0,0,0,0,0,0,0,0,0,0,0,0,0,0,0,0,0,0,0,0,0,0,0,1,0,0,0,1,0,0,0,0,0,0,0,0,0,0,0,0,0,0,0,0,0,0,0,0,0,0,0,0,0,0,0,0,0,0,0,0,0,0,0,1,0,0,0,0,0,0,0,0,0,0,0,1,0,0,0,0,0,0,0,0,0,0,0,0,0,0,0,0,0,0,0,0,0,0,1,0,0,0,0,0,0,0,0,0,0,0,0,0,0,1,0,0,0,0,0,0,0,0,0,0,0,0,0,0,0,0,0,0,0,0,0,0,0,0,0,0,0,0,0,1,0,0,0,0,0,0,0,0,0,0,0,1,0,0,0,0,0,0,0,0,0,0,0,1,0,0,0,0,0,0,0,0,0,0,0,0,0,0,0,0,0,0,0,1,0,0,0,0,0,0,0,0,0,0,0,0,0,0,0,0,0,0,0
7.861,27,0.8603582438315547,0.5059758868547778,1.706095132296962e-17,0.5557129330333959,0.787473982366292,-0.555862709180559,0.128740828290388,0.5465197614366925,0.3178575350601584,-0.8356360560504796,0.367434706664256,0.4692305042451467,0.0920610805235404,0.7932355115993549,-0.3483857920723419,0.4687870652043696,0.4445391463807887,0.8636041091475881,-0.117395684315752,0.4489355057627869,0.0162406062537703,-0.3193721789237631,0.8174641582707031,0.4210820052893142,-0.4852324199441609,-0.3728658456580836,-0.6050500761732088,0.4129061846326137,-0.8354000498828461,0.3045352128864544,0.2999481891826224,0.4093957486451165,0.1360052351901473,-0.5679267281741043,0.7337765846953461,0.4029501084466752,0.6847561547430477,-0.5934676368876908,-0.2784190601846631,0.3868615553800399,0.1791850415017576,-0.9067154599087884,0.1825890386201932,0.3854119257246969,0.0776635780271514,0.5824705847726801,-0.5591379465144432,0.3831548717607783,0.5447946139012925,-0.3172177618955403,-0.7591858026212064,0.3828034825397191,0.845272077723404,-0.3530848888604874,0.2663551400533657,0.3824873861853048,0.6168461440429924,-0.482829588713087,-0.568303811004655,0.3686380960464998,0.927281513078696,0.3489429802253986,0.0326005878624281,0.3673028861818894,0.1243366759786648,-0.8976433673841347,0.2508158094548605,0.3635747919427161,-0.194713766634989,0.7981351379644619,-0.215692184164426,0.3605852989714905,-0.6686318336582475,-0.107474479036197,-0.494537851926274,0.3561563657908164,0.2548303893585893,0.8983721038468084,0.1559159434317959,0.3555623415995518,0.2726276876009919,0.4927130066053079,-0.6016588569718724,0.3369565976598128,0.0662915727305224,-0.4943287771631297,0.7783257670488157,0.3198187307632728,0.4339445844322022,0.8492010497911445,-0.1845106508206498,0.3166297579552812,-0.5519915756997789,0.2322362953511469,-0.533567771963812,0.3081709759451799,1,0,0,0,0,0,0,0,0,0,0,0,0,0,0,0,0,0,0,0,0,0,0,1,0,0,0,0,0,0,0,0,0,0,0,0,0,0,0,0,0,0,0,1,0,0,0,0,0,0,0,0,0,0,0,0,0,0,0,0,0,0,0,0,0,0,0,0,0,0,0,1,0,0,0,0,0,0,0,0,0,0,0,1,0,0,0,0,0,0,0,0,0,0,0,0,0,0,0,0,0,0,0,0,0,0,0,0,1,0,0,0,0,0,0,0,0,0,0,0,0,0,0,0,0,0,0,0,0,0,0,0,0,0,0,0,1,0,0,0,0,0,0,0,0,0,0,0,0,0,0,0,0,0,0,0,1,0,0,0,0,0,0,1,0,0,0,0,0,0,0,0,0,0,0,0,0,0,0,0,1,0,0,0,0,0,0,0,0,0,0,0,0,0,0,0,0,0,0,0,0,0,0,0,0,0,0,0,1,0,0,0,0,0,0,0,0,0,0,0,1,0,0,0,0,0,0,0,0,0,0,0,0,0,0,0,0,0,0,0,0,0,0,0,0,1,0,0,0,0,0,0,0,0,0,0,0,0,0,0,0,0,0,0,0,0,1,0,0,0,0,0,0,0,0,0,0,0,0,0,0,0,0,0,0,0,0,0,0,0,0,1,0,0,0,0,0,0,0,0,0,0,0,0,0,0,0,0,0,0,0,0,0,0,0,0,1,0,0,0,0,0,0,0,0,0,0,0,1,0,0,0,0,0,0,0,0,0,0,0,0,0,0,0,0,1,0,0,0,0,0,0,0,0,0,0,0,0,0,0,1,0,0,0,0,0,0,0,0,0,0,0,0,0,0,0,0,0,0,0,0,0,0,1,0,0,0,0,0,0,0,0,0,0,0,0,0,0,0,0,0,0,0,0,0,0,0,0,0,0,0,0,0,0,0,0,1,0,0,0,0,0,0,0,0,0,0,0,1,0,0,0,0,0,0,0,0,0,0,0,0,0,0,0,0,0,1,0,0,0,0,0,0,0,0,0,0,0,0,0,0,0,0,0,0,0,0,0,0,0,0,1,0,0,0,0,0,0,0,0
7.997,28,0.9001584228553231,0.4222187518643792,-2.751685915981187e-17,0.5685826854497182,0.7516101646397135,-0.6203552653708135,0.0209812973600356,0.565660340834396,0.1263728532508347,0.8560274092649724,-0.1022604707339585,0.4803169817235894,0.3044918208727306,-0.8446531331734871,0.2439123281983427,0.4728029218172933,0.5198212233429551,0.8275840191778367,0.0014593254338816,0.4502782373540509,0.04550853402499,-0.26812209079735,0.9000384889214786,0.4091822895027873,-0.0492962460625844,0.8116243306528903,0.1194988455147613,0.4088009081954514,0.1746823272347515,-0.569804893450994,0.5729342365420245,0.4013447930975717,0.1273923024127688,-0.8855373707646083,0.095599291058358,0.4011714047463585,0.6157826569442848,-0.6215582170663586,-0.3473356051280524,0.3996778862202323,-0.7270264022251073,-0.1512429301889351,-0.5518124473730079,0.3967692877178537,0.7856162718724764,-0.4865710595254214,0.1323593152564143,0.3944664655182043,0.010399906150126,0.6900972602945229,-0.3435446436472928,0.3874479782268513,0.9487553892358336,0.2514586786403418,-0.0544060025541663,0.375405193740404,0.5124775507497795,0.7708125180538923,-0.1389625511184082,0.3633143355544181,0.0912907755940637,-0.9233015593144186,0.1995657601854686,0.3613300412234519,0.5984295597298408,-0.462047027635414,-0.4924271705603152,0.3481820700699859,0.4117315698994928,0.8371528329801536,0.237567637252079,0.3390254834322092,-0.8657781388655666,0.1286329200345057,-0.3143805302519038,0.3378959729740864,0.1763309609492492,0.5665331386392135,-0.4469411293321857,0.3375716725323883,-0.6150918191631197,0.2811097217713144,0.5877357991447612,0.326791136378209,0.6080641057283435,-0.2287635656904711,-0.4920918702966088,0.3063713025126596,-0.0825011744568204,-0.5902130986852157,0.5073953178326184,0.2988535410688446,-0.9025179793708674,-0.2612494846350487,0.2021351019520378,0.2986481268901965,1,0,0,0,0,0,0,0,0,0,0,0,0,0,0,0,0,0,0,0,0,0,0,1,0,0,0,0,0,0,0,0,0,0,0,0,0,0,0,0,0,0,0,0,0,0,0,0,0,0,0,1,0,0,0,0,0,0,0,0,0,0,0,1,0,0,0,0,0,0,0,0,0,0,0,0,0,0,0,0,0,0,0,1,0,0,0,0,0,0,0,0,0,0,0,0,0,0,0,0,0,0,0,0,0,0,0,0,1,0,0,0,0,0,0,0,0,0,0,0,0,0,0,0,0,1,0,0,0,0,0,0,0,0,0,0,0,0,0,0,0,0,0,1,0,0,0,0,0,0,0,0,0,0,0,0,0,0,0,0,0,0,0,0,0,0,0,0,1,0,0,0,0,0,0,0,0,0,0,0,1,0,0,0,0,0,0,0,0,0,0,0,0,0,0,0,0,0,0,0,0,0,0,0,0,0,0,0,0,0,0,0,0,0,0,0,1,0,0,0,0,0,0,0,0,0,1,0,0,0,0,0,0,0,0,0,0,0,0,0,1,0,0,0,0,0,0,0,0,0,0,0,0,0,0,0,0,0,0,0,0,0,0,0,0,0,0,0,0,0,0,0,0,0,0,0,1,0,0,0,0,0,0,0,0,0,1,0,0,0,0,0,0,0,0,0,0,0,0,0,0,0,0,0,0,0,0,0,1,0,0,0,0,0,0,0,0,0,0,0,0,0,0,0,0,0,0,0,0,0,0,1,0,0,0,0,0,0,0,0,0,0,0,1,0,0,0,0,0,0,0,0,0,0,0,0,0,0,0,0,1,0,0,0,0,0,0,0,0,0,0,0,0,0,0,0,0,0,0,0,0,0,0,0,0,0,0,0,0,0,0,0,0,0,0,0,1,0,0,0,0,0,0,0,0,0,0,0,0,0,0,0,0,0,0,0,1,0,0,0,0,0,0,0,0,1,0,0,0,0,0,0,0,0,0,0,0,0,0,0,0,0,0,0,0,0,0,0,1,0,0,0,0,0,0,0,0,0,0,0,0,0,0,0,0,0,1,0,0,0,0,0,0,0,0,0,0,0,0,0
7.913,29,0.7139133671003847,-0.4969053562913874,-0.3789490529033288,0.586762037726356,0.92237720603454,0.3794298929001679,-2.2543043991893346e-17,0.5503984151244988,0.3254511557468332,-0.8757406878110292,-0.1011746142829118,0.4669798955542994,0.3684264737312139,-0.3020973170769537,-0.782592404570487,0.4565663969204019,0.5925491487498286,0.7001799690789622,0.2911768037625514,0.4494748160619541,0.3707402007814993,0.5864517719282516,0.5282354747991324,0.4367667602028132,0.407607103922684,0.803981325342319,0.2330563618791544,0.4303026909374823,0.0465458419429674,-0.9013831726236716,-0.2053052857999391,0.4129396014230958,0.1543987253345504,0.5878271346531062,0.5041673919955104,0.4097845497075058,0.1275318107275188,-0.8848365772056365,-0.1903443482864191,0.3875576963384618,0.0802427710117399,-0.1365110990712652,-0.9183356953188188,0.3827936262493875,0.8098890490455275,-0.3488832392668114,-0.3338720178405142,0.3824191551875306,0.2429308548286545,-0.2282075227523838,-0.81013246840888,0.3817485369185827,0.3181445944222675,-0.6475806314248216,0.4820322134097273,0.3725467144735718,0.0622777619914347,0.6586916284421949,0.3008373526339192,0.3707724623710146,0.9294180516600452,0.3036063100360358,-0.1630964582728451,0.3687850393210076,0.3978642070300613,-0.7743187357031791,0.3005968684605541,0.3646738166916841,0.3632879170514806,0.4495791819217718,0.5554441394353727,0.357533383271804,0.5411539647409265,0.6683197308198674,0.2142959303773091,0.3219872282546417,0.2461210581319843,-0.7922809202867505,0.3973677112932011,0.3191923663627785,-0.619497795948666,-0.532620980485187,0.3965808348816666,0.2971478269512558,0.5098800951187016,0.4278037046479236,0.173289011917777,0.2689853202196283,-0.4865196016333368,-0.333452555513468,0.6234137419856068,0.2335429030906498,-0.4728555428262899,0.3142507245678026,0.5318776275142397,0.2259682660983888,0,0,0,1,0,0,0,0,0,0,0,0,0,0,0,0,0,0,0,0,1,0,0,0,0,0,0,0,0,0,0,0,0,0,0,0,0,0,0,0,0,0,0,1,0,0,0,0,0,0,0,0,0,0,0,0,0,0,0,0,1,0,0,0,0,0,0,0,0,0,0,0,0,0,0,0,0,0,0,0,0,0,0,1,0,0,0,0,0,0,0,0,0,0,0,0,0,0,0,0,0,0,0,0,0,0,0,0,0,0,0,1,0,0,0,0,0,0,0,0,0,0,0,0,0,0,1,0,0,0,0,0,0,0,0,0,0,0,0,0,0,0,0,0,0,0,0,0,1,0,0,0,0,0,0,0,0,0,0,0,1,0,0,0,0,0,0,0,0,0,0,0,0,0,0,0,0,0,0,0,0,0,0,0,0,0,0,0,1,0,0,0,0,0,0,0,0,0,0,0,0,0,0,0,0,0,0,0,0,0,0,0,0,0,0,0,1,0,0,0,0,0,0,0,0,0,1,0,0,0,0,0,0,0,0,0,0,0,0,0,0,0,0,0,0,0,0,0,0,0,0,0,0,0,0,0,1,0,0,0,0,0,0,0,0,0,0,0,1,0,0,0,0,0,0,0,0,0,0,0,0,0,0,0,0,0,0,0,0,0,0,0,0,0,0,0,1,0,0,0,0,0,0,0,0,0,0,0,0,0,0,0,0,0,0,0,1,0,0,0,0,0,0,1,0,0,0,0,0,0,0,0,0,0,0,0,0,0,0,0,0,0,0,0,0,1,0,0,0,0,0,0,0,0,0,0,0,0,0,0,0,0,0,1,0,0,0,0,0,0,0,0,0,0,0,0,0,0,0,0,0,0,0,0,0,0,0,0,1,0,0,0,0,0,0,0,0,0,0,0,0,0,0,0,0,0,0,0,0,0,0,0,0,0,0,0,1,0,0,0,0,0,0,0,0,0,0,0,1,0,0,0,0,0,0,0,0,0,0,0,1,0,0,0,0,0,0,0,0,0,0,0,0,0,0,0,0,0,0,0,0,0,0,1,0,0,0,0,0,0,0,0,0,0,0,0,0,0,0,0
