ResID,ResName,H_X,H_Y,H_Z,H_B,A1_Type,A1_ResID,A1_ResName,A1_X,A1_Y,A1_Z,A1_B,A2_Type,A2_ResID,A2_ResName,A2_X,A2_Y,A2_Z,A2_B,A3_Type,A3_ResID,A3_ResName,A3_X,A3_Y,A3_Z,A3_B,A4_Type,A4_ResID,A4_ResName,A4_X,A4_Y,A4_Z,A4_B,A5_Type,A5_ResID,A5_ResName,A5_X,A5_Y,A5_Z,A5_B,A6_Type,A6_ResID,A6_ResName,A6_X,A6_Y,A6_Z,A6_B,A7_Type,A7_ResID,A7_ResName,A7_X,A7_Y,A7_Z,A7_B,A8_Type,A8_ResID,A8_ResName,A8_X,A8_Y,A8_Z,A8_B,A9_Type,A9_ResID,A9_ResName,A9_X,A9_Y,A9_Z,A9_B,A10_Type,A10_ResID,A10_ResName,A10_X,A10_Y,A10_Z,A10_B,A11_Type,A11_ResID,A11_ResName,A11_X,A11_Y,A11_Z,A11_B,A12_Type,A12_ResID,A12_ResName,A12_X,A12_Y,A12_Z,A12_B,A13_Type,A13_ResID,A13_ResName,A13_X,A13_Y,A13_Z,A13_B,A14_Type,A14_ResID,A14_ResName,A14_X,A14_Y,A14_Z,A14_B,A15_Type,A15_ResID,A15_ResName,A15_X,A15_Y,A15_Z,A15_B,A16_Type,A16_ResID,A16_ResName,A16_X,A16_Y,A16_Z,A16_B,A17_Type,A17_ResID,A17_ResName,A17_X,A17_Y,A17_Z,A17_B,A18_Type,A18_ResID,A18_ResName,A18_X,A18_Y,A18_Z,A18_B,A19_Type,A19_ResID,A19_ResName,A19_X,A19_Y,A19_Z,A19_B,A20_Type,A20_ResID,A20_ResName,A20_X,A20_Y,A20_Z,A20_B
1,LYS,2.611,3.334,-1.615,42.41,N,1,LYS,2.659,3.303,-1.72,42.41,H,1,LYS,2.771,3.286,-1.678,42.41,H,1,LYS,2.66,3.413,-1.769,42.41,H,2,ALA,2.428,3.198,-1.589,38.41,C,1,LYS,2.608,3.206,-1.816,42.41,H,1,LYS,2.515,3.257,-1.87,42.41,C,1,LYS,2.545,3.086,-1.744,42.41,N,2,ALA,2.427,3.114,-1.673,38.41,O,1,LYS,2.612,3.019,-1.664,42.41,C,1,LYS,2.719,3.158,-1.909,42.41,H,1,LYS,2.811,3.234,-1.908,42.41,H,1,LYS,2.767,3.055,-1.872,42.41,C,2,ALA,2.292,3.056,-1.659,38.41,H,2,ALA,2.221,3.125,-1.593,38.41,C,1,LYS,2.677,3.142,-2.053,42.41,H,1,LYS,2.609,3.233,-2.091,42.41,H,2,ALA,2.236,3.149,-1.864,38.41,H,3,ILE,2.388,2.921,-1.423,45.5,C,2,ALA,2.22,3.053,-1.794,38.41,C,2,ALA,2.3,2.914,-1.602,38.41
2,ALA,2.428,3.198,-1.589,38.41,N,2,ALA,2.427,3.114,-1.673,38.41,C,2,ALA,2.292,3.056,-1.659,38.41,H,2,ALA,2.221,3.125,-1.593,38.41,C,1,LYS,2.545,3.086,-1.744,42.41,H,1,LYS,2.611,3.334,-1.615,42.41,O,1,LYS,2.612,3.019,-1.664,42.41,N,1,LYS,2.659,3.303,-1.72,42.41,C,1,LYS,2.608,3.206,-1.816,42.41,H,1,LYS,2.515,3.257,-1.87,42.41,C,2,ALA,2.3,2.914,-1.602,38.41,H,3,ILE,2.388,2.921,-1.423,45.5,C,2,ALA,2.22,3.053,-1.794,38.41,H,2,ALA,2.236,3.149,-1.864,38.41,N,3,ILE,2.281,2.895,-1.469,45.5,H,1,LYS,2.66,3.413,-1.769,42.41,H,1,LYS,2.771,3.286,-1.678,42.41,O,2,ALA,2.372,2.83,-1.653,38.41,H,3,ILE,2.275,3.064,-1.248,45.5,H,2,ALA,2.246,2.959,-1.863,38.41,H,2,ALA,2.101,3.052,-1.783,38.41
3,ILE,2.388,2.921,-1.423,45.5,N,3,ILE,2.281,2.895,-1.469,45.5,C,2,ALA,2.3,2.914,-1.602,38.41,C,3,ILE,2.2,2.814,-1.38,45.5,H,3,ILE,2.278,2.745,-1.321,45.5,O,2,ALA,2.372,2.83,-1.653,38.41,H,3,ILE,2.275,3.064,-1.248,45.5,C,2,ALA,2.292,3.056,-1.659,38.41,C,3,ILE,2.211,2.981,-1.191,45.5,C,3,ILE,2.117,2.902,-1.282,45.5,H,2,ALA,2.221,3.125,-1.593,38.41,H,3,ILE,2.289,2.919,-1.125,45.5,N,2,ALA,2.427,3.114,-1.673,38.41,H,2,ALA,2.428,3.198,-1.589,38.41,O,1,LYS,2.612,3.019,-1.664,42.41,H,3,ILE,2.059,2.984,-1.346,45.5,C,3,ILE,2.106,2.725,-1.462,45.5,H,4,PHE,2.263,2.58,-1.505,51.09,C,1,LYS,2.545,3.086,-1.744,42.41,N,4,PHE,2.148,2.612,-1.513,51.09,O,3,ILE,2.02,2.775,-1.534,45.5
4,PHE,2.263,2.58,-1.505,51.09,N,4,PHE,2.148,2.612,-1.513,51.09,C,3,ILE,2.106,2.725,-1.462,45.5,C,4,PHE,2.058,2.508,-1.562,51.09,H,3,ILE,2.278,2.745,-1.321,45.5,H,4,PHE,2.188,2.504,-1.75,51.09,C,4,PHE,2.12,2.434,-1.68,51.09,H,4,PHE,2.206,2.357,-1.649,51.09,C,3,ILE,2.2,2.814,-1.38,45.5,O,4,PHE,2.112,2.353,-1.388,51.09,C,4,PHE,2.023,2.409,-1.45,51.09,O,2,ALA,2.372,2.83,-1.653,38.41,O,3,ILE,2.02,2.775,-1.534,45.5,N,3,ILE,2.281,2.895,-1.469,45.5,H,4,PHE,1.954,2.552,-1.599,51.09,C,2,ALA,2.3,2.914,-1.602,38.41,H,5,VAL,1.958,2.548,-1.315,49.5,H,3,ILE,2.388,2.921,-1.423,45.5,N,5,VAL,1.933,2.439,-1.354,49.5,H,3,ILE,2.076,2.711,-1.179,45.5,C,4,PHE,2.019,2.389,-1.783,51.09
5,VAL,1.958,2.548,-1.315,49.5,N,5,VAL,1.933,2.439,-1.354,49.5,C,4,PHE,2.023,2.409,-1.45,51.09,C,5,VAL,1.823,2.369,-1.289,49.5,H,5,VAL,1.88,2.555,-1.091,49.5,H,3,ILE,2.076,2.711,-1.179,45.5,C,5,VAL,1.772,2.567,-1.141,49.5,O,4,PHE,2.112,2.353,-1.388,51.09,C,5,VAL,1.714,2.467,-1.241,49.5,C,4,PHE,2.058,2.508,-1.562,51.09,C,3,ILE,2.106,2.725,-1.462,45.5,H,5,VAL,1.872,2.313,-1.195,49.5,N,4,PHE,2.148,2.612,-1.513,51.09,H,4,PHE,1.954,2.552,-1.599,51.09,H,5,VAL,1.669,2.53,-1.332,49.5,H,5,VAL,1.737,2.678,-1.172,49.5,C,3,ILE,2.022,2.816,-1.2,45.5,H,3,ILE,1.916,2.838,-1.25,45.5,O,3,ILE,2.02,2.775,-1.534,45.5,C,5,VAL,1.763,2.266,-1.384,49.5,H,4,PHE,2.263,2.58,-1.505,51.09
6,LEU,1.925,2.126,-1.355,48.81,N,6,LEU,1.825,2.155,-1.413,48.81,C,5,VAL,1.763,2.266,-1.384,49.5,C,6,LEU,1.753,2.045,-1.477,48.81,H,6,LEU,1.948,1.962,-1.529,48.81,H,5,VAL,1.872,2.313,-1.195,49.5,C,5,VAL,1.823,2.369,-1.289,49.5,C,6,LEU,1.841,1.975,-1.58,48.81,C,6,LEU,1.703,1.944,-1.373,48.81,O,6,LEU,1.784,1.88,-1.306,48.81,O,4,PHE,2.112,2.353,-1.388,51.09,O,5,VAL,1.705,2.303,-1.487,49.5,N,5,VAL,1.933,2.439,-1.354,49.5,C,4,PHE,2.023,2.409,-1.45,51.09,H,7,ASN,1.659,2.034,-1.187,45.44,H,6,LEU,1.646,2.074,-1.52,48.81,N,7,ASN,1.616,1.986,-1.288,45.44,H,4,PHE,2.019,2.218,-1.682,51.09,H,6,LEU,1.803,2.145,-1.689,48.81,H,6,LEU,1.812,1.86,-1.591,48.81,C,6,LEU,1.848,2.039,-1.719,48.81
7,ASN,1.659,2.034,-1.187,45.44,N,7,ASN,1.616,1.986,-1.288,45.44,C,6,LEU,1.703,1.944,-1.373,48.81,C,7,ASN,1.495,1.913,-1.257,45.44,O,6,LEU,1.784,1.88,-1.306,48.81,H,7,ASN,1.508,1.846,-1.159,45.44,H,5,VAL,1.619,2.3,-1.109,49.5,C,7,ASN,1.376,2.006,-1.241,45.44,H,7,ASN,1.39,2.108,-1.302,45.44,C,6,LEU,1.753,2.045,-1.477,48.81,N,6,LEU,1.825,2.155,-1.413,48.81,C,5,VAL,1.763,2.266,-1.384,49.5,O,7,ASN,1.4,1.977,-1.005,45.44,C,7,ASN,1.344,2.037,-1.097,45.44,H,6,LEU,1.925,2.126,-1.355,48.81,H,6,LEU,1.646,2.074,-1.52,48.81,C,7,ASN,1.465,1.808,-1.364,45.44,H,5,VAL,1.872,2.313,-1.195,49.5,H,8,ALA,1.632,1.694,-1.311,47.22,C,5,VAL,1.595,2.392,-1.181,49.5,H,5,VAL,1.512,2.369,-1.264,49.5
8,ALA,1.632,1.694,-1.311,47.22,N,8,ALA,1.563,1.733,-1.401,47.22,C,7,ASN,1.465,1.808,-1.364,45.44,C,8,ALA,1.536,1.614,-1.481,47.22,O,6,LEU,1.784,1.88,-1.306,48.81,H,7,ASN,1.508,1.846,-1.159,45.44,H,8,ALA,1.768,1.594,-1.493,47.22,C,8,ALA,1.664,1.535,-1.505,47.22,C,7,ASN,1.495,1.913,-1.257,45.44,C,6,LEU,1.703,1.944,-1.373,48.81,C,8,ALA,1.431,1.525,-1.414,47.22,H,8,ALA,1.685,1.443,-1.432,47.22,O,8,ALA,1.458,1.466,-1.309,47.22,N,7,ASN,1.616,1.986,-1.288,45.44,O,7,ASN,1.414,1.841,-1.471,45.44,H,8,ALA,1.496,1.644,-1.589,47.22,H,9,GLN,1.308,1.654,-1.291,45.34,N,9,GLN,1.317,1.574,-1.379,45.34,H,7,ASN,1.659,2.034,-1.187,45.44,H,8,ALA,1.691,1.494,-1.615,47.22,H,6,LEU,1.812,1.86,-1.591,48.81
9,GLN,1.308,1.654,-1.291,45.34,N,9,GLN,1.317,1.574,-1.379,45.34,C,8,ALA,1.431,1.525,-1.414,47.22,C,9,GLN,1.198,1.49,-1.382,45.34,C,7,ASN,1.465,1.808,-1.364,45.44,O,8,ALA,1.458,1.466,-1.309,47.22,C,9,GLN,1.072,1.574,-1.365,45.34,C,9,GLN,1.056,1.633,-1.225,45.34,H,9,GLN,1.112,1.577,-1.135,45.34,H,9,GLN,1.074,1.751,-1.219,45.34,H,9,GLN,1.196,1.405,-1.298,45.34,O,7,ASN,1.414,1.841,-1.471,45.44,N,8,ALA,1.563,1.733,-1.401,47.22,H,9,GLN,1.06,1.657,-1.45,45.34,C,8,ALA,1.536,1.614,-1.481,47.22,H,7,ASN,1.508,1.846,-1.159,45.44,H,7,ASN,1.269,1.967,-1.278,45.44,C,7,ASN,1.495,1.913,-1.257,45.44,H,8,ALA,1.632,1.694,-1.311,47.22,C,9,GLN,1.191,1.412,-1.513,45.34,H,8,ALA,1.496,1.644,-1.589,47.22
10,HIS,1.365,1.299,-1.475,44.56,N,10,HIS,1.307,1.359,-1.559,44.56,C,10,HIS,1.323,1.276,-1.678,44.56,C,9,GLN,1.191,1.412,-1.513,45.34,C,8,ALA,1.431,1.525,-1.414,47.22,O,10,HIS,1.321,1.07,-1.554,44.56,O,8,ALA,1.458,1.466,-1.309,47.22,C,10,HIS,1.277,1.133,-1.652,44.56,H,9,GLN,1.196,1.405,-1.298,45.34,C,10,HIS,1.469,1.277,-1.723,44.56,C,9,GLN,1.198,1.49,-1.382,45.34,H,10,HIS,1.542,1.196,-1.673,44.56,N,9,GLN,1.317,1.574,-1.379,45.34,H,10,HIS,1.517,1.385,-1.716,44.56,O,9,GLN,1.083,1.369,-1.554,45.34,H,10,HIS,1.259,1.329,-1.763,44.56,H,11,ASP,1.076,1.14,-1.556,41.72,N,11,ASP,1.144,1.105,-1.647,41.72,H,8,ALA,1.685,1.443,-1.432,47.22,C,8,ALA,1.536,1.614,-1.481,47.22,C,8,ALA,1.664,1.535,-1.505,47.22
11,ASP,1.076,1.14,-1.556,41.72,N,11,ASP,1.144,1.105,-1.647,41.72,C,11,ASP,1.063,1.018,-1.73,41.72,C,10,HIS,1.277,1.133,-1.652,44.56,O,9,GLN,1.083,1.369,-1.554,45.34,H,11,ASP,0.946,1.027,-1.71,41.72,H,12,GLU,1.097,0.903,-1.484,49.91,O,10,HIS,1.321,1.07,-1.554,44.56,C,9,GLN,1.191,1.412,-1.513,45.34,C,11,ASP,1.091,0.871,-1.698,41.72,C,10,HIS,1.323,1.276,-1.678,44.56,N,12,GLU,1.08,0.822,-1.569,49.91,N,10,HIS,1.307,1.359,-1.559,44.56,H,10,HIS,1.259,1.329,-1.763,44.56,C,11,ASP,1.091,1.045,-1.878,41.72,H,10,HIS,1.365,1.299,-1.475,44.56,H,11,ASP,1.2,1.073,-1.918,41.72,H,9,GLN,1.196,1.405,-1.298,45.34,O,11,ASP,1.194,0.816,-1.736,41.72,C,11,ASP,0.992,1.143,-1.941,41.72,C,9,GLN,1.198,1.49,-1.382,45.34
12,GLU,1.097,0.903,-1.484,49.91,N,12,GLU,1.08,0.822,-1.569,49.91,C,11,ASP,1.091,0.871,-1.698,41.72,C,12,GLU,1.059,0.682,-1.534,49.91,H,11,ASP,1.076,1.14,-1.556,41.72,H,12,GLU,1.026,0.851,-1.248,49.91,H,12,GLU,1.182,0.752,-1.298,49.91,C,12,GLU,1.063,0.744,-1.287,49.91,N,11,ASP,1.144,1.105,-1.647,41.72,C,12,GLU,0.99,0.67,-1.398,49.91,C,11,ASP,1.063,1.018,-1.73,41.72,O,11,ASP,1.194,0.816,-1.736,41.72,O,10,HIS,1.321,1.07,-1.554,44.56,H,12,GLU,1.164,0.625,-1.533,49.91,H,12,GLU,0.882,0.721,-1.403,49.91,H,11,ASP,0.946,1.027,-1.71,41.72,C,10,HIS,1.277,1.133,-1.652,44.56,C,12,GLU,0.975,0.61,-1.641,49.91,H,12,GLU,0.998,0.559,-1.355,49.91,O,12,GLU,0.857,0.64,-1.658,49.91,C,12,GLU,1.062,0.669,-1.154,49.91
13,ALA,0.999,0.7,-1.844,49.0,N,13,ALA,1.009,0.614,-1.763,49.0,C,13,ALA,0.976,0.495,-1.842,49.0,C,12,GLU,0.975,0.61,-1.641,49.91,H,13,ALA,0.878,0.506,-1.909,49.0,O,12,GLU,0.857,0.64,-1.658,49.91,C,11,ASP,1.091,0.871,-1.698,41.72,O,11,ASP,1.194,0.816,-1.736,41.72,H,13,ALA,1.116,0.546,-2.02,49.0,C,13,ALA,1.089,0.462,-1.939,49.0,H,11,ASP,1.064,0.953,-1.949,41.72,N,12,GLU,1.08,0.822,-1.569,49.91,C,12,GLU,1.059,0.682,-1.534,49.91,H,13,ALA,1.195,0.434,-1.892,49.0,C,13,ALA,0.946,0.376,-1.752,49.0,C,11,ASP,1.063,1.018,-1.73,41.72,H,11,ASP,0.946,1.027,-1.71,41.72,C,11,ASP,1.091,1.045,-1.878,41.72,H,12,GLU,1.164,0.625,-1.533,49.91,H,13,ALA,1.058,0.372,-2.012,49.0,N,14,VAL,0.855,0.388,-1.65,53.28
14,VAL,0.847,0.463,-1.56,53.28,N,14,VAL,0.855,0.388,-1.65,53.28,C,14,VAL,0.788,0.279,-1.581,53.28,O,12,GLU,0.857,0.64,-1.658,49.91,C,12,GLU,0.975,0.61,-1.641,49.91,H,14,VAL,0.842,0.247,-1.479,53.28,C,13,ALA,0.946,0.376,-1.752,49.0,C,14,VAL,0.619,0.428,-1.466,53.28,H,14,VAL,0.607,0.533,-1.523,53.28,H,14,VAL,0.681,0.444,-1.365,53.28,O,13,ALA,1.034,0.33,-1.678,49.0,C,14,VAL,0.638,0.309,-1.56,53.28,H,12,GLU,0.998,0.559,-1.355,49.91,C,12,GLU,0.99,0.67,-1.398,49.91,N,13,ALA,1.009,0.614,-1.763,49.0,H,12,GLU,0.882,0.721,-1.403,49.91,C,12,GLU,1.059,0.682,-1.534,49.91,H,14,VAL,0.587,0.337,-1.665,53.28,C,13,ALA,0.976,0.495,-1.842,49.0,C,14,VAL,0.806,0.149,-1.658,53.28,H,13,ALA,0.878,0.506,-1.909,49.0
15,ASP,0.983,0.167,-1.811,54.12,N,15,ASP,0.923,0.12,-1.719,54.12,C,15,ASP,0.941,-0.02,-1.756,54.12,O,13,ALA,1.034,0.33,-1.678,49.0,C,13,ALA,0.946,0.376,-1.752,49.0,C,14,VAL,0.806,0.149,-1.658,53.28,H,15,ASP,0.898,-0.047,-1.864,54.12,H,15,ASP,1.174,0.024,-1.807,54.12,O,14,VAL,0.747,0.131,-1.764,53.28,C,15,ASP,1.091,-0.053,-1.769,54.12,H,13,ALA,1.058,0.372,-2.012,49.0,N,14,VAL,0.855,0.388,-1.65,53.28,C,14,VAL,0.788,0.279,-1.581,53.28,H,15,ASP,1.139,-0.078,-1.663,54.12,C,13,ALA,0.976,0.495,-1.842,49.0,C,15,ASP,0.876,-0.113,-1.655,54.12,C,13,ALA,1.089,0.462,-1.939,49.0,H,13,ALA,1.195,0.434,-1.892,49.0,C,15,ASP,1.119,-0.157,-1.875,54.12,H,13,ALA,0.878,0.506,-1.909,49.0,H,14,VAL,0.842,0.247,-1.479,53.28
16,ASN,0.675,-0.079,-1.736,58.62,N,16,ASN,0.742,-0.113,-1.644,58.62,C,16,ASN,0.673,-0.225,-1.581,58.62,C,15,ASP,0.876,-0.113,-1.655,54.12,O,14,VAL,0.747,0.131,-1.764,53.28,C,16,ASN,0.567,-0.282,-1.675,58.62,H,16,ASN,0.606,-0.305,-1.786,58.62,H,15,ASP,0.898,-0.047,-1.864,54.12,H,14,VAL,0.568,0.075,-1.552,53.28,C,15,ASP,0.941,-0.02,-1.756,54.12,C,14,VAL,0.806,0.149,-1.658,53.28,C,16,ASN,0.435,-0.208,-1.667,58.62,H,16,ASN,0.625,-0.2,-1.475,58.62,O,15,ASP,0.898,-0.1,-1.534,54.12,N,15,ASP,0.923,0.12,-1.719,54.12,O,16,ASN,0.405,-0.143,-1.567,58.62,C,16,ASN,0.771,-0.334,-1.54,58.62,N,16,ASN,0.356,-0.215,-1.773,58.62,H,16,ASN,0.369,-0.177,-1.885,58.62,H,16,ASN,0.521,-0.388,-1.642,58.62,C,14,VAL,0.565,0.185,-1.506,53.28
17,LYS,0.903,-0.232,-1.397,71.44,N,17,LYS,0.902,-0.307,-1.489,71.44,O,15,ASP,0.898,-0.1,-1.534,54.12,C,17,LYS,0.991,-0.414,-1.447,71.44,C,16,ASN,0.771,-0.334,-1.54,58.62,C,17,LYS,0.994,-0.427,-1.294,71.44,N,18,PHE,0.878,-0.422,-1.224,84.12,H,18,PHE,0.772,-0.443,-1.273,84.12,C,15,ASP,0.876,-0.113,-1.655,54.12,O,17,LYS,1.085,-0.375,-1.23,71.44,H,16,ASN,0.625,-0.2,-1.475,58.62,C,16,ASN,0.673,-0.225,-1.581,58.62,C,17,LYS,1.133,-0.391,-1.5,71.44,H,17,LYS,1.19,-0.299,-1.449,71.44,H,17,LYS,0.954,-0.523,-1.479,71.44,O,16,ASN,0.746,-0.453,-1.562,58.62,N,16,ASN,0.742,-0.113,-1.644,58.62,H,17,LYS,1.112,-0.369,-1.615,71.44,H,18,PHE,0.939,-0.345,-1.054,84.12,C,18,PHE,0.892,-0.45,-1.082,84.12,H,15,ASP,1.139,-0.078,-1.663,54.12
18,PHE,0.772,-0.443,-1.273,84.12,N,18,PHE,0.878,-0.422,-1.224,84.12,C,17,LYS,0.994,-0.427,-1.294,71.44,C,18,PHE,0.892,-0.45,-1.082,84.12,C,18,PHE,0.755,-0.456,-1.014,84.12,H,17,LYS,0.903,-0.232,-1.397,71.44,C,17,LYS,0.991,-0.414,-1.447,71.44,H,17,LYS,0.954,-0.523,-1.479,71.44,N,17,LYS,0.902,-0.307,-1.489,71.44,H,18,PHE,0.514,-0.383,-1.16,84.12,C,16,ASN,0.771,-0.334,-1.54,58.62,O,16,ASN,0.746,-0.453,-1.562,58.62,H,18,PHE,0.939,-0.345,-1.054,84.12,C,18,PHE,0.576,-0.302,-1.099,84.12,C,18,PHE,0.683,-0.325,-1.013,84.12,H,18,PHE,0.797,-0.561,-0.977,84.12,C,18,PHE,0.967,-0.582,-1.06,84.12,O,17,LYS,1.085,-0.375,-1.23,71.44,O,18,PHE,0.945,-0.679,-1.133,84.12,H,18,PHE,0.645,-0.482,-0.974,84.12,H,16,ASN,0.625,-0.2,-1.475,58.62
19,ASN,1.153,-0.493,-1.01,91.88,N,19,ASN,1.071,-0.575,-0.98,91.88,C,18,PHE,0.967,-0.582,-1.06,84.12,C,19,ASN,1.134,-0.7,-0.94,91.88,H,19,ASN,1.345,-0.619,-0.941,91.88,C,19,ASN,1.266,-0.672,-0.867,91.88,O,17,LYS,1.085,-0.375,-1.23,71.44,O,22,GLN,1.036,-0.32,-0.851,94.69,H,18,PHE,0.939,-0.345,-1.054,84.12,H,19,ASN,1.169,-0.759,-1.037,91.88,C,18,PHE,0.892,-0.45,-1.082,84.12,O,18,PHE,0.945,-0.679,-1.133,84.12,C,19,ASN,1.247,-0.6,-0.735,91.88,C,17,LYS,0.994,-0.427,-1.294,71.44,C,19,ASN,1.042,-0.784,-0.852,91.88,C,22,GLN,1.064,-0.288,-0.735,94.69,N,18,PHE,0.878,-0.422,-1.224,84.12,O,19,ASN,1.143,-0.614,-0.67,91.88,H,18,PHE,0.797,-0.561,-0.977,84.12,H,22,GLN,0.892,-0.492,-0.753,94.69,N,19,ASN,1.346,-0.521,-0.695,91.88
20,LYS,1.161,-0.952,-0.89,92.88,N,20,LYS,1.071,-0.902,-0.831,92.88,C,19,ASN,1.042,-0.784,-0.852,91.88,C,20,LYS,0.989,-0.998,-0.757,92.88,H,20,LYS,1.09,-1.171,-0.851,92.88,H,19,ASN,1.169,-0.759,-1.037,91.88,C,20,LYS,1.065,-1.13,-0.741,92.88,H,19,ASN,1.331,-0.767,-0.834,91.88,C,19,ASN,1.134,-0.7,-0.94,91.88,H,20,LYS,1.172,-1.125,-0.688,92.88,H,20,LYS,0.901,-1.023,-0.834,92.88,C,19,ASN,1.266,-0.672,-0.867,91.88,H,21,GLU,1.153,-0.889,-0.582,93.06,O,19,ASN,0.93,-0.742,-0.82,91.88,C,20,LYS,0.948,-0.944,-0.621,92.88,N,21,GLU,1.038,-0.878,-0.557,93.06,H,19,ASN,1.345,-0.619,-0.941,91.88,C,19,ASN,1.247,-0.6,-0.735,91.88,N,19,ASN,1.071,-0.575,-0.98,91.88,C,20,LYS,0.98,-1.242,-0.68,92.88,O,19,ASN,1.143,-0.614,-0.67,91.88
21,GLU,1.153,-0.889,-0.582,93.06,N,21,GLU,1.038,-0.878,-0.557,93.06,C,20,LYS,0.948,-0.944,-0.621,92.88,C,21,GLU,1.009,-0.823,-0.425,93.06,H,21,GLU,1.293,-0.954,-0.391,93.06,C,21,GLU,1.137,-0.77,-0.359,93.06,H,20,LYS,1.172,-1.125,-0.688,92.88,N,20,LYS,1.071,-0.902,-0.831,92.88,C,20,LYS,0.989,-0.998,-0.757,92.88,C,21,GLU,1.234,-0.88,-0.318,93.06,H,21,GLU,1.214,-0.687,-0.397,93.06,O,19,ASN,1.143,-0.614,-0.67,91.88,H,21,GLU,0.974,-0.912,-0.353,93.06,C,20,LYS,1.065,-1.13,-0.741,92.88,C,19,ASN,1.042,-0.784,-0.852,91.88,H,20,LYS,1.161,-0.952,-0.89,92.88,O,20,LYS,0.834,-0.959,-0.58,92.88,H,19,ASN,1.331,-0.767,-0.834,91.88,C,21,GLU,0.905,-0.712,-0.433,93.06,C,19,ASN,1.247,-0.6,-0.735,91.88,H,22,GLN,1.015,-0.583,-0.497,94.69
22,GLN,1.015,-0.583,-0.497,94.69,N,22,GLN,0.912,-0.633,-0.529,94.69,C,21,GLU,0.905,-0.712,-0.433,93.06,C,22,GLN,0.817,-0.524,-0.549,94.69,H,22,GLN,1.089,-0.388,-0.553,94.69,O,19,ASN,1.143,-0.614,-0.67,91.88,H,21,GLU,1.214,-0.687,-0.397,93.06,H,22,GLN,0.801,-0.474,-0.442,94.69,C,21,GLU,1.009,-0.823,-0.425,93.06,C,22,GLN,0.994,-0.352,-0.616,94.69,C,21,GLU,1.137,-0.77,-0.359,93.06,C,22,GLN,0.868,-0.428,-0.656,94.69,O,21,GLU,0.815,-0.704,-0.349,93.06,H,21,GLU,1.099,-0.726,-0.255,93.06,H,22,GLN,0.892,-0.492,-0.753,94.69,N,21,GLU,1.038,-0.878,-0.557,93.06,C,19,ASN,1.247,-0.6,-0.735,91.88,H,22,GLN,0.952,-0.259,-0.558,94.69,H,21,GLU,1.153,-0.889,-0.582,93.06,C,22,GLN,0.679,-0.577,-0.587,94.69,O,54,SER,0.981,-0.319,-0.258,95.88
23,GLN,0.764,-0.721,-0.738,95.06,N,23,GLN,0.68,-0.675,-0.669,95.06,O,19,ASN,0.93,-0.742,-0.82,91.88,C,23,GLN,0.553,-0.739,-0.706,95.06,C,22,GLN,0.679,-0.577,-0.587,94.69,C,23,GLN,0.577,-0.845,-0.814,95.06,H,23,GLN,0.724,-0.742,-0.976,95.06,H,23,GLN,0.635,-0.945,-0.783,95.06,H,22,GLN,0.892,-0.492,-0.753,94.69,C,23,GLN,0.619,-0.788,-0.948,95.06,N,22,GLN,0.912,-0.633,-0.529,94.69,C,22,GLN,0.817,-0.524,-0.549,94.69,H,24,ASN,0.689,-0.86,-0.501,95.94,H,18,PHE,0.797,-0.561,-0.977,84.12,H,23,GLN,0.479,-0.662,-0.758,95.06,O,20,LYS,0.834,-0.959,-0.58,92.88,C,19,ASN,1.042,-0.784,-0.852,91.88,C,20,LYS,0.948,-0.944,-0.621,92.88,C,22,GLN,0.868,-0.428,-0.656,94.69,C,23,GLN,0.486,-0.802,-0.585,95.06,N,24,ASN,0.572,-0.862,-0.503,95.94
24,ASN,0.689,-0.86,-0.501,95.94,N,24,ASN,0.572,-0.862,-0.503,95.94,O,20,LYS,0.834,-0.959,-0.58,92.88,C,24,ASN,0.521,-0.922,-0.381,95.94,C,23,GLN,0.486,-0.802,-0.585,95.06,C,24,ASN,0.633,-0.999,-0.309,95.94,N,23,GLN,0.68,-0.675,-0.669,95.06,O,21,GLU,0.815,-0.704,-0.349,93.06,C,21,GLU,0.905,-0.712,-0.433,93.06,H,24,ASN,0.732,-0.965,-0.253,95.94,C,23,GLN,0.553,-0.739,-0.706,95.06,H,23,GLN,0.764,-0.721,-0.738,95.06,C,22,GLN,0.679,-0.577,-0.587,94.69,C,24,ASN,0.667,-1.13,-0.379,95.94,C,20,LYS,0.948,-0.944,-0.621,92.88,H,23,GLN,0.635,-0.945,-0.783,95.06,H,25,ALA,0.636,-0.744,-0.227,96.94,H,24,ASN,0.437,-1.001,-0.411,95.94,N,25,ALA,0.532,-0.713,-0.275,96.94,C,24,ASN,0.461,-0.818,-0.287,95.94,N,22,GLN,0.912,-0.633,-0.529,94.69
25,ALA,0.636,-0.744,-0.227,96.94,N,25,ALA,0.532,-0.713,-0.275,96.94,C,24,ASN,0.461,-0.818,-0.287,95.94,C,25,ALA,0.482,-0.606,-0.189,96.94,O,21,GLU,0.815,-0.704,-0.349,93.06,H,25,ALA,0.475,-0.657,-0.082,96.94,H,24,ASN,0.732,-0.965,-0.253,95.94,H,25,ALA,0.677,-0.531,-0.117,96.94,C,25,ALA,0.583,-0.492,-0.181,96.94,C,24,ASN,0.521,-0.922,-0.381,95.94,C,24,ASN,0.633,-0.999,-0.309,95.94,H,25,ALA,0.623,-0.456,-0.287,96.94,O,24,ASN,0.355,-0.84,-0.229,95.94,H,24,ASN,0.689,-0.86,-0.501,95.94,N,24,ASN,0.572,-0.862,-0.503,95.94,H,24,ASN,0.575,-1.05,-0.217,95.94,C,21,GLU,0.905,-0.712,-0.433,93.06,C,25,ALA,0.347,-0.553,-0.239,96.94,H,58,LEU,0.557,-0.744,0.128,97.94,H,24,ASN,0.437,-1.001,-0.411,95.94,H,25,ALA,0.535,-0.399,-0.123,96.94
26,PHE,0.427,-0.486,-0.431,96.88,N,26,PHE,0.342,-0.533,-0.363,96.88,O,22,GLN,0.577,-0.529,-0.537,94.69,C,26,PHE,0.217,-0.489,-0.424,96.88,H,47,LEU,0.468,-0.281,-0.369,94.69,C,25,ALA,0.347,-0.553,-0.239,96.94,C,26,PHE,0.231,-0.479,-0.576,96.88,H,25,ALA,0.623,-0.456,-0.287,96.94,H,26,PHE,0.307,-0.414,-0.641,96.88,H,47,LEU,0.389,-0.241,-0.546,94.69,H,26,PHE,0.176,-0.383,-0.389,96.88,C,25,ALA,0.482,-0.606,-0.189,96.94,C,47,LEU,0.407,-0.203,-0.435,94.69,H,26,PHE,0.243,-0.583,-0.633,96.88,C,25,ALA,0.583,-0.492,-0.181,96.94,N,25,ALA,0.532,-0.713,-0.275,96.94,C,22,GLN,0.679,-0.577,-0.587,94.69,O,25,ALA,0.255,-0.532,-0.16,96.94,H,47,LEU,0.304,-0.185,-0.379,94.69,H,27,TYR,0.224,-0.751,-0.446,97.25,H,25,ALA,0.535,-0.399,-0.123,96.94
27,TYR,0.224,-0.751,-0.446,97.25,N,27,TYR,0.119,-0.712,-0.411,97.25,O,23,GLN,0.364,-0.79,-0.568,95.06,C,26,PHE,0.104,-0.584,-0.388,96.88,C,27,TYR,0.017,-0.814,-0.387,97.25,H,27,TYR,0.085,-0.925,-0.55,97.25,H,26,PHE,0.243,-0.583,-0.633,96.88,C,27,TYR,0.066,-0.951,-0.434,97.25,N,26,PHE,0.342,-0.533,-0.363,96.88,C,26,PHE,0.217,-0.489,-0.424,96.88,H,28,GLU,0.185,-0.787,-0.188,97.94,O,24,ASN,0.355,-0.84,-0.229,95.94,H,27,TYR,0.152,-1.032,-0.418,97.25,C,24,ASN,0.461,-0.818,-0.287,95.94,H,27,TYR,-0.072,-0.789,-0.461,97.25,C,23,GLN,0.486,-0.802,-0.585,95.06,C,26,PHE,0.231,-0.479,-0.576,96.88,C,25,ALA,0.347,-0.553,-0.239,96.94,O,26,PHE,-0.001,-0.542,-0.338,96.88,C,27,TYR,-0.02,-0.82,-0.239,97.25,N,28,GLU,0.073,-0.812,-0.161,97.94
28,GLU,0.185,-0.787,-0.188,97.94,N,28,GLU,0.073,-0.812,-0.161,97.94,O,24,ASN,0.355,-0.84,-0.229,95.94,C,27,TYR,-0.02,-0.82,-0.239,97.25,C,28,GLU,0.045,-0.82,-0.018,97.94,N,27,TYR,0.119,-0.712,-0.411,97.25,H,28,GLU,0.267,-0.758,0.041,97.94,C,28,GLU,0.176,-0.831,0.062,97.94,C,27,TYR,0.017,-0.814,-0.387,97.25,H,27,TYR,0.224,-0.751,-0.446,97.25,O,25,ALA,0.255,-0.532,-0.16,96.94,H,29,ILE,0.126,-0.582,-0.017,97.69,H,28,GLU,0.303,-1.01,-0.053,97.94,C,25,ALA,0.347,-0.553,-0.239,96.94,C,24,ASN,0.461,-0.818,-0.287,95.94,C,26,PHE,0.104,-0.584,-0.388,96.88,C,28,GLU,0.248,-0.963,0.043,97.94,H,28,GLU,-0.018,-0.918,0.006,97.94,C,27,TYR,0.066,-0.951,-0.434,97.25,C,28,GLU,-0.035,-0.699,0.03,97.94,N,29,ILE,0.009,-0.584,-0.008,97.69
29,ILE,0.126,-0.582,-0.017,97.69,N,29,ILE,0.009,-0.584,-0.008,97.69,O,25,ALA,0.255,-0.532,-0.16,96.94,C,28,GLU,-0.035,-0.699,0.03,97.94,H,29,ILE,0.221,-0.401,0.06,97.69,C,29,ILE,-0.062,-0.463,0.031,97.69,H,28,GLU,0.267,-0.758,0.041,97.94,C,28,GLU,0.045,-0.82,-0.018,97.94,C,28,GLU,0.176,-0.831,0.062,97.94,H,29,ILE,-0.051,-0.463,0.148,97.69,C,29,ILE,0.009,-0.336,-0.023,97.69,H,58,LEU,0.361,-0.564,0.12,97.94,H,28,GLU,0.185,-0.787,-0.188,97.94,N,28,GLU,0.073,-0.812,-0.161,97.94,H,29,ILE,0.037,-0.349,-0.137,97.69,C,29,ILE,0.141,-0.314,0.052,97.69,O,28,GLU,-0.131,-0.714,0.106,97.94,C,25,ALA,0.347,-0.553,-0.239,96.94,H,28,GLU,0.136,-0.845,0.174,97.94,H,30,LEU,-0.136,-0.528,-0.215,97.19,C,58,LEU,0.356,-0.57,0.239,97.94
30,LEU,-0.136,-0.528,-0.215,97.19,N,30,LEU,-0.224,-0.517,-0.137,97.19,O,26,PHE,-0.001,-0.542,-0.338,96.88,C,29,ILE,-0.206,-0.468,-0.022,97.69,C,30,LEU,-0.355,-0.525,-0.203,97.19,H,30,LEU,-0.269,-0.511,-0.411,97.19,C,30,LEU,-0.34,-0.58,-0.345,97.19,N,29,ILE,0.009,-0.584,-0.008,97.69,H,29,ILE,0.037,-0.349,-0.137,97.69,C,29,ILE,-0.062,-0.463,0.031,97.69,H,30,LEU,-0.38,-0.41,-0.213,97.19,H,30,LEU,-0.314,-0.696,-0.347,97.19,H,44,ILE,-0.157,-0.266,-0.316,96.62,O,27,TYR,-0.138,-0.827,-0.204,97.25,C,26,PHE,0.104,-0.584,-0.388,96.88,C,29,ILE,0.009,-0.336,-0.023,97.69,C,27,TYR,-0.02,-0.82,-0.239,97.25,C,28,GLU,-0.035,-0.699,0.03,97.94,H,31,HIS,-0.282,-0.765,-0.055,97.44,O,29,ILE,-0.3,-0.432,0.049,97.69,H,29,ILE,0.126,-0.582,-0.017,97.69
31,HIS,-0.282,-0.765,-0.055,97.44,N,31,HIS,-0.389,-0.714,-0.052,97.44,C,31,HIS,-0.474,-0.815,0.01,97.44,O,27,TYR,-0.138,-0.827,-0.204,97.25,O,28,GLU,-0.131,-0.714,0.106,97.94,C,30,LEU,-0.45,-0.614,-0.123,97.19,C,31,HIS,-0.429,-0.956,-0.032,97.44,H,31,HIS,-0.329,-1.005,0.012,97.44,N,30,LEU,-0.224,-0.517,-0.137,97.19,C,28,GLU,-0.035,-0.699,0.03,97.94,C,30,LEU,-0.355,-0.525,-0.203,97.19,C,31,HIS,-0.473,-0.802,0.162,97.44,H,30,LEU,-0.314,-0.696,-0.347,97.19,C,29,ILE,-0.206,-0.468,-0.022,97.69,C,31,HIS,-0.459,-0.988,-0.174,97.44,H,28,GLU,-0.018,-0.918,0.006,97.94,N,32,LEU,-0.427,-0.695,0.215,97.69,H,31,HIS,-0.591,-0.81,-0.01,97.44,H,32,LEU,-0.45,-0.597,0.153,97.69,N,31,HIS,-0.365,-0.98,-0.274,97.44,H,30,LEU,-0.136,-0.528,-0.215,97.19
32,LEU,-0.45,-0.597,0.153,97.69,N,32,LEU,-0.427,-0.695,0.215,97.69,C,31,HIS,-0.473,-0.802,0.162,97.44,C,32,LEU,-0.438,-0.674,0.359,97.69,H,32,LEU,-0.386,-0.47,0.331,97.69,N,31,HIS,-0.389,-0.714,-0.052,97.44,O,29,ILE,-0.3,-0.432,0.049,97.69,C,31,HIS,-0.474,-0.815,0.01,97.44,C,32,LEU,-0.349,-0.557,0.403,97.69,C,30,LEU,-0.45,-0.614,-0.123,97.19,O,32,LEU,-0.646,-0.554,0.345,97.69,C,32,LEU,-0.583,-0.646,0.398,97.69,O,30,LEU,-0.57,-0.588,-0.119,97.19,H,31,HIS,-0.591,-0.81,-0.01,97.44,H,32,LEU,-0.391,-0.778,0.392,97.69,O,31,HIS,-0.516,-0.895,0.232,97.44,H,31,HIS,-0.282,-0.765,-0.055,97.44,C,29,ILE,-0.206,-0.468,-0.022,97.69,H,32,LEU,-0.161,-0.64,0.305,97.69,O,28,GLU,-0.131,-0.714,0.106,97.94,C,32,LEU,-0.199,-0.583,0.402,97.69
34,ASN,-0.676,-0.624,0.717,97.88,N,34,ASN,-0.748,-0.545,0.666,97.88,C,33,PRO,-0.839,-0.607,0.595,97.19,O,65,ASN,-0.491,-0.526,0.733,97.88,C,34,ASN,-0.798,-0.447,0.761,97.88,C,34,ASN,-0.732,-0.465,0.898,97.88,N,33,PRO,-0.643,-0.72,0.491,97.19,C,33,PRO,-0.787,-0.726,0.515,97.19,H,33,PRO,-0.667,-0.872,0.775,97.19,C,34,ASN,-0.762,-0.601,0.959,97.88,C,33,PRO,-0.67,-0.881,0.655,97.19,C,33,PRO,-0.564,-0.832,0.561,97.19,H,34,ASN,-0.624,-0.417,0.903,97.88,C,33,PRO,-0.804,-0.856,0.594,97.19,N,34,ASN,-0.66,-0.663,1.018,97.88,H,34,ASN,-0.918,-0.443,0.77,97.88,H,33,PRO,-0.467,-0.833,0.629,97.19,O,34,ASN,-0.875,-0.65,0.952,97.88,C,65,ASN,-0.383,-0.546,0.79,97.88,O,33,PRO,-0.956,-0.572,0.584,97.19,H,35,LEU,-0.723,-0.376,0.51,97.62
35,LEU,-0.723,-0.376,0.51,97.62,N,35,LEU,-0.714,-0.295,0.596,97.62,C,35,LEU,-0.698,-0.163,0.535,97.62,C,34,ASN,-0.776,-0.304,0.711,97.88,N,34,ASN,-0.748,-0.545,0.666,97.88,H,35,LEU,-0.604,-0.236,0.353,97.62,O,32,LEU,-0.646,-0.554,0.345,97.69,O,35,LEU,-0.881,-0.206,0.386,97.62,C,35,LEU,-0.576,-0.162,0.442,97.62,C,34,ASN,-0.798,-0.447,0.761,97.88,C,33,PRO,-0.839,-0.607,0.595,97.19,C,35,LEU,-0.823,-0.124,0.458,97.62,H,35,LEU,-0.45,-0.301,0.548,97.62,O,33,PRO,-0.956,-0.572,0.584,97.19,H,35,LEU,-0.7,-0.083,0.623,97.62,C,32,LEU,-0.583,-0.646,0.398,97.69,H,34,ASN,-0.676,-0.624,0.717,97.88,O,34,ASN,-0.818,-0.208,0.775,97.88,H,34,ASN,-0.918,-0.443,0.77,97.88,C,35,LEU,-0.441,-0.19,0.507,97.62,N,33,PRO,-0.643,-0.72,0.491,97.19
36,ASN,-0.898,0.018,0.592,97.0,N,36,ASN,-0.867,-0.004,0.479,97.0,C,35,LEU,-0.823,-0.124,0.458,97.62,C,36,ASN,-0.973,0.044,0.392,97.0,H,35,LEU,-0.7,-0.083,0.623,97.62,H,36,ASN,-1.106,0.134,0.551,97.0,C,36,ASN,-1.043,0.166,0.454,97.0,H,36,ASN,-1.06,-0.038,0.388,97.0,C,35,LEU,-0.698,-0.163,0.535,97.62,O,39,GLN,-0.682,0.199,0.632,97.94,C,36,ASN,-0.951,0.284,0.469,97.0,O,34,ASN,-0.818,-0.208,0.775,97.88,O,35,LEU,-0.881,-0.206,0.386,97.62,H,36,ASN,-0.966,0.307,0.7,97.0,N,36,ASN,-0.949,0.344,0.588,97.0,O,68,GLN,-0.782,0.059,0.911,96.62,C,36,ASN,-0.922,0.078,0.252,97.0,N,35,LEU,-0.714,-0.295,0.596,97.62,C,34,ASN,-0.776,-0.304,0.711,97.88,H,36,ASN,-1.136,0.216,0.398,97.0,O,36,ASN,-0.881,0.323,0.374,97.0
37,GLU,-1.125,0.068,0.178,96.5,N,37,GLU,-1.01,0.091,0.154,96.5,C,36,ASN,-0.922,0.078,0.252,97.0,C,37,GLU,-0.975,0.107,0.013,96.5,H,37,GLU,-1.172,0.023,-0.054,96.5,H,36,ASN,-1.06,-0.038,0.388,97.0,C,37,GLU,-1.101,0.118,-0.073,96.5,C,36,ASN,-0.973,0.044,0.392,97.0,H,36,ASN,-1.136,0.216,0.398,97.0,H,37,GLU,-1.175,0.208,-0.05,96.5,H,37,GLU,-0.93,-0.002,-0.007,96.5,H,38,GLU,-1.023,0.343,0.112,97.56,C,36,ASN,-1.043,0.166,0.454,97.0,O,36,ASN,-0.801,0.082,0.23,97.0,C,37,GLU,-0.886,0.229,-0.009,96.5,N,38,GLU,-0.918,0.331,0.058,97.56,H,36,ASN,-1.106,0.134,0.551,97.0,C,36,ASN,-0.951,0.284,0.469,97.0,N,36,ASN,-0.867,-0.004,0.479,97.0,O,36,ASN,-0.881,0.323,0.374,97.0,C,37,GLU,-1.073,0.113,-0.223,96.5
38,GLU,-1.023,0.343,0.112,97.56,N,38,GLU,-0.918,0.331,0.058,97.56,C,37,GLU,-0.886,0.229,-0.009,96.5,C,38,GLU,-0.841,0.454,0.042,97.56,C,38,GLU,-0.907,0.569,0.118,97.56,H,38,GLU,-1.14,0.559,0.045,97.56,N,37,GLU,-1.01,0.091,0.154,96.5,H,37,GLU,-1.175,0.208,-0.05,96.5,C,37,GLU,-0.975,0.107,0.013,96.5,H,38,GLU,-0.936,0.563,0.234,97.56,C,38,GLU,-1.037,0.618,0.055,97.56,O,36,ASN,-0.881,0.323,0.374,97.0,H,38,GLU,-0.838,0.492,-0.071,97.56,H,37,GLU,-1.125,0.068,0.178,96.5,C,37,GLU,-1.101,0.118,-0.073,96.5,H,39,GLN,-0.763,0.42,0.268,97.94,C,36,ASN,-0.922,0.078,0.252,97.0,O,37,GLU,-0.789,0.223,-0.085,96.5,H,36,ASN,-1.136,0.216,0.398,97.0,C,38,GLU,-0.697,0.435,0.09,97.56,N,39,GLN,-0.677,0.374,0.202,97.94
39,GLN,-0.763,0.42,0.268,97.94,N,39,GLN,-0.677,0.374,0.202,97.94,O,36,ASN,-0.881,0.323,0.374,97.0,C,38,GLU,-0.697,0.435,0.09,97.56,H,39,GLN,-0.693,0.464,0.479,97.94,H,38,GLU,-0.936,0.563,0.234,97.56,C,39,GLN,-0.544,0.347,0.256,97.94,C,38,GLU,-0.841,0.454,0.042,97.56,C,38,GLU,-0.907,0.569,0.118,97.56,H,39,GLN,-0.492,0.455,0.267,97.94,N,38,GLU,-0.918,0.331,0.058,97.56,C,39,GLN,-0.554,0.288,0.397,97.94,C,39,GLN,-0.606,0.385,0.502,97.94,O,38,GLU,-0.603,0.481,0.024,97.56,H,38,GLU,-0.835,0.665,0.11,97.56,C,36,ASN,-0.951,0.284,0.469,97.0,H,38,GLU,-1.023,0.343,0.112,97.56,H,39,GLN,-0.613,0.186,0.414,97.94,O,36,ASN,-0.801,0.082,0.23,97.0,H,40,ARG,-0.623,0.11,0.188,98.06,H,38,GLU,-0.838,0.492,-0.071,97.56
40,ARG,-0.623,0.11,0.188,98.06,N,40,ARG,-0.531,0.152,0.128,98.06,O,36,ASN,-0.801,0.082,0.23,97.0,C,39,GLN,-0.465,0.254,0.165,97.94,C,40,ARG,-0.468,0.056,0.038,98.06,H,39,GLN,-0.613,0.186,0.414,97.94,H,40,ARG,-0.586,-0.122,0.101,98.06,C,40,ARG,-0.566,-0.056,0.003,98.06,C,39,GLN,-0.544,0.347,0.256,97.94,H,40,ARG,-0.668,-0.009,-0.039,98.06,H,35,LEU,-0.576,-0.053,0.395,97.62,N,39,GLN,-0.677,0.374,0.202,97.94,C,39,GLN,-0.554,0.288,0.397,97.94,H,40,ARG,-0.373,0.01,0.091,98.06,C,36,ASN,-0.922,0.078,0.252,97.0,H,41,ASN,-0.594,0.26,-0.097,97.31,O,39,GLN,-0.348,0.28,0.135,97.94,O,37,GLU,-0.789,0.223,-0.085,96.5,H,39,GLN,-0.438,0.277,0.424,97.94,C,40,ARG,-0.419,0.124,-0.089,98.06,C,38,GLU,-0.697,0.435,0.09,97.56
41,ASN,-0.594,0.26,-0.097,97.31,N,41,ASN,-0.507,0.203,-0.152,97.31,O,37,GLU,-0.789,0.223,-0.085,96.5,C,41,ASN,-0.474,0.272,-0.276,97.31,C,40,ARG,-0.419,0.124,-0.089,98.06,C,41,ASN,-0.596,0.344,-0.332,97.31,O,38,GLU,-0.603,0.481,0.024,97.56,N,40,ARG,-0.531,0.152,0.128,98.06,H,41,ASN,-0.649,0.439,-0.282,97.31,C,40,ARG,-0.468,0.056,0.038,98.06,C,38,GLU,-0.697,0.435,0.09,97.56,H,40,ARG,-0.668,-0.009,-0.039,98.06,C,39,GLN,-0.465,0.254,0.165,97.94,H,42,ALA,-0.451,0.51,-0.152,98.0,N,42,ALA,-0.36,0.433,-0.144,98.0,C,41,ASN,-0.358,0.37,-0.257,97.31,C,37,GLU,-0.886,0.229,-0.009,96.5,H,41,ASN,-0.447,0.195,-0.363,97.31,C,41,ASN,-0.7,0.249,-0.39,97.31,H,40,ARG,-0.623,0.11,0.188,98.06,O,40,ARG,-0.304,0.107,-0.129,98.06
42,ALA,-0.451,0.51,-0.152,98.0,N,42,ALA,-0.36,0.433,-0.144,98.0,C,41,ASN,-0.358,0.37,-0.257,97.31,C,42,ALA,-0.251,0.525,-0.114,98.0,O,38,GLU,-0.603,0.481,0.024,97.56,H,42,ALA,-0.245,0.617,-0.19,98.0,H,41,ASN,-0.649,0.439,-0.282,97.31,H,42,ALA,-0.365,0.676,0.014,98.0,C,42,ALA,-0.276,0.596,0.019,98.0,C,41,ASN,-0.474,0.272,-0.276,97.31,C,41,ASN,-0.596,0.344,-0.332,97.31,O,41,ASN,-0.274,0.386,-0.345,97.31,H,41,ASN,-0.594,0.26,-0.097,97.31,N,41,ASN,-0.507,0.203,-0.152,97.31,H,41,ASN,-0.562,0.393,-0.436,97.31,H,42,ALA,-0.282,0.562,0.134,98.0,C,42,ALA,-0.117,0.453,-0.111,98.0,C,38,GLU,-0.697,0.435,0.09,97.56,H,42,ALA,-0.185,0.674,0.033,98.0,H,41,ASN,-0.447,0.195,-0.363,97.31,O,39,GLN,-0.348,0.28,0.135,97.94
43,PHE,-0.133,0.368,0.067,98.12,N,43,PHE,-0.112,0.335,-0.046,98.12,C,42,ALA,-0.117,0.453,-0.111,98.0,C,43,PHE,0.011,0.257,-0.042,98.12,H,43,PHE,0.093,0.333,0.001,98.12,O,39,GLN,-0.348,0.28,0.135,97.94,H,42,ALA,-0.282,0.562,0.134,98.0,C,43,PHE,-0.005,0.136,0.051,98.12,C,42,ALA,-0.251,0.525,-0.114,98.0,C,42,ALA,-0.276,0.596,0.019,98.0,C,43,PHE,0.01,0.17,0.197,98.12,H,43,PHE,-0.109,0.085,0.031,98.12,O,42,ALA,-0.018,0.502,-0.166,98.0,C,43,PHE,-0.1,0.16,0.282,98.12,H,43,PHE,-0.21,0.132,0.253,98.12,H,42,ALA,-0.185,0.674,0.033,98.0,N,42,ALA,-0.36,0.433,-0.144,98.0,C,43,PHE,0.051,0.211,-0.182,98.12,H,44,ILE,-0.161,0.195,-0.245,96.62,C,43,PHE,0.132,0.21,0.249,98.12,C,39,GLN,-0.465,0.254,0.165,97.94
44,ILE,-0.161,0.195,-0.245,96.62,N,44,ILE,-0.048,0.166,-0.26,96.62,O,40,ARG,-0.304,0.107,-0.129,98.06,C,44,ILE,-0.022,0.115,-0.394,96.62,C,43,PHE,0.051,0.211,-0.182,98.12,O,41,ASN,-0.274,0.386,-0.345,97.31,H,45,GLN,-0.053,0.379,-0.363,96.5,N,43,PHE,-0.112,0.335,-0.046,98.12,H,44,ILE,-0.241,0.132,-0.473,96.62,C,44,ILE,-0.149,0.057,-0.459,96.62,C,41,ASN,-0.358,0.37,-0.257,97.31,H,44,ILE,-0.242,-0.055,-0.269,96.62,C,43,PHE,0.011,0.257,-0.042,98.12,C,42,ALA,-0.117,0.453,-0.111,98.0,C,44,ILE,-0.198,-0.065,-0.379,96.62,H,43,PHE,-0.109,0.085,0.031,98.12,N,45,GLN,-0.02,0.341,-0.47,96.5,C,44,ILE,0.035,0.227,-0.482,96.62,H,41,ASN,-0.447,0.195,-0.363,97.31,C,40,ARG,-0.419,0.124,-0.089,98.06,H,44,ILE,0.069,0.039,-0.386,96.62
45,GLN,-0.053,0.379,-0.363,96.5,N,45,GLN,-0.02,0.341,-0.47,96.5,C,44,ILE,0.035,0.227,-0.482,96.62,C,45,GLN,0.03,0.456,-0.547,96.5,O,41,ASN,-0.274,0.386,-0.345,97.31,O,42,ALA,-0.018,0.502,-0.166,98.0,N,44,ILE,-0.048,0.166,-0.26,96.62,H,45,GLN,-0.093,0.61,-0.416,96.5,H,44,ILE,-0.161,0.195,-0.245,96.62,C,45,GLN,-0.06,0.577,-0.526,96.5,C,44,ILE,-0.022,0.115,-0.394,96.62,C,43,PHE,0.051,0.211,-0.182,98.12,C,42,ALA,-0.117,0.453,-0.111,98.0,N,46,SER,0.195,0.493,-0.38,96.75,H,46,SER,0.135,0.584,-0.334,96.75,C,45,GLN,0.173,0.489,-0.508,96.5,H,45,GLN,-0.169,0.564,-0.574,96.5,H,45,GLN,0.008,0.427,-0.66,96.5,O,43,PHE,0.168,0.219,-0.219,98.12,O,44,ILE,0.132,0.206,-0.555,96.62,C,41,ASN,-0.358,0.37,-0.257,97.31
46,SER,0.135,0.584,-0.334,96.75,N,46,SER,0.195,0.493,-0.38,96.75,C,45,GLN,0.173,0.489,-0.508,96.5,C,46,SER,0.33,0.521,-0.332,96.75,H,46,SER,0.365,0.632,-0.361,96.75,O,42,ALA,-0.018,0.502,-0.166,98.0,H,45,GLN,-0.093,0.61,-0.416,96.5,O,46,SER,0.259,0.635,-0.13,96.75,C,46,SER,0.333,0.525,-0.179,96.75,C,45,GLN,0.03,0.456,-0.547,96.5,C,45,GLN,-0.06,0.577,-0.526,96.5,H,45,GLN,-0.053,0.379,-0.363,96.5,O,45,GLN,0.256,0.518,-0.595,96.5,H,46,SER,0.288,0.447,-0.102,96.75,H,45,GLN,0.095,0.737,-0.601,96.5,N,45,GLN,-0.02,0.341,-0.47,96.5,C,45,GLN,-0.018,0.7,-0.606,96.5,C,46,SER,0.43,0.419,-0.384,96.75,H,46,SER,0.327,0.708,-0.067,96.75,H,46,SER,0.446,0.555,-0.155,96.75,C,42,ALA,-0.117,0.453,-0.111,98.0
47,LEU,0.342,0.266,-0.282,94.69,N,47,LEU,0.387,0.291,-0.388,94.69,O,43,PHE,0.168,0.219,-0.219,98.12,C,46,SER,0.43,0.419,-0.384,96.75,H,57,LEU,0.47,0.196,-0.122,97.81,C,47,LEU,0.471,0.184,-0.441,94.69,H,47,LEU,0.374,0.033,-0.302,94.69,C,46,SER,0.33,0.521,-0.332,96.75,H,46,SER,0.288,0.447,-0.102,96.75,C,47,LEU,0.406,0.048,-0.416,94.69,H,47,LEU,0.579,0.203,-0.395,94.69,C,46,SER,0.333,0.525,-0.179,96.75,N,46,SER,0.195,0.493,-0.38,96.75,C,57,LEU,0.581,0.236,-0.108,97.81,H,47,LEU,0.311,0.046,-0.488,94.69,O,46,SER,0.543,0.454,-0.419,96.75,H,57,LEU,0.606,0.347,-0.146,97.81,C,43,PHE,0.051,0.211,-0.182,98.12,H,46,SER,0.446,0.555,-0.155,96.75,H,48,LYS,0.298,0.293,-0.624,91.38,O,44,ILE,0.132,0.206,-0.555,96.62
48,LYS,0.298,0.293,-0.624,91.38,N,48,LYS,0.401,0.248,-0.66,91.38,O,44,ILE,0.132,0.206,-0.555,96.62,C,48,LYS,0.414,0.275,-0.804,91.38,C,47,LEU,0.496,0.203,-0.59,94.69,O,45,GLN,0.256,0.518,-0.595,96.5,C,48,LYS,0.277,0.302,-0.866,91.38,N,47,LEU,0.387,0.291,-0.388,94.69,H,49,ASP,0.448,0.504,-0.636,93.56,C,45,GLN,0.173,0.489,-0.508,96.5,H,48,LYS,0.226,0.408,-0.848,91.38,H,48,LYS,0.189,0.105,-0.785,91.38,C,47,LEU,0.471,0.184,-0.441,94.69,H,47,LEU,0.311,0.046,-0.488,94.69,C,48,LYS,0.189,0.179,-0.878,91.38,C,46,SER,0.43,0.419,-0.384,96.75,N,49,ASP,0.494,0.491,-0.744,93.56,C,44,ILE,0.035,0.227,-0.482,96.62,C,48,LYS,0.508,0.392,-0.83,91.38,H,48,LYS,0.465,0.186,-0.864,91.38,H,45,GLN,0.008,0.427,-0.66,96.5
49,ASP,0.448,0.504,-0.636,93.56,N,49,ASP,0.494,0.491,-0.744,93.56,O,45,GLN,0.256,0.518,-0.595,96.5,C,49,ASP,0.576,0.612,-0.758,93.56,C,48,LYS,0.508,0.392,-0.83,91.38,C,49,ASP,0.527,0.721,-0.663,93.56,O,46,SER,0.543,0.454,-0.419,96.75,H,50,ASP,0.683,0.441,-0.552,94.19,H,48,LYS,0.298,0.293,-0.624,91.38,H,49,ASP,0.543,0.729,-0.545,93.56,N,48,LYS,0.401,0.248,-0.66,91.38,C,46,SER,0.43,0.419,-0.384,96.75,C,48,LYS,0.414,0.275,-0.804,91.38,C,49,ASP,0.396,0.783,-0.707,93.56,N,50,ASP,0.745,0.492,-0.637,94.19,C,49,ASP,0.723,0.582,-0.733,93.56,C,45,GLN,0.173,0.489,-0.508,96.5,H,49,ASP,0.576,0.652,-0.871,93.56,C,47,LEU,0.496,0.203,-0.59,94.69,H,46,SER,0.365,0.632,-0.361,96.75,H,48,LYS,0.226,0.408,-0.848,91.38
50,ASP,0.683,0.441,-0.552,94.19,N,50,ASP,0.745,0.492,-0.637,94.19,O,46,SER,0.543,0.454,-0.419,96.75,C,50,ASP,0.881,0.454,-0.602,94.19,C,49,ASP,0.723,0.582,-0.733,93.56,C,50,ASP,0.888,0.307,-0.561,94.19,H,49,ASP,0.448,0.504,-0.636,93.56,N,49,ASP,0.494,0.491,-0.744,93.56,O,50,ASP,0.876,0.275,-0.442,94.19,O,47,LEU,0.609,0.186,-0.636,94.69,C,50,ASP,0.935,0.543,-0.49,94.19,H,50,ASP,0.881,0.551,-0.383,94.19,C,49,ASP,0.576,0.612,-0.758,93.56,H,47,LEU,0.579,0.203,-0.395,94.69,C,46,SER,0.43,0.419,-0.384,96.75,C,47,LEU,0.496,0.203,-0.59,94.69,H,50,ASP,0.959,0.483,-0.687,94.19,H,49,ASP,0.543,0.729,-0.545,93.56,C,48,LYS,0.508,0.392,-0.83,91.38,N,51,PRO,0.905,0.213,-0.654,92.25,H,50,ASP,0.938,0.656,-0.53,94.19
52,SER,1.17,0.16,-0.635,94.0,N,52,SER,1.132,0.11,-0.533,94.0,C,52,SER,1.248,0.078,-0.451,94.0,C,51,PRO,1.024,0.028,-0.535,92.25,H,52,SER,1.397,0.189,-0.593,94.0,H,51,PRO,1.039,0.009,-0.775,92.25,C,52,SER,1.362,0.175,-0.479,94.0,N,51,PRO,0.905,0.213,-0.654,92.25,H,51,PRO,1.013,0.28,-0.826,92.25,C,51,PRO,0.907,0.069,-0.625,92.25,H,52,SER,1.306,-0.024,-0.468,94.0,O,52,SER,1.328,0.307,-0.44,94.0,O,50,ASP,1.145,0.435,-0.527,94.19,C,51,PRO,0.92,0.005,-0.764,92.25,H,53,GLN,1.082,0.244,-0.336,95.31,C,51,PRO,0.902,0.245,-0.797,92.25,O,51,PRO,1.017,-0.074,-0.467,92.25,C,50,ASP,0.888,0.307,-0.561,94.19,C,52,SER,1.213,0.081,-0.303,94.0,H,22,GLN,1.217,-0.158,-0.801,94.69,H,52,SER,1.463,0.143,-0.422,94.0
53,GLN,1.082,0.244,-0.336,95.31,N,53,GLN,1.098,0.15,-0.266,95.31,C,52,SER,1.213,0.081,-0.303,94.0,C,53,GLN,1.056,0.162,-0.127,95.31,H,53,GLN,1.166,0.42,-0.214,95.31,O,50,ASP,0.876,0.275,-0.442,94.19,N,52,SER,1.132,0.11,-0.533,94.0,C,53,GLN,0.994,0.3,-0.101,95.31,H,53,GLN,0.904,0.334,-0.17,95.31,C,52,SER,1.248,0.078,-0.451,94.0,O,52,SER,1.328,0.307,-0.44,94.0,C,53,GLN,1.091,0.415,-0.121,95.31,O,50,ASP,1.145,0.435,-0.527,94.19,C,51,PRO,1.024,0.028,-0.535,92.25,C,50,ASP,0.888,0.307,-0.561,94.19,C,50,ASP,1.083,0.523,-0.464,94.19,H,53,GLN,1.146,0.143,-0.052,95.31,H,54,SER,1.033,-0.061,-0.248,95.88,O,52,SER,1.284,0.022,-0.22,94.0,C,52,SER,1.362,0.175,-0.479,94.0,H,52,SER,1.17,0.16,-0.635,94.0
54,SER,1.033,-0.061,-0.248,95.88,N,54,SER,0.943,-0.047,-0.173,95.88,H,54,SER,1.067,-0.25,-0.216,95.88,C,53,GLN,0.956,0.053,-0.09,95.31,O,51,PRO,1.017,-0.074,-0.467,92.25,N,53,GLN,1.098,0.15,-0.266,95.31,C,54,SER,0.841,-0.15,-0.155,95.88,C,52,SER,1.213,0.081,-0.303,94.0,C,53,GLN,1.056,0.162,-0.127,95.31,O,54,SER,0.981,-0.319,-0.258,95.88,C,54,SER,0.855,-0.257,-0.264,95.88,O,52,SER,1.284,0.022,-0.22,94.0,H,55,ALA,1.078,-0.197,-0.0,96.56,C,51,PRO,1.024,0.028,-0.535,92.25,H,54,SER,0.828,-0.244,-0.379,95.88,H,53,GLN,1.146,0.143,-0.052,95.31,H,54,SER,0.738,-0.095,-0.138,95.88,H,53,GLN,1.082,0.244,-0.336,95.31,O,53,GLN,0.887,0.063,0.012,95.31,C,52,SER,1.248,0.078,-0.451,94.0,C,54,SER,0.852,-0.215,-0.018,95.88
55,ALA,1.078,-0.197,-0.0,96.56,N,55,ALA,0.973,-0.239,0.036,96.56,C,55,ALA,0.992,-0.304,0.165,96.56,H,54,SER,1.067,-0.25,-0.216,95.88,C,54,SER,0.852,-0.215,-0.018,95.88,H,55,ALA,1.24,-0.288,0.142,96.56,C,55,ALA,1.14,-0.337,0.187,96.56,H,56,ASN,1.087,-0.064,0.227,97.62,N,54,SER,0.943,-0.047,-0.173,95.88,H,54,SER,1.033,-0.061,-0.248,95.88,C,54,SER,0.841,-0.15,-0.155,95.88,C,53,GLN,0.956,0.053,-0.09,95.31,O,54,SER,0.981,-0.319,-0.258,95.88,H,55,ALA,0.941,-0.411,0.168,96.56,H,55,ALA,1.161,-0.45,0.154,96.56,C,55,ALA,0.941,-0.217,0.279,96.56,N,56,ASN,0.982,-0.09,0.277,97.62,O,53,GLN,0.887,0.063,0.012,95.31,O,54,SER,0.75,-0.242,0.047,95.88,H,55,ALA,1.171,-0.342,0.303,96.56,H,53,GLN,1.146,0.143,-0.052,95.31
56,ASN,1.087,-0.064,0.227,97.62,N,56,ASN,0.982,-0.09,0.277,97.62,C,55,ALA,0.941,-0.217,0.279,96.56,C,56,ASN,0.938,0.003,0.38,97.62,O,56,ASN,1.218,0.022,0.407,97.62,C,56,ASN,1.012,0.137,0.366,97.62,H,55,ALA,1.078,-0.197,-0.0,96.56,C,55,ALA,0.992,-0.304,0.165,96.56,H,56,ASN,1.025,0.201,0.267,97.62,C,56,ASN,1.156,0.129,0.411,97.62,C,55,ALA,1.14,-0.337,0.187,96.56,N,55,ALA,0.973,-0.239,0.036,96.56,H,55,ALA,1.24,-0.288,0.142,96.56,H,56,ASN,0.97,-0.038,0.487,97.62,H,55,ALA,1.171,-0.342,0.303,96.56,O,53,GLN,0.887,0.063,0.012,95.31,O,55,ALA,0.869,-0.265,0.368,96.56,C,56,ASN,0.788,0.025,0.376,97.62,H,53,GLN,1.146,0.143,-0.052,95.31,H,57,LEU,0.792,0.133,0.215,97.81,C,53,GLN,0.956,0.053,-0.09,95.31
57,LEU,0.792,0.133,0.215,97.81,N,57,LEU,0.733,0.04,0.258,97.81,C,56,ASN,0.788,0.025,0.376,97.62,C,57,LEU,0.59,0.062,0.243,97.81,H,57,LEU,0.707,0.274,0.064,97.81,O,53,GLN,0.887,0.063,0.012,95.31,H,56,ASN,1.025,0.201,0.267,97.62,H,57,LEU,0.559,0.149,0.318,97.81,C,56,ASN,0.938,0.003,0.38,97.62,C,56,ASN,1.012,0.137,0.366,97.62,C,57,LEU,0.556,0.093,0.096,97.81,C,57,LEU,0.599,0.229,0.044,97.81,O,56,ASN,0.721,0.025,0.48,97.62,N,56,ASN,0.982,-0.09,0.277,97.62,H,56,ASN,0.966,0.211,0.449,97.62,H,57,LEU,0.587,0.001,0.028,97.81,H,53,GLN,0.955,0.319,0.01,95.31,H,57,LEU,0.542,0.365,0.228,97.81,H,58,LEU,0.669,-0.187,0.225,97.94,C,57,LEU,0.51,-0.059,0.29,97.81,H,56,ASN,1.087,-0.064,0.227,97.62
58,LEU,0.669,-0.187,0.225,97.94,N,58,LEU,0.555,-0.178,0.254,97.94,O,54,SER,0.75,-0.242,0.047,95.88,C,57,LEU,0.51,-0.059,0.29,97.81,C,58,LEU,0.489,-0.3,0.298,97.94,N,57,LEU,0.733,0.04,0.258,97.81,H,58,LEU,0.673,-0.429,0.274,97.94,O,55,ALA,0.869,-0.265,0.368,96.56,C,58,LEU,0.559,-0.423,0.24,97.94,C,57,LEU,0.59,0.062,0.243,97.81,H,59,ALA,0.709,-0.27,0.475,98.31,H,58,LEU,0.56,-0.413,0.122,97.94,C,55,ALA,0.941,-0.217,0.279,96.56,H,57,LEU,0.587,0.001,0.028,97.81,C,56,ASN,0.788,0.025,0.376,97.62,C,54,SER,0.852,-0.215,-0.018,95.88,H,58,LEU,0.381,-0.286,0.252,97.94,N,59,ALA,0.599,-0.283,0.515,98.31,C,58,LEU,0.488,-0.309,0.451,97.94,O,57,LEU,0.407,-0.044,0.356,97.81,C,57,LEU,0.556,0.093,0.096,97.81
59,ALA,0.709,-0.27,0.475,98.31,N,59,ALA,0.599,-0.283,0.515,98.31,O,55,ALA,0.869,-0.265,0.368,96.56,C,59,ALA,0.607,-0.286,0.661,98.31,C,58,LEU,0.488,-0.309,0.451,97.94,C,59,ALA,0.75,-0.253,0.707,98.31,H,59,ALA,0.836,-0.327,0.669,98.31,H,58,LEU,0.673,-0.429,0.274,97.94,H,58,LEU,0.669,-0.187,0.225,97.94,H,59,ALA,0.594,-0.398,0.698,98.31,C,58,LEU,0.489,-0.3,0.298,97.94,N,58,LEU,0.555,-0.178,0.254,97.94,H,59,ALA,0.809,-0.15,0.722,98.31,O,56,ASN,0.721,0.025,0.48,97.62,C,55,ALA,0.941,-0.217,0.279,96.56,H,60,GLU,0.608,-0.027,0.647,98.38,C,58,LEU,0.559,-0.423,0.24,97.94,C,56,ASN,0.788,0.025,0.376,97.62,C,59,ALA,0.508,-0.188,0.724,98.31,O,58,LEU,0.384,-0.34,0.511,97.94,C,57,LEU,0.51,-0.059,0.29,97.81
60,GLU,0.608,-0.027,0.647,98.38,N,60,GLU,0.503,-0.072,0.675,98.38,C,59,ALA,0.508,-0.188,0.724,98.31,O,56,ASN,0.721,0.025,0.48,97.62,C,60,GLU,0.41,0.029,0.726,98.38,H,60,GLU,0.681,0.196,0.695,98.38,H,59,ALA,0.809,-0.15,0.722,98.31,C,60,GLU,0.434,0.163,0.657,98.38,C,59,ALA,0.607,-0.286,0.661,98.31,C,60,GLU,0.566,0.229,0.695,98.38,H,60,GLU,0.438,0.047,0.84,98.38,C,59,ALA,0.75,-0.253,0.707,98.31,N,59,ALA,0.599,-0.283,0.515,98.31,H,60,GLU,0.429,0.183,0.54,98.38,O,59,ALA,0.44,-0.222,0.821,98.31,H,59,ALA,0.709,-0.27,0.475,98.31,C,56,ASN,0.788,0.025,0.376,97.62,H,60,GLU,0.557,0.265,0.809,98.38,H,59,ALA,0.752,-0.285,0.823,98.31,C,60,GLU,0.265,-0.015,0.707,98.38,H,61,ALA,0.288,-0.003,0.503,98.19
61,ALA,0.288,-0.003,0.503,98.19,N,61,ALA,0.236,-0.064,0.589,98.19,O,57,LEU,0.407,-0.044,0.356,97.81,C,60,GLU,0.265,-0.015,0.707,98.38,C,61,ALA,0.101,-0.111,0.561,98.19,H,60,GLU,0.429,0.183,0.54,98.38,H,61,ALA,0.111,-0.068,0.344,98.19,C,60,GLU,0.41,0.029,0.726,98.38,C,61,ALA,0.09,-0.16,0.416,98.19,C,60,GLU,0.434,0.163,0.657,98.38,H,61,ALA,0.027,-0.02,0.578,98.19,N,60,GLU,0.503,-0.072,0.675,98.38,H,61,ALA,0.169,-0.248,0.401,98.19,C,43,PHE,0.145,0.241,0.384,98.12,O,60,GLU,0.183,0.003,0.797,98.38,C,57,LEU,0.51,-0.059,0.29,97.81,H,60,GLU,0.351,0.235,0.704,98.38,H,62,LYS,0.261,-0.304,0.666,98.12,C,43,PHE,0.036,0.231,0.468,98.12,O,58,LEU,0.384,-0.34,0.511,97.94,H,60,GLU,0.608,-0.027,0.647,98.38
62,LYS,0.261,-0.304,0.666,98.12,N,62,LYS,0.145,-0.312,0.686,98.12,O,58,LEU,0.384,-0.34,0.511,97.94,C,61,ALA,0.06,-0.223,0.657,98.19,C,62,LYS,0.117,-0.422,0.779,98.12,H,63,LYS,0.274,-0.24,0.905,98.19,C,62,LYS,0.232,-0.523,0.779,98.12,O,59,ALA,0.44,-0.222,0.821,98.31,N,61,ALA,0.236,-0.064,0.589,98.19,H,62,LYS,0.341,-0.495,0.817,98.12,H,62,LYS,0.251,-0.55,0.555,98.12,C,61,ALA,0.101,-0.111,0.561,98.19,C,59,ALA,0.508,-0.188,0.724,98.31,H,61,ALA,0.169,-0.248,0.401,98.19,C,60,GLU,0.265,-0.015,0.707,98.38,N,63,LYS,0.177,-0.284,0.955,98.19,C,62,LYS,0.236,-0.612,0.655,98.12,C,62,LYS,0.093,-0.37,0.92,98.12,H,62,LYS,0.022,-0.487,0.75,98.12,C,58,LEU,0.488,-0.309,0.451,97.94,O,61,ALA,-0.052,-0.224,0.708,98.19
63,LYS,0.274,-0.24,0.905,98.19,N,63,LYS,0.177,-0.284,0.955,98.19,O,59,ALA,0.44,-0.222,0.821,98.31,C,63,LYS,0.16,-0.224,1.087,98.19,C,62,LYS,0.093,-0.37,0.92,98.12,H,63,LYS,0.371,-0.184,1.113,98.19,C,63,LYS,0.27,-0.12,1.112,98.19,H,62,LYS,0.261,-0.304,0.666,98.12,H,63,LYS,0.292,-0.023,1.047,98.19,N,62,LYS,0.145,-0.312,0.686,98.12,C,62,LYS,0.117,-0.422,0.779,98.12,H,62,LYS,0.341,-0.495,0.817,98.12,O,60,GLU,0.183,0.003,0.797,98.38,H,63,LYS,0.18,-0.312,1.165,98.19,C,60,GLU,0.265,-0.015,0.707,98.38,C,59,ALA,0.508,-0.188,0.724,98.31,C,62,LYS,0.232,-0.523,0.779,98.12,C,61,ALA,0.06,-0.223,0.657,98.19,C,63,LYS,0.023,-0.159,1.101,98.19,O,62,LYS,0.004,-0.419,0.991,98.12,H,60,GLU,0.438,0.047,0.84,98.38
64,LEU,0.068,0.011,1.002,98.0,N,64,LEU,-0.007,-0.081,1.004,98.0,C,63,LYS,0.023,-0.159,1.101,98.19,C,64,LEU,-0.137,-0.016,1.005,98.0,H,64,LEU,-0.064,0.164,0.898,98.0,H,63,LYS,0.292,-0.023,1.047,98.19,H,64,LEU,-0.135,0.044,1.108,98.0,O,60,GLU,0.183,0.003,0.797,98.38,C,64,LEU,-0.15,0.081,0.887,98.0,C,63,LYS,0.27,-0.12,1.112,98.19,C,63,LYS,0.16,-0.224,1.087,98.19,H,64,LEU,-0.124,0.025,0.785,98.0,O,63,LYS,-0.045,-0.178,1.202,98.19,H,63,LYS,0.177,-0.006,1.29,98.19,N,63,LYS,0.177,-0.284,0.955,98.19,C,63,LYS,0.273,-0.068,1.255,98.19,H,65,ASN,-0.121,-0.246,0.89,97.88,H,63,LYS,0.274,-0.24,0.905,98.19,C,64,LEU,-0.25,-0.119,1.001,98.0,C,60,GLU,0.265,-0.015,0.707,98.38,H,63,LYS,0.371,-0.184,1.113,98.19
65,ASN,-0.121,-0.246,0.89,97.88,N,65,ASN,-0.233,-0.219,0.915,97.88,O,61,ALA,-0.052,-0.224,0.708,98.19,C,64,LEU,-0.25,-0.119,1.001,98.0,C,65,ASN,-0.329,-0.327,0.907,97.88,N,64,LEU,-0.007,-0.081,1.004,98.0,O,62,LYS,0.004,-0.419,0.991,98.12,C,62,LYS,0.093,-0.37,0.92,98.12,C,64,LEU,-0.137,-0.016,1.005,98.0,H,66,ASP,-0.141,-0.368,1.117,97.69,C,65,ASN,-0.283,-0.433,0.806,97.88,H,65,ASN,-0.194,-0.495,0.854,97.88,C,63,LYS,0.023,-0.159,1.101,98.19,H,65,ASN,-0.263,-0.386,0.699,97.88,H,64,LEU,-0.124,0.025,0.785,98.0,C,61,ALA,0.06,-0.223,0.657,98.19,N,63,LYS,0.177,-0.284,0.955,98.19,H,35,LEU,-0.334,-0.144,0.693,97.62,N,66,ASP,-0.247,-0.421,1.112,97.69,H,62,LYS,0.022,-0.487,0.75,98.12,H,65,ASN,-0.433,-0.277,0.878,97.88
66,ASP,-0.141,-0.368,1.117,97.69,N,66,ASP,-0.247,-0.421,1.112,97.69,O,62,LYS,0.004,-0.419,0.991,98.12,C,66,ASP,-0.254,-0.483,1.245,97.69,C,65,ASN,-0.354,-0.391,1.044,97.88,O,63,LYS,-0.045,-0.178,1.202,98.19,C,66,ASP,-0.114,-0.52,1.294,97.69,H,65,ASN,-0.121,-0.246,0.89,97.88,H,66,ASP,-0.018,-0.458,1.331,97.69,C,63,LYS,0.023,-0.159,1.101,98.19,N,65,ASN,-0.233,-0.219,0.915,97.88,H,67,ALA,-0.18,-0.26,1.374,97.38,C,65,ASN,-0.329,-0.327,0.907,97.88,N,67,ALA,-0.293,-0.268,1.337,97.38,C,66,ASP,-0.322,-0.391,1.345,97.69,C,64,LEU,-0.25,-0.119,1.001,98.0,H,65,ASN,-0.194,-0.495,0.854,97.88,C,66,ASP,-0.052,-0.636,1.217,97.69,H,66,ASP,-0.312,-0.586,1.24,97.69,C,62,LYS,0.093,-0.37,0.92,98.12,H,63,LYS,0.18,-0.312,1.165,98.19
67,ALA,-0.18,-0.26,1.374,97.38,N,67,ALA,-0.293,-0.268,1.337,97.38,C,66,ASP,-0.322,-0.391,1.345,97.69,C,67,ALA,-0.351,-0.169,1.427,97.38,O,63,LYS,-0.045,-0.178,1.202,98.19,H,67,ALA,-0.335,-0.198,1.542,97.38,H,67,ALA,-0.171,-0.015,1.426,97.38,C,67,ALA,-0.288,-0.032,1.405,97.38,H,66,ASP,-0.018,-0.458,1.331,97.69,C,66,ASP,-0.254,-0.483,1.245,97.69,C,66,ASP,-0.114,-0.52,1.294,97.69,H,66,ASP,-0.141,-0.368,1.117,97.69,O,66,ASP,-0.397,-0.437,1.432,97.69,N,66,ASP,-0.247,-0.421,1.112,97.69,H,66,ASP,-0.135,-0.579,1.397,97.69,H,67,ALA,-0.32,0.045,1.32,97.38,C,67,ALA,-0.503,-0.16,1.409,97.38,H,67,ALA,-0.326,0.032,1.499,97.38,H,68,GLN,-0.483,-0.211,1.2,96.62,C,63,LYS,0.023,-0.159,1.101,98.19,H,66,ASP,-0.312,-0.586,1.24,97.69
68,GLN,-0.483,-0.211,1.2,96.62,N,68,GLN,-0.548,-0.197,1.298,96.62,O,64,LEU,-0.351,-0.104,1.07,98.0,C,67,ALA,-0.503,-0.16,1.409,97.38,C,68,GLN,-0.689,-0.183,1.267,96.62,O,65,ASN,-0.468,-0.414,1.083,97.88,N,67,ALA,-0.293,-0.268,1.337,97.38,C,68,GLN,-0.709,-0.125,1.127,96.62,H,68,GLN,-0.674,-0.183,1.029,96.62,C,67,ALA,-0.351,-0.169,1.427,97.38,C,65,ASN,-0.354,-0.391,1.044,97.88,H,68,GLN,-0.571,0.052,1.187,96.62,C,66,ASP,-0.322,-0.391,1.345,97.69,C,68,GLN,-0.658,0.018,1.112,96.62,C,68,GLN,-0.761,-0.318,1.278,96.62,N,69,ALA,-0.687,-0.421,1.306,95.06,C,64,LEU,-0.25,-0.119,1.001,98.0,H,68,GLN,-0.753,-0.12,1.347,96.62,H,69,ALA,-0.636,-0.406,1.412,95.06,H,67,ALA,-0.32,0.045,1.32,97.38,N,66,ASP,-0.247,-0.421,1.112,97.69
69,ALA,-0.636,-0.406,1.412,95.06,N,69,ALA,-0.687,-0.421,1.306,95.06,C,68,GLN,-0.761,-0.318,1.278,96.62,C,69,ALA,-0.745,-0.555,1.321,95.06,O,66,ASP,-0.397,-0.437,1.432,97.69,O,69,ALA,-0.826,-0.491,1.538,95.06,N,68,GLN,-0.548,-0.197,1.298,96.62,C,69,ALA,-0.845,-0.558,1.437,95.06,C,69,ALA,-0.636,-0.658,1.344,95.06,C,68,GLN,-0.689,-0.183,1.267,96.62,C,67,ALA,-0.503,-0.16,1.409,97.38,H,69,ALA,-0.516,-0.652,1.345,95.06,H,69,ALA,-0.646,-0.699,1.457,95.06,O,67,ALA,-0.575,-0.128,1.504,97.38,H,69,ALA,-0.784,-0.57,1.21,95.06,O,68,GLN,-0.881,-0.327,1.253,96.62,H,68,GLN,-0.753,-0.12,1.347,96.62,C,66,ASP,-0.322,-0.391,1.345,97.69,H,68,GLN,-0.483,-0.211,1.2,96.62,O,65,ASN,-0.468,-0.414,1.083,97.88,C,67,ALA,-0.351,-0.169,1.427,97.38
71,LYS,-1.085,-0.546,1.769,83.75,N,71,LYS,-1.005,-0.634,1.759,83.75,C,70,PRO,-1.005,-0.7,1.644,92.12,C,71,LYS,-0.963,-0.69,1.888,83.75,H,70,PRO,-1.11,-0.526,1.534,92.12,H,71,LYS,-1.054,-0.528,2.017,83.75,C,71,LYS,-0.949,-0.579,1.992,83.75,C,70,PRO,-1.06,-0.634,1.519,92.12,H,71,LYS,-0.859,-0.419,1.86,83.75,O,71,LYS,-1.183,-0.783,1.916,83.75,C,71,LYS,-1.062,-0.795,1.936,83.75,C,71,LYS,-0.839,-0.479,1.961,83.75,O,70,PRO,-0.928,-0.797,1.634,92.12,H,71,LYS,-0.87,-0.764,1.884,83.75,O,69,ALA,-0.826,-0.491,1.538,95.06,C,70,PRO,-1.166,-0.721,1.452,92.12,H,71,LYS,-0.925,-0.64,2.092,83.75,H,70,PRO,-1.277,-0.682,1.478,92.12,N,70,PRO,-0.959,-0.618,1.414,92.12,H,71,LYS,-0.736,-0.537,1.951,83.75,C,69,ALA,-0.845,-0.558,1.437,95.06
